Episode,Reward,Actor Loss,Critic Loss
1,49.61735916137695,0.591448962688446,1.3563296794891357
2,48.80186080932617,0.591448962688446,1.3563296794891357
3,47.84797668457031,0.591448962688446,1.3563296794891357
4,48.399627685546875,0.591448962688446,1.3563296794891357
5,45.11846160888672,0.9795820713043213,1.4963246583938599
6,44.401832580566406,0.9795820713043213,1.4963246583938599
7,49.09309387207031,0.9795820713043213,1.4963246583938599
8,49.4989013671875,0.9795820713043213,1.4963246583938599
9,50.4488410949707,0.21346619725227356,16.421897888183594
10,47.587059020996094,0.21346619725227356,16.421897888183594
11,30.3514404296875,0.21346619725227356,16.421897888183594
12,46.92688751220703,0.21346619725227356,16.421897888183594
13,51.16901397705078,1.0373353958129883,1.6861424446105957
14,52.001487731933594,1.0373353958129883,1.6861424446105957
15,42.54567337036133,1.0373353958129883,1.6861424446105957
16,37.628143310546875,1.0373353958129883,1.6861424446105957
17,43.12152099609375,0.7626901268959045,1.0500763654708862
18,49.91679763793945,0.7626901268959045,1.0500763654708862
19,44.99725341796875,0.7626901268959045,1.0500763654708862
20,48.84204864501953,0.7626901268959045,1.0500763654708862
21,-5.8559160232543945,0.024320902302861214,13861870.0
22,31.321392059326172,0.024320902302861214,13861870.0
23,17.447830200195312,0.024320902302861214,13861870.0
24,24.805097579956055,0.024320902302861214,13861870.0
25,8.873422622680664,0.024320902302861214,13861870.0
26,-7.742341995239258,0.08913581073284149,67308808.0
27,-7.56235408782959,0.08913581073284149,67308808.0
28,14.207298278808594,0.08913581073284149,67308808.0
29,-11.019449234008789,0.08913581073284149,67308808.0
30,-13.300445556640625,0.08913581073284149,67308808.0
31,-5.815256118774414,0.08913581073284149,67308808.0
32,-8.82147216796875,0.08913581073284149,67308808.0
33,-20.491802215576172,0.309531033039093,160.93394470214844
34,-25.361499786376953,0.309531033039093,160.93394470214844
35,-8.452392578125,0.309531033039093,160.93394470214844
36,-13.726237297058105,0.309531033039093,160.93394470214844
37,-13.803058624267578,0.309531033039093,160.93394470214844
38,-15.429853439331055,0.309531033039093,160.93394470214844
39,-14.93551254272461,0.309531033039093,160.93394470214844
40,-13.372303009033203,0.309531033039093,160.93394470214844
41,-28.159221649169922,0.309531033039093,160.93394470214844
42,-19.38483428955078,0.309531033039093,160.93394470214844
43,-6.725236892700195,0.309531033039093,160.93394470214844
44,-25.006380081176758,0.050042178481817245,20108976.0
45,-18.604618072509766,0.050042178481817245,20108976.0
46,-26.88869857788086,0.050042178481817245,20108976.0
47,-19.901586532592773,0.050042178481817245,20108976.0
48,-16.569292068481445,0.050042178481817245,20108976.0
49,-28.719511032104492,0.050042178481817245,20108976.0
50,-27.79428482055664,0.050042178481817245,20108976.0
51,-27.850494384765625,0.050042178481817245,20108976.0
52,-28.131881713867188,0.050042178481817245,20108976.0
53,-27.806819915771484,0.050042178481817245,20108976.0
54,-28.29241180419922,0.050042178481817245,20108976.0
55,-28.371826171875,0.050042178481817245,20108976.0
56,-28.34553337097168,0.050042178481817245,20108976.0
57,-28.272146224975586,0.050042178481817245,20108976.0
58,-17.7825870513916,0.050042178481817245,20108976.0
59,-28.99694061279297,0.050042178481817245,20108976.0
60,-28.355575561523438,0.050042178481817245,20108976.0
61,-26.739543914794922,0.050042178481817245,20108976.0
62,-23.496288299560547,0.050042178481817245,20108976.0
63,-28.206090927124023,0.050042178481817245,20108976.0
64,-29.64496612548828,0.050042178481817245,20108976.0
65,-27.98927879333496,0.5174817442893982,183237056.0
66,-28.181949615478516,0.5174817442893982,183237056.0
67,-24.77606964111328,0.5174817442893982,183237056.0
68,-28.447004318237305,0.5174817442893982,183237056.0
69,-28.816186904907227,0.5174817442893982,183237056.0
70,-27.972213745117188,0.5174817442893982,183237056.0
71,-27.900638580322266,0.5174817442893982,183237056.0
72,-28.373992919921875,0.5174817442893982,183237056.0
73,-28.452497482299805,0.5174817442893982,183237056.0
74,-28.31968116760254,0.5174817442893982,183237056.0
75,-27.256717681884766,0.5174817442893982,183237056.0
76,-27.121124267578125,0.5174817442893982,183237056.0
77,-27.60916519165039,0.5174817442893982,183237056.0
78,-28.50870704650879,0.5174817442893982,183237056.0
79,-20.157100677490234,0.5174817442893982,183237056.0
80,-28.7552547454834,0.5174817442893982,183237056.0
81,-30.356029510498047,0.5174817442893982,183237056.0
82,-30.12356948852539,0.5174817442893982,183237056.0
83,-28.11335563659668,0.5174817442893982,183237056.0
84,-28.687435150146484,0.5174817442893982,183237056.0
85,-27.149438858032227,0.5174817442893982,183237056.0
86,-27.81060791015625,0.5174817442893982,183237056.0
87,-28.80108642578125,0.5174817442893982,183237056.0
88,-27.754032135009766,0.5174817442893982,183237056.0
89,-28.825458526611328,0.5174817442893982,183237056.0
90,-27.801959991455078,0.5174817442893982,183237056.0
91,-28.424219131469727,0.5174817442893982,183237056.0
92,-28.31185531616211,0.5174817442893982,183237056.0
93,-28.324115753173828,0.5174817442893982,183237056.0
94,-27.76555824279785,0.04998880252242088,115861632.0
95,-28.507062911987305,0.04998880252242088,115861632.0
96,-28.837717056274414,0.04998880252242088,115861632.0
97,-28.380247116088867,0.04998880252242088,115861632.0
98,-29.493986129760742,0.04998880252242088,115861632.0
99,-28.57953643798828,0.04998880252242088,115861632.0
100,-29.083160400390625,0.04998880252242088,115861632.0
101,-28.437393188476562,0.04998880252242088,115861632.0
102,-28.75281524658203,0.04998880252242088,115861632.0
103,-29.237529754638672,0.04998880252242088,115861632.0
104,-28.918039321899414,0.04998880252242088,115861632.0
105,-28.837724685668945,0.04998880252242088,115861632.0
106,-28.71509552001953,0.04998880252242088,115861632.0
107,-28.50910186767578,0.04998880252242088,115861632.0
108,-28.346216201782227,0.04998880252242088,115861632.0
109,-28.076175689697266,0.04998880252242088,115861632.0
110,-28.795652389526367,0.04998880252242088,115861632.0
111,-28.26613998413086,0.04998880252242088,115861632.0
112,-27.172863006591797,0.04998880252242088,115861632.0
113,-27.978599548339844,0.04998880252242088,115861632.0
114,-28.52969741821289,0.04998880252242088,115861632.0
115,-28.41474151611328,0.04998880252242088,115861632.0
116,-28.237831115722656,0.04998880252242088,115861632.0
117,-28.86249542236328,0.04998880252242088,115861632.0
118,-28.45122718811035,0.04998880252242088,115861632.0
119,-28.583492279052734,0.04998880252242088,115861632.0
120,-28.267499923706055,0.04998880252242088,115861632.0
121,-28.29357147216797,0.04998880252242088,115861632.0
122,-28.448734283447266,0.04998880252242088,115861632.0
123,-29.149507522583008,0.04998880252242088,115861632.0
124,-28.227405548095703,0.04998880252242088,115861632.0
125,-28.489564895629883,0.04998880252242088,115861632.0
126,-28.803190231323242,0.04998880252242088,115861632.0
127,-27.96733856201172,0.04998880252242088,115861632.0
128,-29.02604866027832,0.04998880252242088,115861632.0
129,-28.59609603881836,0.04998880252242088,115861632.0
130,-28.246618270874023,0.04998880252242088,115861632.0
131,-28.011476516723633,0.04998880252242088,115861632.0
132,-28.185972213745117,0.08152981102466583,62332840.0
133,-28.1457462310791,0.08152981102466583,62332840.0
134,-28.777050018310547,0.08152981102466583,62332840.0
135,-28.485252380371094,0.08152981102466583,62332840.0
136,-28.402372360229492,0.08152981102466583,62332840.0
137,-28.16493034362793,0.08152981102466583,62332840.0
138,-28.508419036865234,0.08152981102466583,62332840.0
139,-28.64058494567871,0.08152981102466583,62332840.0
140,-28.859722137451172,0.08152981102466583,62332840.0
141,-28.72014808654785,0.08152981102466583,62332840.0
142,-28.062217712402344,0.08152981102466583,62332840.0
143,-28.492856979370117,0.08152981102466583,62332840.0
144,-28.94040298461914,0.08152981102466583,62332840.0
145,-27.84537124633789,0.08152981102466583,62332840.0
146,-28.70533561706543,0.08152981102466583,62332840.0
147,-28.819599151611328,0.08152981102466583,62332840.0
148,-28.105173110961914,0.08152981102466583,62332840.0
149,-28.756528854370117,0.08152981102466583,62332840.0
150,-28.5312557220459,0.08152981102466583,62332840.0
151,-28.36134910583496,0.08152981102466583,62332840.0
152,-28.725252151489258,0.08152981102466583,62332840.0
153,-28.18824005126953,0.08152981102466583,62332840.0
154,-28.392780303955078,0.08152981102466583,62332840.0
155,-28.16714859008789,0.08152981102466583,62332840.0
156,-27.737268447875977,0.08152981102466583,62332840.0
157,-28.522838592529297,0.08152981102466583,62332840.0
158,-28.897857666015625,0.08152981102466583,62332840.0
159,-28.253978729248047,0.08152981102466583,62332840.0
160,-28.214929580688477,0.08152981102466583,62332840.0
161,-28.07474136352539,0.08152981102466583,62332840.0
162,-28.549449920654297,0.08152981102466583,62332840.0
163,-29.316009521484375,0.08152981102466583,62332840.0
164,-28.025367736816406,0.08152981102466583,62332840.0
165,-28.277250289916992,0.08152981102466583,62332840.0
166,-29.95932388305664,0.08152981102466583,62332840.0
167,-28.33504295349121,0.08152981102466583,62332840.0
168,-28.438034057617188,0.08152981102466583,62332840.0
169,-28.490985870361328,0.08152981102466583,62332840.0
170,-28.92055320739746,0.08152981102466583,62332840.0
171,-28.611196517944336,0.3687545955181122,33978812.0
172,-28.607358932495117,0.3687545955181122,33978812.0
173,-28.595836639404297,0.3687545955181122,33978812.0
174,-28.09471321105957,0.3687545955181122,33978812.0
175,-28.105485916137695,0.3687545955181122,33978812.0
176,-28.386852264404297,0.3687545955181122,33978812.0
177,-28.78816795349121,0.3687545955181122,33978812.0
178,-28.61138916015625,0.3687545955181122,33978812.0
179,-28.140621185302734,0.3687545955181122,33978812.0
180,-27.904298782348633,0.3687545955181122,33978812.0
181,-28.012643814086914,0.3687545955181122,33978812.0
182,-28.530914306640625,0.3687545955181122,33978812.0
183,-27.91058349609375,0.3687545955181122,33978812.0
184,-28.225786209106445,0.3687545955181122,33978812.0
185,-28.45597267150879,0.3687545955181122,33978812.0
186,-28.741329193115234,0.3687545955181122,33978812.0
187,-28.698820114135742,0.3687545955181122,33978812.0
188,-27.955005645751953,0.3687545955181122,33978812.0
189,-28.37783432006836,0.3687545955181122,33978812.0
190,-28.723064422607422,0.3687545955181122,33978812.0
191,-28.430644989013672,0.3687545955181122,33978812.0
192,-28.832963943481445,0.3687545955181122,33978812.0
193,-27.85384750366211,0.3687545955181122,33978812.0
194,-28.513761520385742,0.3687545955181122,33978812.0
195,-28.621864318847656,0.3687545955181122,33978812.0
196,-28.694671630859375,0.3687545955181122,33978812.0
197,-28.311241149902344,0.3687545955181122,33978812.0
198,-28.209569931030273,0.3687545955181122,33978812.0
199,-28.301382064819336,0.3687545955181122,33978812.0
200,-28.68815040588379,0.3687545955181122,33978812.0
201,-27.756290435791016,0.3687545955181122,33978812.0
202,-28.886703491210938,0.3687545955181122,33978812.0
203,-28.30280303955078,0.3687545955181122,33978812.0
204,-28.294189453125,0.3687545955181122,33978812.0
205,-27.979116439819336,0.3687545955181122,33978812.0
206,-28.53695297241211,0.3687545955181122,33978812.0
207,-28.271455764770508,0.3687545955181122,33978812.0
208,-28.21938133239746,0.3687545955181122,33978812.0
209,-28.773025512695312,0.3687545955181122,33978812.0
210,-28.72809410095215,0.579169511795044,1500455.25
211,-28.366775512695312,0.579169511795044,1500455.25
212,-28.341018676757812,0.579169511795044,1500455.25
213,-28.723529815673828,0.579169511795044,1500455.25
214,-27.87260627746582,0.579169511795044,1500455.25
215,-28.213741302490234,0.579169511795044,1500455.25
216,-28.747385025024414,0.579169511795044,1500455.25
217,-28.523460388183594,0.579169511795044,1500455.25
218,-28.222270965576172,0.579169511795044,1500455.25
219,-28.248022079467773,0.579169511795044,1500455.25
220,-27.667797088623047,0.579169511795044,1500455.25
221,-28.423782348632812,0.579169511795044,1500455.25
222,-28.507413864135742,0.579169511795044,1500455.25
223,-27.953468322753906,0.579169511795044,1500455.25
224,-28.559457778930664,0.579169511795044,1500455.25
225,-28.12964630126953,0.579169511795044,1500455.25
226,-28.567434310913086,0.579169511795044,1500455.25
227,-28.67422866821289,0.579169511795044,1500455.25
228,-28.320205688476562,0.579169511795044,1500455.25
229,-28.302215576171875,0.579169511795044,1500455.25
230,-28.56468391418457,0.579169511795044,1500455.25
231,-27.489376068115234,0.579169511795044,1500455.25
232,-28.227523803710938,0.579169511795044,1500455.25
233,-28.135042190551758,0.579169511795044,1500455.25
234,-28.556991577148438,0.579169511795044,1500455.25
235,-28.2752685546875,0.579169511795044,1500455.25
236,-28.567914962768555,0.579169511795044,1500455.25
237,-28.151092529296875,0.579169511795044,1500455.25
238,-28.083511352539062,0.579169511795044,1500455.25
239,-28.440446853637695,0.579169511795044,1500455.25
240,-28.296890258789062,0.579169511795044,1500455.25
241,-28.517566680908203,0.579169511795044,1500455.25
242,-28.572063446044922,0.579169511795044,1500455.25
243,-28.465126037597656,0.579169511795044,1500455.25
244,-28.035696029663086,0.579169511795044,1500455.25
245,-27.879528045654297,0.579169511795044,1500455.25
246,-28.340290069580078,0.579169511795044,1500455.25
247,-28.942607879638672,0.579169511795044,1500455.25
248,-28.515527725219727,0.579169511795044,1500455.25
249,-28.352252960205078,0.579169511795044,1500455.25
250,-28.776058197021484,0.11738384515047073,113485848.0
251,-28.845386505126953,0.11738384515047073,113485848.0
252,-28.423830032348633,0.11738384515047073,113485848.0
253,-28.315746307373047,0.11738384515047073,113485848.0
254,-28.421512603759766,0.11738384515047073,113485848.0
255,-28.219797134399414,0.11738384515047073,113485848.0
256,-28.34967613220215,0.11738384515047073,113485848.0
257,-28.539339065551758,0.11738384515047073,113485848.0
258,-28.337526321411133,0.11738384515047073,113485848.0
259,-28.60350799560547,0.11738384515047073,113485848.0
260,-28.437896728515625,0.11738384515047073,113485848.0
261,-28.148107528686523,0.11738384515047073,113485848.0
262,-28.08456802368164,0.11738384515047073,113485848.0
263,-28.332006454467773,0.11738384515047073,113485848.0
264,-28.148929595947266,0.11738384515047073,113485848.0
265,-28.53827476501465,0.11738384515047073,113485848.0
266,-27.944637298583984,0.11738384515047073,113485848.0
267,-28.24703025817871,0.11738384515047073,113485848.0
268,-28.177913665771484,0.11738384515047073,113485848.0
269,-28.391429901123047,0.11738384515047073,113485848.0
270,-28.37715721130371,0.11738384515047073,113485848.0
271,-28.359159469604492,0.11738384515047073,113485848.0
272,-28.676883697509766,0.11738384515047073,113485848.0
273,-28.31394386291504,0.11738384515047073,113485848.0
274,-28.495140075683594,0.11738384515047073,113485848.0
275,-28.353723526000977,0.11738384515047073,113485848.0
276,-28.6376895904541,0.11738384515047073,113485848.0
277,-28.505155563354492,0.11738384515047073,113485848.0
278,-28.374591827392578,0.11738384515047073,113485848.0
279,-28.682531356811523,0.11738384515047073,113485848.0
280,-28.78114891052246,0.11738384515047073,113485848.0
281,-28.5810604095459,0.11738384515047073,113485848.0
282,-28.354021072387695,0.11738384515047073,113485848.0
283,-28.622953414916992,0.11738384515047073,113485848.0
284,-28.291736602783203,0.11738384515047073,113485848.0
285,-28.367183685302734,0.11738384515047073,113485848.0
286,-28.55132293701172,0.11738384515047073,113485848.0
287,-27.953508377075195,0.11738384515047073,113485848.0
288,-27.13103485107422,0.11738384515047073,113485848.0
289,-27.897844314575195,0.08472810685634613,7446950.0
290,-28.514863967895508,0.08472810685634613,7446950.0
291,-28.757734298706055,0.08472810685634613,7446950.0
292,-29.01175880432129,0.08472810685634613,7446950.0
293,-28.361364364624023,0.08472810685634613,7446950.0
294,-28.02821922302246,0.08472810685634613,7446950.0
295,-29.140058517456055,0.08472810685634613,7446950.0
296,-28.44204330444336,0.08472810685634613,7446950.0
297,-27.79948616027832,0.08472810685634613,7446950.0
298,-28.63119125366211,0.08472810685634613,7446950.0
299,-28.521503448486328,0.08472810685634613,7446950.0
300,-28.929697036743164,0.08472810685634613,7446950.0
301,-27.629623413085938,0.08472810685634613,7446950.0
302,-28.348438262939453,0.08472810685634613,7446950.0
303,-27.704988479614258,0.08472810685634613,7446950.0
304,-28.440410614013672,0.08472810685634613,7446950.0
305,-28.727375030517578,0.08472810685634613,7446950.0
306,-28.010908126831055,0.08472810685634613,7446950.0
307,-28.565349578857422,0.08472810685634613,7446950.0
308,-28.141342163085938,0.08472810685634613,7446950.0
309,-28.140592575073242,0.08472810685634613,7446950.0
310,-28.541332244873047,0.08472810685634613,7446950.0
311,-28.42145347595215,0.08472810685634613,7446950.0
312,-28.380876541137695,0.08472810685634613,7446950.0
313,-28.328847885131836,0.08472810685634613,7446950.0
314,-28.331466674804688,0.08472810685634613,7446950.0
315,-28.332782745361328,0.08472810685634613,7446950.0
316,-28.401668548583984,0.08472810685634613,7446950.0
317,-28.42713737487793,0.08472810685634613,7446950.0
318,-28.595867156982422,0.08472810685634613,7446950.0
319,-27.868276596069336,0.08472810685634613,7446950.0
320,-28.842382431030273,0.08472810685634613,7446950.0
321,-28.734825134277344,0.08472810685634613,7446950.0
322,-28.803272247314453,0.08472810685634613,7446950.0
323,-29.11588478088379,0.08472810685634613,7446950.0
324,-27.717933654785156,0.08472810685634613,7446950.0
325,-28.653575897216797,0.08472810685634613,7446950.0
326,-28.443235397338867,0.08472810685634613,7446950.0
327,-28.335628509521484,0.08472810685634613,7446950.0
328,-28.873929977416992,0.08472810685634613,7446950.0
329,-28.615474700927734,0.20556244254112244,2044053.375
330,-28.527084350585938,0.20556244254112244,2044053.375
331,-28.141387939453125,0.20556244254112244,2044053.375
332,-28.154296875,0.20556244254112244,2044053.375
333,-28.523324966430664,0.20556244254112244,2044053.375
334,-28.094167709350586,0.20556244254112244,2044053.375
335,-28.54454803466797,0.20556244254112244,2044053.375
336,-28.000225067138672,0.20556244254112244,2044053.375
337,-28.555627822875977,0.20556244254112244,2044053.375
338,-28.013643264770508,0.20556244254112244,2044053.375
339,-28.551895141601562,0.20556244254112244,2044053.375
340,-28.88144874572754,0.20556244254112244,2044053.375
341,-28.68467903137207,0.20556244254112244,2044053.375
342,-28.481796264648438,0.20556244254112244,2044053.375
343,-28.515092849731445,0.20556244254112244,2044053.375
344,-28.283039093017578,0.20556244254112244,2044053.375
345,-28.685932159423828,0.20556244254112244,2044053.375
346,-28.8825626373291,0.20556244254112244,2044053.375
347,-28.517066955566406,0.20556244254112244,2044053.375
348,-28.675838470458984,0.20556244254112244,2044053.375
349,-28.778039932250977,0.20556244254112244,2044053.375
350,-28.062803268432617,0.20556244254112244,2044053.375
351,-28.353736877441406,0.20556244254112244,2044053.375
352,-27.970062255859375,0.20556244254112244,2044053.375
353,-28.113643646240234,0.20556244254112244,2044053.375
354,-28.19994354248047,0.20556244254112244,2044053.375
355,-27.02618408203125,0.20556244254112244,2044053.375
356,-28.49859046936035,0.20556244254112244,2044053.375
357,-28.057722091674805,0.20556244254112244,2044053.375
358,-28.644960403442383,0.20556244254112244,2044053.375
359,-28.716455459594727,0.20556244254112244,2044053.375
360,-28.26344108581543,0.20556244254112244,2044053.375
361,-28.363399505615234,0.20556244254112244,2044053.375
362,-28.744321823120117,0.20556244254112244,2044053.375
363,-28.6176700592041,0.20556244254112244,2044053.375
364,-28.327295303344727,0.20556244254112244,2044053.375
365,-28.4141788482666,0.20556244254112244,2044053.375
366,-28.387414932250977,0.20556244254112244,2044053.375
367,-28.428503036499023,0.20556244254112244,2044053.375
368,-28.380367279052734,0.20556244254112244,2044053.375
369,-28.316652297973633,1.4012610912322998,14079073.0
370,-28.67359161376953,1.4012610912322998,14079073.0
371,-28.45153045654297,1.4012610912322998,14079073.0
372,-28.735029220581055,1.4012610912322998,14079073.0
373,-28.60894203186035,1.4012610912322998,14079073.0
374,-28.23774528503418,1.4012610912322998,14079073.0
375,-28.90641975402832,1.4012610912322998,14079073.0
376,-28.53577423095703,1.4012610912322998,14079073.0
377,-28.648340225219727,1.4012610912322998,14079073.0
378,-28.32733154296875,1.4012610912322998,14079073.0
379,-28.344343185424805,1.4012610912322998,14079073.0
380,-28.760723114013672,1.4012610912322998,14079073.0
381,-28.32223892211914,1.4012610912322998,14079073.0
382,-28.284971237182617,1.4012610912322998,14079073.0
383,-28.590072631835938,1.4012610912322998,14079073.0
384,-28.527027130126953,1.4012610912322998,14079073.0
385,-28.664995193481445,1.4012610912322998,14079073.0
386,-27.988616943359375,1.4012610912322998,14079073.0
387,-28.876617431640625,1.4012610912322998,14079073.0
388,-28.24478530883789,1.4012610912322998,14079073.0
389,-27.942623138427734,1.4012610912322998,14079073.0
390,-28.60159683227539,1.4012610912322998,14079073.0
391,-28.222393035888672,1.4012610912322998,14079073.0
392,-28.71172332763672,1.4012610912322998,14079073.0
393,-28.324037551879883,1.4012610912322998,14079073.0
394,-27.789440155029297,1.4012610912322998,14079073.0
395,-28.44045066833496,1.4012610912322998,14079073.0
396,-28.692481994628906,1.4012610912322998,14079073.0
397,-28.356609344482422,1.4012610912322998,14079073.0
398,-28.66547203063965,1.4012610912322998,14079073.0
399,-28.64678192138672,1.4012610912322998,14079073.0
400,-28.818449020385742,1.4012610912322998,14079073.0
401,-28.570049285888672,1.4012610912322998,14079073.0
402,-28.51217269897461,1.4012610912322998,14079073.0
403,-28.561769485473633,1.4012610912322998,14079073.0
404,-28.6049861907959,1.4012610912322998,14079073.0
405,-28.667726516723633,1.4012610912322998,14079073.0
406,-28.41398811340332,1.4012610912322998,14079073.0
407,-28.567657470703125,1.4012610912322998,14079073.0
408,-28.961746215820312,1.4012610912322998,14079073.0
409,-28.474231719970703,0.1572190821170807,3129118.75
410,-28.716886520385742,0.1572190821170807,3129118.75
411,-28.70283317565918,0.1572190821170807,3129118.75
412,-28.63839340209961,0.1572190821170807,3129118.75
413,-28.270477294921875,0.1572190821170807,3129118.75
414,-28.431339263916016,0.1572190821170807,3129118.75
415,-27.912303924560547,0.1572190821170807,3129118.75
416,-28.469758987426758,0.1572190821170807,3129118.75
417,-28.55750846862793,0.1572190821170807,3129118.75
418,-28.398284912109375,0.1572190821170807,3129118.75
419,-28.551326751708984,0.1572190821170807,3129118.75
420,-28.255783081054688,0.1572190821170807,3129118.75
421,-28.448162078857422,0.1572190821170807,3129118.75
422,-27.748065948486328,0.1572190821170807,3129118.75
423,-28.11720848083496,0.1572190821170807,3129118.75
424,-28.592552185058594,0.1572190821170807,3129118.75
425,-28.757400512695312,0.1572190821170807,3129118.75
426,-28.437747955322266,0.1572190821170807,3129118.75
427,-28.528676986694336,0.1572190821170807,3129118.75
428,-28.630029678344727,0.1572190821170807,3129118.75
429,-28.044645309448242,0.1572190821170807,3129118.75
430,-28.60742950439453,0.1572190821170807,3129118.75
431,-28.027950286865234,0.1572190821170807,3129118.75
432,-28.134695053100586,0.1572190821170807,3129118.75
433,-28.38754653930664,0.1572190821170807,3129118.75
434,-28.480266571044922,0.1572190821170807,3129118.75
435,-28.551803588867188,0.1572190821170807,3129118.75
436,-28.42570686340332,0.1572190821170807,3129118.75
437,-27.831573486328125,0.1572190821170807,3129118.75
438,-28.506576538085938,0.1572190821170807,3129118.75
439,-28.78489875793457,0.1572190821170807,3129118.75
440,-29.05169105529785,0.1572190821170807,3129118.75
441,-28.465469360351562,0.1572190821170807,3129118.75
442,-28.53257942199707,0.1572190821170807,3129118.75
443,-27.864425659179688,0.1572190821170807,3129118.75
444,-28.449464797973633,0.1572190821170807,3129118.75
445,-28.56194305419922,0.1572190821170807,3129118.75
446,-28.709251403808594,0.1572190821170807,3129118.75
447,-28.20021629333496,0.1572190821170807,3129118.75
448,-28.548126220703125,0.1280284970998764,266727.0625
449,-26.773271560668945,0.1280284970998764,266727.0625
450,-27.77195930480957,0.1280284970998764,266727.0625
451,-28.260984420776367,0.1280284970998764,266727.0625
452,-28.498310089111328,0.1280284970998764,266727.0625
453,-28.620471954345703,0.1280284970998764,266727.0625
454,-29.02083969116211,0.1280284970998764,266727.0625
455,-28.181663513183594,0.1280284970998764,266727.0625
456,-28.624834060668945,0.1280284970998764,266727.0625
457,-28.312681198120117,0.1280284970998764,266727.0625
458,-28.61272621154785,0.1280284970998764,266727.0625
459,-28.298965454101562,0.1280284970998764,266727.0625
460,-28.523845672607422,0.1280284970998764,266727.0625
461,-28.545879364013672,0.1280284970998764,266727.0625
462,-28.469863891601562,0.1280284970998764,266727.0625
463,-28.498083114624023,0.1280284970998764,266727.0625
464,-27.96512794494629,0.1280284970998764,266727.0625
465,-28.55756378173828,0.1280284970998764,266727.0625
466,-28.752145767211914,0.1280284970998764,266727.0625
467,-28.55686378479004,0.1280284970998764,266727.0625
468,-28.463581085205078,0.1280284970998764,266727.0625
469,-28.595937728881836,0.1280284970998764,266727.0625
470,-28.564041137695312,0.1280284970998764,266727.0625
471,-28.62272071838379,0.1280284970998764,266727.0625
472,-28.5557918548584,0.1280284970998764,266727.0625
473,-28.56317138671875,0.1280284970998764,266727.0625
474,-28.652769088745117,0.1280284970998764,266727.0625
475,-28.697690963745117,0.1280284970998764,266727.0625
476,-28.86627197265625,0.1280284970998764,266727.0625
477,-28.52059555053711,0.1280284970998764,266727.0625
478,-28.0010929107666,0.1280284970998764,266727.0625
479,-28.40557098388672,0.1280284970998764,266727.0625
480,-28.02871322631836,0.1280284970998764,266727.0625
481,-28.628801345825195,0.1280284970998764,266727.0625
482,-28.471521377563477,0.1280284970998764,266727.0625
483,-28.673463821411133,0.1280284970998764,266727.0625
484,-27.938411712646484,0.1280284970998764,266727.0625
485,-28.672327041625977,0.1280284970998764,266727.0625
486,-28.3905029296875,0.20090177655220032,3058071.0
487,-28.52857208251953,0.20090177655220032,3058071.0
488,-28.32471466064453,0.20090177655220032,3058071.0
489,-28.845523834228516,0.20090177655220032,3058071.0
490,-26.683401107788086,0.20090177655220032,3058071.0
491,-28.49945068359375,0.20090177655220032,3058071.0
492,-28.40500259399414,0.20090177655220032,3058071.0
493,-28.56406021118164,0.20090177655220032,3058071.0
494,-28.357919692993164,0.20090177655220032,3058071.0
495,-28.64142608642578,0.20090177655220032,3058071.0
496,-28.396175384521484,0.20090177655220032,3058071.0
497,-27.991474151611328,0.20090177655220032,3058071.0
498,-28.688705444335938,0.20090177655220032,3058071.0
499,-28.833335876464844,0.20090177655220032,3058071.0
500,-28.2989559173584,0.20090177655220032,3058071.0
501,-28.522613525390625,0.20090177655220032,3058071.0
502,-28.14361572265625,0.20090177655220032,3058071.0
503,-28.591222763061523,0.20090177655220032,3058071.0
504,-28.535736083984375,0.20090177655220032,3058071.0
505,-28.543167114257812,0.20090177655220032,3058071.0
506,-28.05925941467285,0.20090177655220032,3058071.0
507,-28.705345153808594,0.20090177655220032,3058071.0
508,-28.05584144592285,0.20090177655220032,3058071.0
509,-28.890649795532227,0.20090177655220032,3058071.0
510,-28.74453353881836,0.20090177655220032,3058071.0
511,-29.011594772338867,0.20090177655220032,3058071.0
512,-27.570789337158203,0.20090177655220032,3058071.0
513,-28.499374389648438,0.20090177655220032,3058071.0
514,-28.376785278320312,0.20090177655220032,3058071.0
515,-28.063718795776367,0.20090177655220032,3058071.0
516,-28.20570182800293,0.20090177655220032,3058071.0
517,-28.426986694335938,0.20090177655220032,3058071.0
518,-27.86125373840332,0.20090177655220032,3058071.0
519,-28.47506332397461,0.20090177655220032,3058071.0
520,-28.300743103027344,0.20090177655220032,3058071.0
521,-28.240995407104492,0.20090177655220032,3058071.0
522,-28.461896896362305,0.20090177655220032,3058071.0
523,-28.754947662353516,0.20090177655220032,3058071.0
524,-28.53499984741211,0.29338836669921875,2807950.0
525,-27.95545196533203,0.29338836669921875,2807950.0
526,-28.484153747558594,0.29338836669921875,2807950.0
527,-28.631622314453125,0.29338836669921875,2807950.0
528,-28.400667190551758,0.29338836669921875,2807950.0
529,-28.248714447021484,0.29338836669921875,2807950.0
530,-28.335426330566406,0.29338836669921875,2807950.0
531,-28.290895462036133,0.29338836669921875,2807950.0
532,-26.21691131591797,0.29338836669921875,2807950.0
533,-27.867206573486328,0.29338836669921875,2807950.0
534,-27.035964965820312,0.29338836669921875,2807950.0
535,-28.215879440307617,0.29338836669921875,2807950.0
536,-28.5449275970459,0.29338836669921875,2807950.0
537,-28.39405059814453,0.29338836669921875,2807950.0
538,-28.69798469543457,0.29338836669921875,2807950.0
539,-28.045211791992188,0.29338836669921875,2807950.0
540,-28.583587646484375,0.29338836669921875,2807950.0
541,-28.682918548583984,0.29338836669921875,2807950.0
542,-28.360164642333984,0.29338836669921875,2807950.0
543,-26.52281379699707,0.29338836669921875,2807950.0
544,-28.57195281982422,0.29338836669921875,2807950.0
545,-28.014509201049805,0.29338836669921875,2807950.0
546,-28.39847755432129,0.29338836669921875,2807950.0
547,-27.05372428894043,0.29338836669921875,2807950.0
548,-27.766033172607422,0.29338836669921875,2807950.0
549,-28.391155242919922,0.29338836669921875,2807950.0
550,-28.447080612182617,0.29338836669921875,2807950.0
551,-26.988094329833984,0.29338836669921875,2807950.0
552,-27.895891189575195,0.29338836669921875,2807950.0
553,-28.301700592041016,0.29338836669921875,2807950.0
554,-28.44468116760254,0.29338836669921875,2807950.0
555,-28.713640213012695,0.29338836669921875,2807950.0
556,-26.23155975341797,0.29338836669921875,2807950.0
557,-28.706193923950195,0.29338836669921875,2807950.0
558,-27.451030731201172,0.29338836669921875,2807950.0
559,-29.458377838134766,0.29338836669921875,2807950.0
560,-28.152029037475586,0.05526271089911461,1804741.75
561,-28.180036544799805,0.05526271089911461,1804741.75
562,-27.90268898010254,0.05526271089911461,1804741.75
563,-27.98279571533203,0.05526271089911461,1804741.75
564,-26.794647216796875,0.05526271089911461,1804741.75
565,-28.114177703857422,0.05526271089911461,1804741.75
566,-28.764474868774414,0.05526271089911461,1804741.75
567,-28.212984085083008,0.05526271089911461,1804741.75
568,-28.16503143310547,0.05526271089911461,1804741.75
569,-29.039810180664062,0.05526271089911461,1804741.75
570,-28.195880889892578,0.05526271089911461,1804741.75
571,-26.92111587524414,0.05526271089911461,1804741.75
572,-28.470741271972656,0.05526271089911461,1804741.75
573,-28.577232360839844,0.05526271089911461,1804741.75
574,-26.953319549560547,0.05526271089911461,1804741.75
575,-27.512554168701172,0.05526271089911461,1804741.75
576,-27.865022659301758,0.05526271089911461,1804741.75
577,-28.6554012298584,0.05526271089911461,1804741.75
578,-28.616365432739258,0.05526271089911461,1804741.75
579,-28.815082550048828,0.05526271089911461,1804741.75
580,-27.76350975036621,0.05526271089911461,1804741.75
581,-27.91057777404785,0.05526271089911461,1804741.75
582,-27.861160278320312,0.05526271089911461,1804741.75
583,-28.49518585205078,0.05526271089911461,1804741.75
584,-28.230194091796875,0.05526271089911461,1804741.75
585,-33.21196365356445,0.05526271089911461,1804741.75
586,-28.61850929260254,0.05526271089911461,1804741.75
587,-27.953943252563477,0.05526271089911461,1804741.75
588,-28.79758071899414,0.05526271089911461,1804741.75
589,-28.652156829833984,0.05526271089911461,1804741.75
590,-26.649494171142578,0.05526271089911461,1804741.75
591,-28.257827758789062,0.05526271089911461,1804741.75
592,-28.708946228027344,0.05526271089911461,1804741.75
593,-28.614194869995117,0.05526271089911461,1804741.75
594,-28.763561248779297,0.05526271089911461,1804741.75
595,-28.341333389282227,0.11089639365673065,5176142.0
596,-28.33845329284668,0.11089639365673065,5176142.0
597,-27.011262893676758,0.11089639365673065,5176142.0
598,-28.421112060546875,0.11089639365673065,5176142.0
599,-28.725555419921875,0.11089639365673065,5176142.0
600,-27.90004539489746,0.11089639365673065,5176142.0
601,-29.024023056030273,0.11089639365673065,5176142.0
602,-28.53803062438965,0.11089639365673065,5176142.0
603,-28.715185165405273,0.11089639365673065,5176142.0
604,-27.536849975585938,0.11089639365673065,5176142.0
605,-28.423473358154297,0.11089639365673065,5176142.0
606,-28.5582275390625,0.11089639365673065,5176142.0
607,-28.169214248657227,0.11089639365673065,5176142.0
608,-28.588186264038086,0.11089639365673065,5176142.0
609,-29.079483032226562,0.11089639365673065,5176142.0
610,-26.848255157470703,0.11089639365673065,5176142.0
611,-28.10846519470215,0.11089639365673065,5176142.0
612,-28.32296371459961,0.11089639365673065,5176142.0
613,-28.657724380493164,0.11089639365673065,5176142.0
614,-26.037063598632812,0.11089639365673065,5176142.0
615,-28.436704635620117,0.11089639365673065,5176142.0
616,-28.428098678588867,0.11089639365673065,5176142.0
617,-28.116025924682617,0.11089639365673065,5176142.0
618,-28.73417854309082,0.11089639365673065,5176142.0
619,-28.861486434936523,0.11089639365673065,5176142.0
620,-28.392799377441406,0.11089639365673065,5176142.0
621,-28.22745132446289,0.11089639365673065,5176142.0
622,-28.364831924438477,0.11089639365673065,5176142.0
623,-28.54157257080078,0.11089639365673065,5176142.0
624,-28.693708419799805,0.11089639365673065,5176142.0
625,-28.444082260131836,0.11089639365673065,5176142.0
626,-27.773365020751953,0.11089639365673065,5176142.0
627,-28.55726432800293,0.11089639365673065,5176142.0
628,-28.191516876220703,0.11089639365673065,5176142.0
629,-28.035614013671875,0.11089639365673065,5176142.0
630,-28.64754295349121,0.08678271621465683,715251.0
631,-27.920909881591797,0.08678271621465683,715251.0
632,-28.7082576751709,0.08678271621465683,715251.0
633,-28.02739143371582,0.08678271621465683,715251.0
634,-28.32709312438965,0.08678271621465683,715251.0
635,-28.73686981201172,0.08678271621465683,715251.0
636,-28.376380920410156,0.08678271621465683,715251.0
637,-28.471330642700195,0.08678271621465683,715251.0
638,-28.359004974365234,0.08678271621465683,715251.0
639,-28.4965763092041,0.08678271621465683,715251.0
640,-28.647218704223633,0.08678271621465683,715251.0
641,-28.45222282409668,0.08678271621465683,715251.0
642,-28.139997482299805,0.08678271621465683,715251.0
643,-28.586896896362305,0.08678271621465683,715251.0
644,-27.731740951538086,0.08678271621465683,715251.0
645,-28.33647346496582,0.08678271621465683,715251.0
646,-28.616748809814453,0.08678271621465683,715251.0
647,-29.230087280273438,0.08678271621465683,715251.0
648,-28.074148178100586,0.08678271621465683,715251.0
649,-28.262187957763672,0.08678271621465683,715251.0
650,-28.975515365600586,0.08678271621465683,715251.0
651,-28.405929565429688,0.08678271621465683,715251.0
652,-28.088184356689453,0.08678271621465683,715251.0
653,-27.606782913208008,0.08678271621465683,715251.0
654,-28.058034896850586,0.08678271621465683,715251.0
655,-28.47873306274414,0.08678271621465683,715251.0
656,-28.49843406677246,0.08678271621465683,715251.0
657,-28.62782096862793,0.08678271621465683,715251.0
658,-29.373432159423828,0.08678271621465683,715251.0
659,-25.84161376953125,0.08678271621465683,715251.0
660,-28.421720504760742,0.08678271621465683,715251.0
661,-28.6417179107666,0.08678271621465683,715251.0
662,-28.154523849487305,0.08678271621465683,715251.0
663,-28.187284469604492,0.08678271621465683,715251.0
664,-28.21295166015625,0.08678271621465683,715251.0
665,-28.260040283203125,0.08678271621465683,715251.0
666,-28.22822380065918,0.06687499582767487,1757442.125
667,-28.389755249023438,0.06687499582767487,1757442.125
668,-27.482572555541992,0.06687499582767487,1757442.125
669,-28.414039611816406,0.06687499582767487,1757442.125
670,-28.28847885131836,0.06687499582767487,1757442.125
671,-28.23717498779297,0.06687499582767487,1757442.125
672,-28.51970863342285,0.06687499582767487,1757442.125
673,-28.01123809814453,0.06687499582767487,1757442.125
674,-28.49492073059082,0.06687499582767487,1757442.125
675,-28.392715454101562,0.06687499582767487,1757442.125
676,-27.927249908447266,0.06687499582767487,1757442.125
677,-28.451936721801758,0.06687499582767487,1757442.125
678,-28.45168685913086,0.06687499582767487,1757442.125
679,-28.54590606689453,0.06687499582767487,1757442.125
680,-28.078304290771484,0.06687499582767487,1757442.125
681,-27.71605682373047,0.06687499582767487,1757442.125
682,-28.47756004333496,0.06687499582767487,1757442.125
683,-28.406593322753906,0.06687499582767487,1757442.125
684,-28.65568733215332,0.06687499582767487,1757442.125
685,-28.494564056396484,0.06687499582767487,1757442.125
686,-28.124414443969727,0.06687499582767487,1757442.125
687,-28.36101722717285,0.06687499582767487,1757442.125
688,-28.183801651000977,0.06687499582767487,1757442.125
689,-28.579984664916992,0.06687499582767487,1757442.125
690,-28.632122039794922,0.06687499582767487,1757442.125
691,-27.265277862548828,0.06687499582767487,1757442.125
692,-28.814085006713867,0.06687499582767487,1757442.125
693,-28.60312271118164,0.06687499582767487,1757442.125
694,-28.110572814941406,0.06687499582767487,1757442.125
695,-28.823822021484375,0.06687499582767487,1757442.125
696,-29.153179168701172,0.06687499582767487,1757442.125
697,-27.640356063842773,0.06687499582767487,1757442.125
698,-28.168214797973633,0.06687499582767487,1757442.125
699,-28.417682647705078,0.06687499582767487,1757442.125
700,-28.601842880249023,0.06687499582767487,1757442.125
701,-28.536439895629883,0.06687499582767487,1757442.125
702,-28.19634246826172,0.056035034358501434,484283.5625
703,-28.543903350830078,0.056035034358501434,484283.5625
704,-28.752260208129883,0.056035034358501434,484283.5625
705,-28.556055068969727,0.056035034358501434,484283.5625
706,-28.007911682128906,0.056035034358501434,484283.5625
707,-28.3956298828125,0.056035034358501434,484283.5625
708,-27.61004066467285,0.056035034358501434,484283.5625
709,-28.62632942199707,0.056035034358501434,484283.5625
710,-28.044212341308594,0.056035034358501434,484283.5625
711,-29.117755889892578,0.056035034358501434,484283.5625
712,-27.933469772338867,0.056035034358501434,484283.5625
713,-28.550071716308594,0.056035034358501434,484283.5625
714,-28.764373779296875,0.056035034358501434,484283.5625
715,-28.38983154296875,0.056035034358501434,484283.5625
716,-28.80757713317871,0.056035034358501434,484283.5625
717,-28.696067810058594,0.056035034358501434,484283.5625
718,-28.17320442199707,0.056035034358501434,484283.5625
719,-28.565582275390625,0.056035034358501434,484283.5625
720,-28.6099796295166,0.056035034358501434,484283.5625
721,-28.21755599975586,0.056035034358501434,484283.5625
722,-28.26443099975586,0.056035034358501434,484283.5625
723,-28.15236473083496,0.056035034358501434,484283.5625
724,-28.170406341552734,0.056035034358501434,484283.5625
725,-28.756174087524414,0.056035034358501434,484283.5625
726,-28.087665557861328,0.056035034358501434,484283.5625
727,-28.387298583984375,0.056035034358501434,484283.5625
728,-28.17788314819336,0.056035034358501434,484283.5625
729,-28.220993041992188,0.056035034358501434,484283.5625
730,-28.642194747924805,0.056035034358501434,484283.5625
731,-28.123462677001953,0.056035034358501434,484283.5625
732,-28.881568908691406,0.056035034358501434,484283.5625
733,-28.664108276367188,0.056035034358501434,484283.5625
734,-27.757753372192383,0.056035034358501434,484283.5625
735,-28.483041763305664,0.056035034358501434,484283.5625
736,-28.190053939819336,0.056035034358501434,484283.5625
737,-28.50848388671875,0.056035034358501434,484283.5625
738,-28.459705352783203,0.056035034358501434,484283.5625
739,-27.921161651611328,0.056035034358501434,484283.5625
740,-27.799213409423828,0.15014342963695526,175586.59375
741,-28.537065505981445,0.15014342963695526,175586.59375
742,-28.49631118774414,0.15014342963695526,175586.59375
743,-28.458919525146484,0.15014342963695526,175586.59375
744,-28.63852882385254,0.15014342963695526,175586.59375
745,-28.164512634277344,0.15014342963695526,175586.59375
746,-26.904272079467773,0.15014342963695526,175586.59375
747,-28.586124420166016,0.15014342963695526,175586.59375
748,-29.134708404541016,0.15014342963695526,175586.59375
749,-28.594966888427734,0.15014342963695526,175586.59375
750,-28.537281036376953,0.15014342963695526,175586.59375
751,-28.27223777770996,0.15014342963695526,175586.59375
752,-28.33156967163086,0.15014342963695526,175586.59375
753,-28.138751983642578,0.15014342963695526,175586.59375
754,-28.694034576416016,0.15014342963695526,175586.59375
755,-27.796092987060547,0.15014342963695526,175586.59375
756,-34.363182067871094,0.15014342963695526,175586.59375
757,-28.404977798461914,0.15014342963695526,175586.59375
758,-28.279285430908203,0.15014342963695526,175586.59375
759,-28.525184631347656,0.15014342963695526,175586.59375
760,-28.11719512939453,0.15014342963695526,175586.59375
761,-28.71603775024414,0.15014342963695526,175586.59375
762,-28.119604110717773,0.15014342963695526,175586.59375
763,-27.615089416503906,0.15014342963695526,175586.59375
764,-28.008949279785156,0.15014342963695526,175586.59375
765,-28.201953887939453,0.15014342963695526,175586.59375
766,-28.525785446166992,0.15014342963695526,175586.59375
767,-28.751827239990234,0.15014342963695526,175586.59375
768,-28.001544952392578,0.15014342963695526,175586.59375
769,-27.838497161865234,0.15014342963695526,175586.59375
770,-28.27961540222168,0.15014342963695526,175586.59375
771,-28.484601974487305,0.15014342963695526,175586.59375
772,-28.655887603759766,0.15014342963695526,175586.59375
773,-27.590412139892578,0.15014342963695526,175586.59375
774,-28.652353286743164,0.15014342963695526,175586.59375
775,-27.783763885498047,0.15014342963695526,175586.59375
776,-26.246231079101562,0.047434594482183456,138194.984375
777,-28.34761619567871,0.047434594482183456,138194.984375
778,-26.70814323425293,0.047434594482183456,138194.984375
779,-28.743101119995117,0.047434594482183456,138194.984375
780,-27.19881820678711,0.047434594482183456,138194.984375
781,-26.718523025512695,0.047434594482183456,138194.984375
782,-28.14698600769043,0.047434594482183456,138194.984375
783,-28.509092330932617,0.047434594482183456,138194.984375
784,-28.54792594909668,0.047434594482183456,138194.984375
785,-28.506866455078125,0.047434594482183456,138194.984375
786,-28.648962020874023,0.047434594482183456,138194.984375
787,-28.13418197631836,0.047434594482183456,138194.984375
788,-28.200395584106445,0.047434594482183456,138194.984375
789,-31.488327026367188,0.047434594482183456,138194.984375
790,-28.12055778503418,0.047434594482183456,138194.984375
791,-28.439523696899414,0.047434594482183456,138194.984375
792,-27.34023094177246,0.047434594482183456,138194.984375
793,-28.50887680053711,0.047434594482183456,138194.984375
794,-28.43375587463379,0.047434594482183456,138194.984375
795,-28.328954696655273,0.047434594482183456,138194.984375
796,-27.77390480041504,0.047434594482183456,138194.984375
797,-28.226348876953125,0.047434594482183456,138194.984375
798,-28.108566284179688,0.047434594482183456,138194.984375
799,-28.487504959106445,0.047434594482183456,138194.984375
800,-28.91193962097168,0.047434594482183456,138194.984375
801,-28.084440231323242,0.047434594482183456,138194.984375
802,-28.50254249572754,0.047434594482183456,138194.984375
803,-28.631423950195312,0.047434594482183456,138194.984375
804,-28.449121475219727,0.047434594482183456,138194.984375
805,-27.852251052856445,0.047434594482183456,138194.984375
806,-28.514562606811523,0.047434594482183456,138194.984375
807,-28.145671844482422,0.047434594482183456,138194.984375
808,-28.3966064453125,0.047434594482183456,138194.984375
809,-27.6414852142334,0.047434594482183456,138194.984375
810,-27.79720687866211,0.047434594482183456,138194.984375
811,-28.357067108154297,0.047434594482183456,138194.984375
812,-26.433433532714844,0.1288333684206009,104882.875
813,-28.62969207763672,0.1288333684206009,104882.875
814,-28.297611236572266,0.1288333684206009,104882.875
815,-26.54559326171875,0.1288333684206009,104882.875
816,-27.637651443481445,0.1288333684206009,104882.875
817,-28.55147361755371,0.1288333684206009,104882.875
818,-28.305530548095703,0.1288333684206009,104882.875
819,-28.252208709716797,0.1288333684206009,104882.875
820,-28.40972900390625,0.1288333684206009,104882.875
821,-26.222454071044922,0.1288333684206009,104882.875
822,-28.255632400512695,0.1288333684206009,104882.875
823,-28.479759216308594,0.1288333684206009,104882.875
824,-28.16936683654785,0.1288333684206009,104882.875
825,-27.82943344116211,0.1288333684206009,104882.875
826,-27.33055877685547,0.1288333684206009,104882.875
827,-28.237468719482422,0.1288333684206009,104882.875
828,-26.5365047454834,0.1288333684206009,104882.875
829,-28.517515182495117,0.1288333684206009,104882.875
830,-24.13914680480957,0.1288333684206009,104882.875
831,-26.189849853515625,0.1288333684206009,104882.875
832,-28.48178482055664,0.1288333684206009,104882.875
833,-28.581018447875977,0.1288333684206009,104882.875
834,-26.083789825439453,0.1288333684206009,104882.875
835,-28.969879150390625,0.1288333684206009,104882.875
836,-28.17904281616211,0.1288333684206009,104882.875
837,-28.704519271850586,0.1288333684206009,104882.875
838,-27.800134658813477,0.1288333684206009,104882.875
839,-27.87912368774414,0.1288333684206009,104882.875
840,-25.263965606689453,0.1288333684206009,104882.875
841,-28.465131759643555,0.1288333684206009,104882.875
842,-25.89030647277832,0.1288333684206009,104882.875
843,-29.339244842529297,0.1288333684206009,104882.875
844,-27.12971305847168,0.5454761385917664,133313.421875
845,-28.484670639038086,0.5454761385917664,133313.421875
846,-28.067718505859375,0.5454761385917664,133313.421875
847,-23.59311866760254,0.5454761385917664,133313.421875
848,-23.87674331665039,0.5454761385917664,133313.421875
849,-26.57610321044922,0.5454761385917664,133313.421875
850,-28.90574836730957,0.5454761385917664,133313.421875
851,-27.09341812133789,0.5454761385917664,133313.421875
852,-28.548664093017578,0.5454761385917664,133313.421875
853,-25.597597122192383,0.5454761385917664,133313.421875
854,-28.698060989379883,0.5454761385917664,133313.421875
855,-12.49178695678711,0.5454761385917664,133313.421875
856,-27.350160598754883,0.5454761385917664,133313.421875
857,-21.826683044433594,0.5454761385917664,133313.421875
858,-24.622325897216797,0.5454761385917664,133313.421875
859,-27.68167495727539,0.5454761385917664,133313.421875
860,-27.114927291870117,0.5454761385917664,133313.421875
861,-28.638673782348633,0.5454761385917664,133313.421875
862,-28.422481536865234,0.5454761385917664,133313.421875
863,-29.324756622314453,0.5454761385917664,133313.421875
864,-21.62656021118164,0.5454761385917664,133313.421875
865,-28.13144302368164,0.5454761385917664,133313.421875
866,-26.2445125579834,0.5454761385917664,133313.421875
867,-28.56515121459961,0.5454761385917664,133313.421875
868,-26.163625717163086,1.1793129444122314,97.00862884521484
869,-5.02457332611084,1.1793129444122314,97.00862884521484
870,-26.037765502929688,1.1793129444122314,97.00862884521484
871,-6.633528709411621,1.1793129444122314,97.00862884521484
872,-19.46059226989746,1.1793129444122314,97.00862884521484
873,-15.047025680541992,1.1793129444122314,97.00862884521484
874,-25.378517150878906,1.1793129444122314,97.00862884521484
875,-18.120250701904297,1.1793129444122314,97.00862884521484
876,-9.218193054199219,1.1793129444122314,97.00862884521484
877,-13.128135681152344,1.1793129444122314,97.00862884521484
878,-26.25250244140625,1.1793129444122314,97.00862884521484
879,-16.764408111572266,1.1793129444122314,97.00862884521484
880,-28.66300392150879,1.1793129444122314,97.00862884521484
881,-6.249849319458008,1.1793129444122314,97.00862884521484
882,6.039586067199707,0.2639780044555664,76.21519470214844
883,-23.18726921081543,0.2639780044555664,76.21519470214844
884,-6.93319034576416,0.2639780044555664,76.21519470214844
885,-18.415876388549805,0.2639780044555664,76.21519470214844
886,-16.133764266967773,0.2639780044555664,76.21519470214844
887,-24.581758499145508,0.2639780044555664,76.21519470214844
888,-24.62029266357422,0.2639780044555664,76.21519470214844
889,-4.937832832336426,0.2639780044555664,76.21519470214844
890,-8.935492515563965,0.2639780044555664,76.21519470214844
891,-5.321754455566406,0.2639780044555664,76.21519470214844
892,-18.843360900878906,0.2639780044555664,76.21519470214844
893,-23.69780731201172,0.6067969799041748,80.39208984375
894,-2.639383316040039,0.6067969799041748,80.39208984375
895,-5.907819747924805,0.6067969799041748,80.39208984375
896,-10.318790435791016,0.6067969799041748,80.39208984375
897,-6.0887651443481445,0.6067969799041748,80.39208984375
898,-3.9089345932006836,0.6067969799041748,80.39208984375
899,-23.426780700683594,0.6067969799041748,80.39208984375
900,-20.957172393798828,0.6067969799041748,80.39208984375
901,-2.987734794616699,0.6067969799041748,80.39208984375
902,-5.529111862182617,0.6067969799041748,80.39208984375
903,-5.454868316650391,1.003524661064148,49.93537139892578
904,-4.991204261779785,1.003524661064148,49.93537139892578
905,0.2590160369873047,1.003524661064148,49.93537139892578
906,1.3382225036621094,1.003524661064148,49.93537139892578
907,-4.467160224914551,1.003524661064148,49.93537139892578
908,-2.2053794860839844,1.003524661064148,49.93537139892578
909,-10.864373207092285,1.003524661064148,49.93537139892578
910,-22.979923248291016,1.003524661064148,49.93537139892578
911,-22.25914764404297,1.003524661064148,49.93537139892578
912,-16.019126892089844,1.003524661064148,49.93537139892578
913,-22.214275360107422,2.307399272918701,33.934749603271484
914,-6.877412796020508,2.307399272918701,33.934749603271484
915,-2.1520891189575195,2.307399272918701,33.934749603271484
916,-6.047983169555664,2.307399272918701,33.934749603271484
917,-2.8373117446899414,2.307399272918701,33.934749603271484
918,0.7848587036132812,2.307399272918701,33.934749603271484
919,17.734905242919922,2.307399272918701,33.934749603271484
920,7.347433090209961,2.307399272918701,33.934749603271484
921,31.615474700927734,0.5339431166648865,20.569408416748047
922,10.069209098815918,0.5339431166648865,20.569408416748047
923,19.918319702148438,0.5339431166648865,20.569408416748047
924,-7.8238372802734375,0.5339431166648865,20.569408416748047
925,-6.6788129806518555,0.5339431166648865,20.569408416748047
926,3.816216468811035,0.5339431166648865,20.569408416748047
927,-31.351505279541016,1.7137877941131592,31.318822860717773
928,-5.99884033203125,1.7137877941131592,31.318822860717773
929,10.791316032409668,1.7137877941131592,31.318822860717773
930,-5.98668098449707,1.7137877941131592,31.318822860717773
931,6.363115310668945,1.7137877941131592,31.318822860717773
932,6.115655899047852,1.7137877941131592,31.318822860717773
933,7.676523208618164,1.7137877941131592,31.318822860717773
934,2.036304473876953,0.7589929103851318,18.556283950805664
935,6.501762390136719,0.7589929103851318,18.556283950805664
936,29.415435791015625,0.7589929103851318,18.556283950805664
937,7.659919738769531,0.7589929103851318,18.556283950805664
938,-0.3275156021118164,0.7589929103851318,18.556283950805664
939,15.20366096496582,0.7589929103851318,18.556283950805664
940,-5.025603294372559,0.6004494428634644,11.746893882751465
941,20.229755401611328,0.6004494428634644,11.746893882751465
942,19.44441032409668,0.6004494428634644,11.746893882751465
943,14.135692596435547,0.6004494428634644,11.746893882751465
944,4.974477767944336,0.6004494428634644,11.746893882751465
945,5.657659530639648,0.6004494428634644,11.746893882751465
946,10.179950714111328,0.3476751744747162,10.203012466430664
947,22.56329345703125,0.3476751744747162,10.203012466430664
948,-3.0605297088623047,0.3476751744747162,10.203012466430664
949,7.477021217346191,0.3476751744747162,10.203012466430664
950,-4.017692565917969,0.3476751744747162,10.203012466430664
951,21.926029205322266,0.3476751744747162,10.203012466430664
952,-3.9564762115478516,0.5528998374938965,8.528376579284668
953,20.768224716186523,0.5528998374938965,8.528376579284668
954,-5.622495651245117,0.5528998374938965,8.528376579284668
955,-5.640562057495117,0.5528998374938965,8.528376579284668
956,20.28489112854004,0.5528998374938965,8.528376579284668
957,38.52398681640625,0.5528998374938965,8.528376579284668
958,-6.101053237915039,0.48370614647865295,8.432897567749023
959,16.012184143066406,0.48370614647865295,8.432897567749023
960,7.193912506103516,0.48370614647865295,8.432897567749023
961,-3.7572126388549805,0.48370614647865295,8.432897567749023
962,-2.3001184463500977,0.48370614647865295,8.432897567749023
963,32.209022521972656,0.48370614647865295,8.432897567749023
964,-5.787833213806152,0.3849804699420929,8.138147354125977
965,21.028100967407227,0.3849804699420929,8.138147354125977
966,20.2999267578125,0.3849804699420929,8.138147354125977
967,-8.63677978515625,0.3849804699420929,8.138147354125977
968,9.95657730102539,0.3849804699420929,8.138147354125977
969,14.597393989562988,0.3849804699420929,8.138147354125977
970,-6.18686580657959,0.2869737148284912,6.886450290679932
971,10.828841209411621,0.2869737148284912,6.886450290679932
972,-6.910764694213867,0.2869737148284912,6.886450290679932
973,23.772695541381836,0.2869737148284912,6.886450290679932
974,26.171382904052734,0.2869737148284912,6.886450290679932
975,-1.211374282836914,0.2869737148284912,6.886450290679932
976,11.622129440307617,0.41538944840431213,7.225295066833496
977,15.236824035644531,0.41538944840431213,7.225295066833496
978,18.107097625732422,0.41538944840431213,7.225295066833496
979,8.239481925964355,0.41538944840431213,7.225295066833496
980,15.42054557800293,0.41538944840431213,7.225295066833496
981,15.580334663391113,0.9870132207870483,5.717010021209717
982,23.274911880493164,0.9870132207870483,5.717010021209717
983,6.9595794677734375,0.9870132207870483,5.717010021209717
984,7.140286445617676,0.9870132207870483,5.717010021209717
985,2.5686635971069336,0.9870132207870483,5.717010021209717
986,40.860477447509766,0.9870132207870483,5.717010021209717
987,11.187517166137695,1.3895268440246582,11.215664863586426
988,6.345005035400391,1.3895268440246582,11.215664863586426
989,-8.113414764404297,1.3895268440246582,11.215664863586426
990,5.979958534240723,1.3895268440246582,11.215664863586426
991,6.1783342361450195,1.3895268440246582,11.215664863586426
992,3.945631980895996,1.3895268440246582,11.215664863586426
993,-25.153972625732422,0.6628077030181885,8.256462097167969
994,4.815891265869141,0.6628077030181885,8.256462097167969
995,7.301508903503418,0.6628077030181885,8.256462097167969
996,13.384977340698242,0.6628077030181885,8.256462097167969
997,8.066259384155273,0.6628077030181885,8.256462097167969
998,14.134894371032715,0.6628077030181885,8.256462097167969
999,5.629716873168945,0.6628077030181885,8.256462097167969
1000,24.780715942382812,0.5402716398239136,6.732013702392578
1001,-5.063562393188477,0.5402716398239136,6.732013702392578
1002,29.805252075195312,0.5402716398239136,6.732013702392578
1003,13.761615753173828,0.5402716398239136,6.732013702392578
1004,16.22041893005371,0.5402716398239136,6.732013702392578
1005,1.084512710571289,0.2889716923236847,5.248934745788574
1006,3.593170166015625,0.2889716923236847,5.248934745788574
1007,24.612598419189453,0.2889716923236847,5.248934745788574
1008,11.120152473449707,0.2889716923236847,5.248934745788574
1009,10.69630241394043,0.2889716923236847,5.248934745788574
1010,16.603031158447266,0.2889716923236847,5.248934745788574
1011,19.730653762817383,0.22226445376873016,6.176978588104248
1012,1.9104785919189453,0.22226445376873016,6.176978588104248
1013,18.459197998046875,0.22226445376873016,6.176978588104248
1014,37.35020446777344,0.22226445376873016,6.176978588104248
1015,21.572208404541016,0.22226445376873016,6.176978588104248
1016,-5.263094902038574,0.5315092206001282,5.652784824371338
1017,14.081158638000488,0.5315092206001282,5.652784824371338
1018,37.583221435546875,0.5315092206001282,5.652784824371338
1019,23.60670280456543,0.5315092206001282,5.652784824371338
1020,35.9724006652832,0.5315092206001282,5.652784824371338
1021,25.623126983642578,1.0229978561401367,3.4679839611053467
1022,34.519351959228516,1.0229978561401367,3.4679839611053467
1023,45.98504638671875,1.0229978561401367,3.4679839611053467
1024,45.129920959472656,1.0229978561401367,3.4679839611053467
1025,50.900856018066406,1.6538581848144531,1.78783118724823
1026,48.96358108520508,1.6538581848144531,1.78783118724823
1027,45.40631866455078,1.6538581848144531,1.78783118724823
1028,39.40540313720703,1.6538581848144531,1.78783118724823
1029,48.44395446777344,2.6870641708374023,4.2427544593811035
1030,10.71380615234375,2.6870641708374023,4.2427544593811035
1031,46.254364013671875,2.6870641708374023,4.2427544593811035
1032,47.976531982421875,2.6870641708374023,4.2427544593811035
1033,38.272857666015625,0.3930125832557678,4.0428571701049805
1034,26.393217086791992,0.3930125832557678,4.0428571701049805
1035,42.987335205078125,0.3930125832557678,4.0428571701049805
1036,45.206207275390625,0.3930125832557678,4.0428571701049805
1037,16.87029266357422,0.4446404278278351,3.3426148891448975
1038,42.8922119140625,0.4446404278278351,3.3426148891448975
1039,47.76189041137695,0.4446404278278351,3.3426148891448975
1040,44.01005554199219,0.4446404278278351,3.3426148891448975
1041,8.770902633666992,0.3310956656932831,6.752298355102539
1042,34.470001220703125,0.3310956656932831,6.752298355102539
1043,44.284027099609375,0.3310956656932831,6.752298355102539
1044,14.253223419189453,0.3310956656932831,6.752298355102539
1045,47.21284103393555,0.3310956656932831,6.752298355102539
1046,46.9786376953125,0.25971555709838867,3.783033609390259
1047,48.306060791015625,0.25971555709838867,3.783033609390259
1048,48.05762481689453,0.25971555709838867,3.783033609390259
1049,23.848827362060547,0.25971555709838867,3.783033609390259
1050,46.847896575927734,0.4526076912879944,3.461732864379883
1051,28.368385314941406,0.4526076912879944,3.461732864379883
1052,47.225074768066406,0.4526076912879944,3.461732864379883
1053,46.62484359741211,0.4526076912879944,3.461732864379883
1054,48.329734802246094,0.5459104180335999,1.4989229440689087
1055,44.419158935546875,0.5459104180335999,1.4989229440689087
1056,44.19147491455078,0.5459104180335999,1.4989229440689087
1057,41.69209671020508,0.5459104180335999,1.4989229440689087
1058,30.703508377075195,0.12447592616081238,7.486440658569336
1059,26.548656463623047,0.12447592616081238,7.486440658569336
1060,29.677927017211914,0.12447592616081238,7.486440658569336
1061,47.77473449707031,0.12447592616081238,7.486440658569336
1062,50.01455307006836,0.23339198529720306,1.129427433013916
1063,49.71406173706055,0.23339198529720306,1.129427433013916
1064,47.64018630981445,0.23339198529720306,1.129427433013916
1065,49.40977478027344,0.23339198529720306,1.129427433013916
1066,48.81146240234375,0.26463091373443604,1.214546799659729
1067,48.76966857910156,0.26463091373443604,1.214546799659729
1068,47.71089172363281,0.26463091373443604,1.214546799659729
1069,49.68082046508789,0.26463091373443604,1.214546799659729
1070,50.098670959472656,0.4468546211719513,1.1539822816848755
1071,49.18560028076172,0.4468546211719513,1.1539822816848755
1072,48.796607971191406,0.4468546211719513,1.1539822816848755
1073,48.59682083129883,0.4468546211719513,1.1539822816848755
1074,43.901763916015625,0.306465208530426,1.1902955770492554
1075,48.93328094482422,0.306465208530426,1.1902955770492554
1076,49.30243682861328,0.306465208530426,1.1902955770492554
1077,49.8033332824707,0.306465208530426,1.1902955770492554
1078,48.864662170410156,0.37895968556404114,0.8724840879440308
1079,48.54404830932617,0.37895968556404114,0.8724840879440308
1080,49.493560791015625,0.37895968556404114,0.8724840879440308
1081,47.93933868408203,0.37895968556404114,0.8724840879440308
1082,49.6881217956543,0.39119037985801697,0.9989025592803955
1083,45.7183837890625,0.39119037985801697,0.9989025592803955
1084,48.54772186279297,0.39119037985801697,0.9989025592803955
1085,49.711647033691406,0.39119037985801697,0.9989025592803955
1086,47.40679168701172,0.651300311088562,0.9876673817634583
1087,44.836727142333984,0.651300311088562,0.9876673817634583
1088,47.67647171020508,0.651300311088562,0.9876673817634583
1089,49.05318832397461,0.651300311088562,0.9876673817634583
1090,38.22523498535156,2.0495076179504395,1.743696928024292
1091,46.39259338378906,2.0495076179504395,1.743696928024292
1092,48.93193054199219,2.0495076179504395,1.743696928024292
1093,46.95947265625,2.0495076179504395,1.743696928024292
1094,30.841093063354492,0.265156090259552,2.124228000640869
1095,38.33049392700195,0.265156090259552,2.124228000640869
1096,46.47032165527344,0.265156090259552,2.124228000640869
1097,49.876163482666016,0.265156090259552,2.124228000640869
1098,48.393455505371094,0.3252367079257965,1.7138148546218872
1099,48.55656814575195,0.3252367079257965,1.7138148546218872
1100,45.25722122192383,0.3252367079257965,1.7138148546218872
1101,36.254615783691406,0.3252367079257965,1.7138148546218872
1102,38.83135986328125,0.4242187738418579,1.5156373977661133
1103,38.430458068847656,0.4242187738418579,1.5156373977661133
1104,46.64369201660156,0.4242187738418579,1.5156373977661133
1105,38.99538040161133,0.4242187738418579,1.5156373977661133
1106,38.978275299072266,1.271471381187439,2.1139488220214844
1107,39.51112747192383,1.271471381187439,2.1139488220214844
1108,46.25078582763672,1.271471381187439,2.1139488220214844
1109,39.2934455871582,1.271471381187439,2.1139488220214844
1110,17.247486114501953,0.2990831732749939,11.194269180297852
1111,17.01395034790039,0.2990831732749939,11.194269180297852
1112,29.81903076171875,0.2990831732749939,11.194269180297852
1113,39.66791534423828,0.2990831732749939,11.194269180297852
1114,47.23391342163086,0.2990831732749939,11.194269180297852
1115,31.54813575744629,0.2570628225803375,10.252677917480469
1116,6.200126647949219,0.2570628225803375,10.252677917480469
1117,16.965679168701172,0.2570628225803375,10.252677917480469
1118,21.969776153564453,0.2570628225803375,10.252677917480469
1119,16.0877742767334,0.2570628225803375,10.252677917480469
1120,19.649471282958984,0.4562748074531555,7.717236042022705
1121,7.835577011108398,0.4562748074531555,7.717236042022705
1122,4.745979309082031,0.4562748074531555,7.717236042022705
1123,21.97721290588379,0.4562748074531555,7.717236042022705
1124,39.52613067626953,0.4562748074531555,7.717236042022705
1125,-25.351123809814453,0.43344929814338684,30.81353187561035
1126,12.498800277709961,0.43344929814338684,30.81353187561035
1127,31.694677352905273,0.43344929814338684,30.81353187561035
1128,-24.211265563964844,0.43344929814338684,30.81353187561035
1129,-24.46928596496582,0.43344929814338684,30.81353187561035
1130,7.513036727905273,0.43344929814338684,30.81353187561035
1131,17.580947875976562,0.43344929814338684,30.81353187561035
1132,34.936195373535156,0.669506847858429,7.0650506019592285
1133,6.961968421936035,0.669506847858429,7.0650506019592285
1134,6.063350677490234,0.669506847858429,7.0650506019592285
1135,-25.055742263793945,0.669506847858429,7.0650506019592285
1136,8.102413177490234,0.669506847858429,7.0650506019592285
1137,14.335611343383789,0.669506847858429,7.0650506019592285
1138,4.552885055541992,0.6546502113342285,8.903136253356934
1139,8.78562068939209,0.6546502113342285,8.903136253356934
1140,-23.4705810546875,0.6546502113342285,8.903136253356934
1141,-23.616912841796875,0.6546502113342285,8.903136253356934
1142,9.628259658813477,0.6546502113342285,8.903136253356934
1143,16.036144256591797,0.6546502113342285,8.903136253356934
1144,2.214724540710449,0.6546502113342285,8.903136253356934
1145,14.146295547485352,0.5633450746536255,6.573936939239502
1146,5.367060661315918,0.5633450746536255,6.573936939239502
1147,24.513141632080078,0.5633450746536255,6.573936939239502
1148,31.758331298828125,0.5633450746536255,6.573936939239502
1149,39.18275451660156,0.5633450746536255,6.573936939239502
1150,34.18922424316406,1.1727396249771118,2.622217893600464
1151,14.898317337036133,1.1727396249771118,2.622217893600464
1152,19.83901596069336,1.1727396249771118,2.622217893600464
1153,8.591446876525879,1.1727396249771118,2.622217893600464
1154,16.225475311279297,1.1727396249771118,2.622217893600464
1155,16.451255798339844,0.45804962515830994,5.9441447257995605
1156,5.018646240234375,0.45804962515830994,5.9441447257995605
1157,44.12734603881836,0.45804962515830994,5.9441447257995605
1158,49.17335510253906,0.45804962515830994,5.9441447257995605
1159,40.010066986083984,0.6862713098526001,2.5975122451782227
1160,42.19957733154297,0.6862713098526001,2.5975122451782227
1161,44.00144577026367,0.6862713098526001,2.5975122451782227
1162,43.611663818359375,0.6862713098526001,2.5975122451782227
1163,41.075927734375,0.5636237859725952,1.7640833854675293
1164,39.48121643066406,0.5636237859725952,1.7640833854675293
1165,38.62952423095703,0.5636237859725952,1.7640833854675293
1166,17.93906021118164,0.4886625409126282,3.279869556427002
1167,39.365386962890625,0.4886625409126282,3.279869556427002
1168,37.213043212890625,0.4886625409126282,3.279869556427002
1169,40.36484146118164,0.4886625409126282,3.279869556427002
1170,44.412662506103516,0.2949771583080292,7.78981876373291
1171,20.04149627685547,0.2949771583080292,7.78981876373291
1172,-2.9439029693603516,0.2949771583080292,7.78981876373291
1173,16.886417388916016,0.2949771583080292,7.78981876373291
1174,40.92395782470703,0.2949771583080292,7.78981876373291
1175,45.442626953125,0.4003933072090149,3.3583319187164307
1176,45.49147033691406,0.4003933072090149,3.3583319187164307
1177,22.51608657836914,0.4003933072090149,3.3583319187164307
1178,39.0992431640625,0.4003933072090149,3.3583319187164307
1179,43.34035873413086,0.7866416573524475,6.647126197814941
1180,25.310272216796875,0.7866416573524475,6.647126197814941
1181,24.05329132080078,0.7866416573524475,6.647126197814941
1182,25.90682601928711,0.7866416573524475,6.647126197814941
1183,46.08149719238281,0.29317647218704224,5.166146278381348
1184,25.29666519165039,0.29317647218704224,5.166146278381348
1185,44.9354133605957,0.29317647218704224,5.166146278381348
1186,24.555789947509766,0.29317647218704224,5.166146278381348
1187,37.725643157958984,0.3010976016521454,4.459968090057373
1188,28.591476440429688,0.3010976016521454,4.459968090057373
1189,46.64889907836914,0.3010976016521454,4.459968090057373
1190,31.01386070251465,0.3010976016521454,4.459968090057373
1191,34.87005615234375,0.4925297796726227,2.1763999462127686
1192,42.23860168457031,0.4925297796726227,2.1763999462127686
1193,44.40019989013672,0.4925297796726227,2.1763999462127686
1194,43.8371696472168,0.4925297796726227,2.1763999462127686
1195,14.748064041137695,0.3359176814556122,3.913531541824341
1196,46.068511962890625,0.3359176814556122,3.913531541824341
1197,48.319854736328125,0.3359176814556122,3.913531541824341
1198,27.977859497070312,0.3359176814556122,3.913531541824341
1199,34.61738586425781,0.21524952352046967,3.858994722366333
1200,43.613128662109375,0.21524952352046967,3.858994722366333
1201,36.317405700683594,0.21524952352046967,3.858994722366333
1202,10.956623077392578,0.21524952352046967,3.858994722366333
1203,43.87248229980469,0.25301095843315125,3.8341288566589355
1204,36.04127883911133,0.25301095843315125,3.8341288566589355
1205,24.087722778320312,0.25301095843315125,3.8341288566589355
1206,35.460723876953125,0.25301095843315125,3.8341288566589355
1207,38.065101623535156,0.31438833475112915,5.403806209564209
1208,47.83253479003906,0.31438833475112915,5.403806209564209
1209,-0.4140501022338867,0.31438833475112915,5.403806209564209
1210,15.504159927368164,0.31438833475112915,5.403806209564209
1211,34.20273208618164,0.31438833475112915,5.403806209564209
1212,47.73479461669922,0.5021107196807861,4.380446434020996
1213,9.466695785522461,0.5021107196807861,4.380446434020996
1214,16.5191707611084,0.5021107196807861,4.380446434020996
1215,34.67498779296875,0.5021107196807861,4.380446434020996
1216,48.61601638793945,0.7911328673362732,3.923231601715088
1217,47.440677642822266,0.7911328673362732,3.923231601715088
1218,12.071619033813477,0.7911328673362732,3.923231601715088
1219,44.876373291015625,0.7911328673362732,3.923231601715088
1220,45.113494873046875,0.5640043020248413,1.4489049911499023
1221,42.032108306884766,0.5640043020248413,1.4489049911499023
1222,47.21597671508789,0.5640043020248413,1.4489049911499023
1223,43.63282775878906,0.5640043020248413,1.4489049911499023
1224,44.680023193359375,0.3358185887336731,4.488093852996826
1225,18.042451858520508,0.3358185887336731,4.488093852996826
1226,38.881256103515625,0.3358185887336731,4.488093852996826
1227,48.25786590576172,0.3358185887336731,4.488093852996826
1228,46.113182067871094,1.8911632299423218,1.5711191892623901
1229,47.47504806518555,1.8911632299423218,1.5711191892623901
1230,47.895599365234375,1.8911632299423218,1.5711191892623901
1231,44.2442512512207,0.3218526542186737,1.6461801528930664
1232,49.050048828125,0.3218526542186737,1.6461801528930664
1233,48.831687927246094,0.3218526542186737,1.6461801528930664
1234,47.30207061767578,0.5129820108413696,3.668470859527588
1235,46.682090759277344,0.5129820108413696,3.668470859527588
1236,34.925453186035156,0.5129820108413696,3.668470859527588
1237,48.68284606933594,0.2576069235801697,1.906190037727356
1238,45.50328063964844,0.2576069235801697,1.906190037727356
1239,49.456539154052734,0.2576069235801697,1.906190037727356
1240,47.63170623779297,0.36438238620758057,1.034873127937317
1241,47.42156219482422,0.36438238620758057,1.034873127937317
1242,47.874794006347656,0.36438238620758057,1.034873127937317
1243,46.96064758300781,0.3314356803894043,1.174413800239563
1244,48.514339447021484,0.3314356803894043,1.174413800239563
1245,47.24668502807617,0.3314356803894043,1.174413800239563
1246,47.30000686645508,0.3314356803894043,1.174413800239563
1247,46.742095947265625,0.5058659911155701,1.355722427368164
1248,46.3323860168457,0.5058659911155701,1.355722427368164
1249,48.173683166503906,0.5058659911155701,1.355722427368164
1250,46.656105041503906,0.5058659911155701,1.355722427368164
1251,46.02410125732422,0.26382890343666077,1.1517834663391113
1252,44.517417907714844,0.26382890343666077,1.1517834663391113
1253,49.947181701660156,0.26382890343666077,1.1517834663391113
1254,47.34934997558594,0.4516773223876953,0.9032385945320129
1255,47.27005386352539,0.4516773223876953,0.9032385945320129
1256,47.594520568847656,0.4516773223876953,0.9032385945320129
1257,46.638031005859375,0.5719918012619019,0.9533399939537048
1258,45.16651916503906,0.5719918012619019,0.9533399939537048
1259,47.258087158203125,0.5719918012619019,0.9533399939537048
1260,47.53907012939453,0.5719918012619019,0.9533399939537048
1261,46.965335845947266,0.4460940957069397,0.69626784324646
1262,48.195587158203125,0.4460940957069397,0.69626784324646
1263,47.082820892333984,0.4460940957069397,0.69626784324646
1264,45.656394958496094,0.3346353769302368,1.150378942489624
1265,45.63367462158203,0.3346353769302368,1.150378942489624
1266,46.71792984008789,0.3346353769302368,1.150378942489624
1267,35.442726135253906,0.3346353769302368,1.150378942489624
1268,43.21352767944336,0.6462120413780212,1.0554968118667603
1269,42.865325927734375,0.6462120413780212,1.0554968118667603
1270,44.06905746459961,0.6462120413780212,1.0554968118667603
1271,44.64179992675781,0.6462120413780212,1.0554968118667603
1272,44.459564208984375,0.48056545853614807,1.5410189628601074
1273,44.59962463378906,0.48056545853614807,1.5410189628601074
1274,46.862754821777344,0.48056545853614807,1.5410189628601074
1275,32.852867126464844,0.48056545853614807,1.5410189628601074
1276,44.633567810058594,0.8911240696907043,1.7824431657791138
1277,35.50041961669922,0.8911240696907043,1.7824431657791138
1278,30.228342056274414,0.8911240696907043,1.7824431657791138
1279,26.779293060302734,0.8911240696907043,1.7824431657791138
1280,30.814510345458984,0.3570728302001953,2.850268840789795
1281,27.33709716796875,0.3570728302001953,2.850268840789795
1282,34.578582763671875,0.3570728302001953,2.850268840789795
1283,35.71263122558594,0.3570728302001953,2.850268840789795
1284,9.305423736572266,0.472208172082901,6.739008903503418
1285,12.019625663757324,0.472208172082901,6.739008903503418
1286,46.58750534057617,0.472208172082901,6.739008903503418
1287,45.97909927368164,0.472208172082901,6.739008903503418
1288,33.700313568115234,0.4034542441368103,1.6286181211471558
1289,46.34981918334961,0.4034542441368103,1.6286181211471558
1290,45.09760284423828,0.4034542441368103,1.6286181211471558
1291,34.81544876098633,0.4034542441368103,1.6286181211471558
1292,44.35780334472656,0.5033640265464783,1.1681855916976929
1293,38.90135955810547,0.5033640265464783,1.1681855916976929
1294,43.98316192626953,0.5033640265464783,1.1681855916976929
1295,44.84605407714844,0.5033640265464783,1.1681855916976929
1296,47.43208312988281,0.2933579981327057,0.8481255769729614
1297,45.997764587402344,0.2933579981327057,0.8481255769729614
1298,45.74781036376953,0.2933579981327057,0.8481255769729614
1299,45.58266830444336,0.2933579981327057,0.8481255769729614
1300,48.16755676269531,0.3875616192817688,0.6872066259384155
1301,47.15201950073242,0.3875616192817688,0.6872066259384155
1302,43.11848449707031,0.3875616192817688,0.6872066259384155
1303,47.582725524902344,0.3875616192817688,0.6872066259384155
1304,45.33552551269531,3.8302547931671143,2.791944742202759
1305,45.068782806396484,3.8302547931671143,2.791944742202759
1306,26.623497009277344,3.8302547931671143,2.791944742202759
1307,47.25763702392578,3.8302547931671143,2.791944742202759
1308,27.86052131652832,0.28105637431144714,2.3059444427490234
1309,47.72352600097656,0.28105637431144714,2.3059444427490234
1310,48.58386993408203,0.28105637431144714,2.3059444427490234
1311,37.961875915527344,0.28105637431144714,2.3059444427490234
1312,47.4351921081543,0.4681042432785034,1.1332613229751587
1313,38.50510025024414,0.4681042432785034,1.1332613229751587
1314,39.584922790527344,0.4681042432785034,1.1332613229751587
1315,47.8411865234375,0.4681042432785034,1.1332613229751587
1316,46.31562042236328,0.6683875918388367,0.8058491349220276
1317,46.17951202392578,0.6683875918388367,0.8058491349220276
1318,48.43083953857422,0.6683875918388367,0.8058491349220276
1319,46.54140853881836,0.2800646722316742,0.9566188454627991
1320,44.438018798828125,0.2800646722316742,0.9566188454627991
1321,45.713897705078125,0.2800646722316742,0.9566188454627991
1322,47.91752243041992,0.2800646722316742,0.9566188454627991
1323,33.712738037109375,0.31175926327705383,1.0106477737426758
1324,43.78434753417969,0.31175926327705383,1.0106477737426758
1325,45.02230453491211,0.31175926327705383,1.0106477737426758
1326,47.2161865234375,0.31175926327705383,1.0106477737426758
1327,41.0710334777832,0.7490248084068298,1.1209850311279297
1328,40.01830291748047,0.7490248084068298,1.1209850311279297
1329,45.254329681396484,0.7490248084068298,1.1209850311279297
1330,44.870140075683594,0.7490248084068298,1.1209850311279297
1331,49.236087799072266,0.3043507933616638,1.3810489177703857
1332,37.60698699951172,0.3043507933616638,1.3810489177703857
1333,36.92110061645508,0.3043507933616638,1.3810489177703857
1334,47.45613479614258,0.3043507933616638,1.3810489177703857
1335,46.81575012207031,0.3175503611564636,6.144274711608887
1336,10.29145622253418,0.3175503611564636,6.144274711608887
1337,27.01477813720703,0.3175503611564636,6.144274711608887
1338,36.29405212402344,0.3175503611564636,6.144274711608887
1339,29.359033584594727,0.28914788365364075,1.6745554208755493
1340,47.844581604003906,0.28914788365364075,1.6745554208755493
1341,47.946346282958984,0.28914788365364075,1.6745554208755493
1342,35.416748046875,0.28914788365364075,1.6745554208755493
1343,48.84886932373047,0.42568108439445496,0.6606594324111938
1344,47.1490592956543,0.42568108439445496,0.6606594324111938
1345,47.22673797607422,0.42568108439445496,0.6606594324111938
1346,42.18645095825195,0.42568108439445496,0.6606594324111938
1347,26.170621871948242,0.7263075113296509,1.6545734405517578
1348,39.63987731933594,0.7263075113296509,1.6545734405517578
1349,43.9884033203125,0.7263075113296509,1.6545734405517578
1350,43.291053771972656,0.7263075113296509,1.6545734405517578
1351,29.998579025268555,0.10349223762750626,2.34696888923645
1352,46.79137420654297,0.10349223762750626,2.34696888923645
1353,46.819541931152344,0.10349223762750626,2.34696888923645
1354,44.39299392700195,0.10349223762750626,2.34696888923645
1355,48.768741607666016,0.8499709367752075,0.6947103142738342
1356,44.740325927734375,0.8499709367752075,0.6947103142738342
1357,47.4308967590332,0.8499709367752075,0.6947103142738342
1358,47.43103790283203,0.3987782299518585,0.7535113096237183
1359,47.3056640625,0.3987782299518585,0.7535113096237183
1360,48.80910110473633,0.3987782299518585,0.7535113096237183
1361,46.63458251953125,0.3987782299518585,0.7535113096237183
1362,47.326873779296875,0.3601449429988861,0.6367078423500061
1363,47.691184997558594,0.3601449429988861,0.6367078423500061
1364,46.844566345214844,0.3601449429988861,0.6367078423500061
1365,48.00557327270508,0.7294564247131348,0.7827531695365906
1366,48.772178649902344,0.7294564247131348,0.7827531695365906
1367,46.36050796508789,0.7294564247131348,0.7827531695365906
1368,46.379058837890625,0.7294564247131348,0.7827531695365906
1369,46.266380310058594,1.820913553237915,0.8668960928916931
1370,47.38481140136719,1.820913553237915,0.8668960928916931
1371,44.71005630493164,1.820913553237915,0.8668960928916931
1372,48.29988098144531,1.820913553237915,0.8668960928916931
1373,47.68418884277344,0.343117356300354,0.6424019932746887
1374,48.89019012451172,0.343117356300354,0.6424019932746887
1375,47.6329460144043,0.343117356300354,0.6424019932746887
1376,44.81700134277344,0.24633459746837616,1.3774757385253906
1377,47.09046936035156,0.24633459746837616,1.3774757385253906
1378,36.03608322143555,0.24633459746837616,1.3774757385253906
1379,47.67051696777344,0.24633459746837616,1.3774757385253906
1380,46.81922912597656,4.356557846069336,0.5622643828392029
1381,47.778953552246094,4.356557846069336,0.5622643828392029
1382,46.887943267822266,4.356557846069336,0.5622643828392029
1383,46.84907531738281,4.356557846069336,0.5622643828392029
1384,33.7301025390625,0.4349295496940613,0.9159824252128601
1385,44.30795669555664,0.4349295496940613,0.9159824252128601
1386,46.37433624267578,0.4349295496940613,0.9159824252128601
1387,42.741783142089844,0.2722988426685333,1.5923545360565186
1388,42.291664123535156,0.2722988426685333,1.5923545360565186
1389,25.674571990966797,0.2722988426685333,1.5923545360565186
1390,30.552330017089844,0.36551350355148315,1.4099704027175903
1391,45.284278869628906,0.36551350355148315,1.4099704027175903
1392,35.02916717529297,0.36551350355148315,1.4099704027175903
1393,42.52776336669922,2.42814564704895,0.7994077801704407
1394,39.010292053222656,2.42814564704895,0.7994077801704407
1395,46.62964630126953,2.42814564704895,0.7994077801704407
1396,43.52262878417969,0.21350182592868805,0.8954949975013733
1397,44.52044677734375,0.21350182592868805,0.8954949975013733
1398,38.408851623535156,0.21350182592868805,0.8954949975013733
1399,46.09370040893555,0.19622868299484253,0.7279773950576782
1400,49.04780578613281,0.19622868299484253,0.7279773950576782
1401,38.99903106689453,0.19622868299484253,0.7279773950576782
1402,47.571205139160156,0.19622868299484253,0.7279773950576782
1403,47.448970794677734,0.40713170170783997,0.7941843867301941
1404,47.90447235107422,0.40713170170783997,0.7941843867301941
1405,47.38933563232422,0.40713170170783997,0.7941843867301941
1406,45.646705627441406,0.40713170170783997,0.7941843867301941
1407,46.19404602050781,0.7215167284011841,0.8945626616477966
1408,47.42383575439453,0.7215167284011841,0.8945626616477966
1409,47.9362907409668,0.7215167284011841,0.8945626616477966
1410,47.78898620605469,0.7215167284011841,0.8945626616477966
1411,47.32283401489258,0.32294559478759766,0.6284741759300232
1412,45.809749603271484,0.32294559478759766,0.6284741759300232
1413,47.99912643432617,0.32294559478759766,0.6284741759300232
1414,47.60118865966797,0.32294559478759766,0.6284741759300232
1415,45.974647521972656,0.9866271018981934,0.5958403944969177
1416,47.7530632019043,0.9866271018981934,0.5958403944969177
1417,47.69075012207031,0.9866271018981934,0.5958403944969177
1418,47.358638763427734,0.9866271018981934,0.5958403944969177
1419,48.57669448852539,0.23848970234394073,1.1034044027328491
1420,47.30632019042969,0.23848970234394073,1.1034044027328491
1421,47.311031341552734,0.23848970234394073,1.1034044027328491
1422,37.484371185302734,0.23848970234394073,1.1034044027328491
1423,48.13031768798828,0.35330507159233093,0.6208113431930542
1424,48.48200607299805,0.35330507159233093,0.6208113431930542
1425,43.55030822753906,0.35330507159233093,0.6208113431930542
1426,39.176822662353516,0.3701445758342743,0.7748556733131409
1427,48.30867385864258,0.3701445758342743,0.7748556733131409
1428,43.60743713378906,0.3701445758342743,0.7748556733131409
1429,48.581748962402344,0.423963725566864,0.6416885852813721
1430,47.32865905761719,0.423963725566864,0.6416885852813721
1431,44.346458435058594,0.423963725566864,0.6416885852813721
1432,43.47772979736328,0.6333100199699402,3.067568302154541
1433,120.91017150878906,0.6333100199699402,3.067568302154541
1434,33.15937042236328,0.6333100199699402,3.067568302154541
1435,34.931060791015625,0.2945616543292999,9.177316665649414
1436,-9.428549766540527,0.2945616543292999,9.177316665649414
1437,47.3349609375,0.2945616543292999,9.177316665649414
1438,47.2071647644043,0.2945616543292999,9.177316665649414
1439,48.28134536743164,5.2972211837768555,0.8682495355606079
1440,48.42178726196289,5.2972211837768555,0.8682495355606079
1441,42.586570739746094,5.2972211837768555,0.8682495355606079
1442,46.444190979003906,0.23870804905891418,0.7104341387748718
1443,47.5479621887207,0.23870804905891418,0.7104341387748718
1444,47.09284973144531,0.23870804905891418,0.7104341387748718
1445,48.70794677734375,0.23870804905891418,0.7104341387748718
1446,48.349090576171875,0.7965571284294128,0.5890336632728577
1447,46.45904541015625,0.7965571284294128,0.5890336632728577
1448,46.628238677978516,0.7965571284294128,0.5890336632728577
1449,45.689327239990234,0.7965571284294128,0.5890336632728577
1450,46.38178253173828,0.3144080340862274,0.78846275806427
1451,46.62016677856445,0.3144080340862274,0.78846275806427
1452,47.85281753540039,0.3144080340862274,0.78846275806427
1453,48.07905197143555,0.3144080340862274,0.78846275806427
1454,46.658660888671875,5.2214765548706055,0.6717604398727417
1455,45.8936767578125,5.2214765548706055,0.6717604398727417
1456,47.0126953125,5.2214765548706055,0.6717604398727417
1457,47.4144172668457,5.2214765548706055,0.6717604398727417
1458,46.25491714477539,0.510254442691803,0.5719133019447327
1459,47.42430877685547,0.510254442691803,0.5719133019447327
1460,46.318668365478516,0.510254442691803,0.5719133019447327
1461,46.37759017944336,0.510254442691803,0.5719133019447327
1462,46.48634338378906,0.37784475088119507,1.7891298532485962
1463,29.15446662902832,0.37784475088119507,1.7891298532485962
1464,44.635826110839844,0.37784475088119507,1.7891298532485962
1465,47.220741271972656,0.37784475088119507,1.7891298532485962
1466,34.10795974731445,0.24741089344024658,1.1235005855560303
1467,45.51652908325195,0.24741089344024658,1.1235005855560303
1468,40.18564224243164,0.24741089344024658,1.1235005855560303
1469,37.12306213378906,0.24741089344024658,1.1235005855560303
1470,40.77263259887695,0.5597251653671265,1.2523506879806519
1471,42.425872802734375,0.5597251653671265,1.2523506879806519
1472,46.30072021484375,0.5597251653671265,1.2523506879806519
1473,33.463829040527344,0.5597251653671265,1.2523506879806519
1474,11.682893753051758,0.16565074026584625,3.2417290210723877
1475,38.761444091796875,0.16565074026584625,3.2417290210723877
1476,43.117977142333984,0.16565074026584625,3.2417290210723877
1477,46.71554946899414,0.16565074026584625,3.2417290210723877
1478,48.43727493286133,0.36692914366722107,1.1593842506408691
1479,45.73169708251953,0.36692914366722107,1.1593842506408691
1480,43.394500732421875,0.36692914366722107,1.1593842506408691
1481,44.710411071777344,0.36692914366722107,1.1593842506408691
1482,35.4766845703125,0.42452120780944824,1.3858742713928223
1483,46.60713195800781,0.42452120780944824,1.3858742713928223
1484,42.52867889404297,0.42452120780944824,1.3858742713928223
1485,46.74484634399414,0.42452120780944824,1.3858742713928223
1486,46.74162292480469,0.46853315830230713,0.8203974962234497
1487,43.99193572998047,0.46853315830230713,0.8203974962234497
1488,47.19416427612305,0.46853315830230713,0.8203974962234497
1489,39.826717376708984,0.29008468985557556,1.098181128501892
1490,47.56788635253906,0.29008468985557556,1.098181128501892
1491,47.019466400146484,0.29008468985557556,1.098181128501892
1492,48.10808563232422,0.29008468985557556,1.098181128501892
1493,46.126319885253906,0.4001013934612274,0.6192206740379333
1494,46.949989318847656,0.4001013934612274,0.6192206740379333
1495,45.79200744628906,0.4001013934612274,0.6192206740379333
1496,47.123443603515625,0.4001013934612274,0.6192206740379333
1497,-12.131397247314453,0.6171751618385315,40.80864715576172
1498,18.595298767089844,0.6171751618385315,40.80864715576172
1499,-9.311126708984375,0.6171751618385315,40.80864715576172
1500,3.0418262481689453,0.6171751618385315,40.80864715576172
1501,-11.366170883178711,0.6171751618385315,40.80864715576172
1502,19.29875946044922,0.6171751618385315,40.80864715576172
1503,15.252256393432617,0.6171751618385315,40.80864715576172
1504,42.37913513183594,0.25559571385383606,19.914077758789062
1505,-7.6105499267578125,0.25559571385383606,19.914077758789062
1506,-10.950315475463867,0.25559571385383606,19.914077758789062
1507,17.518756866455078,0.25559571385383606,19.914077758789062
1508,39.37159729003906,0.25559571385383606,19.914077758789062
1509,4.4333343505859375,0.25559571385383606,19.914077758789062
1510,21.413860321044922,3.4315779209136963,9.54482364654541
1511,21.25946807861328,3.4315779209136963,9.54482364654541
1512,38.125301361083984,3.4315779209136963,9.54482364654541
1513,-6.416526794433594,3.4315779209136963,9.54482364654541
1514,-1.0292606353759766,3.4315779209136963,9.54482364654541
1515,21.421966552734375,3.4315779209136963,9.54482364654541
1516,27.59857940673828,0.38444334268569946,4.61114501953125
1517,19.30902862548828,0.38444334268569946,4.61114501953125
1518,24.05403709411621,0.38444334268569946,4.61114501953125
1519,25.40343475341797,0.38444334268569946,4.61114501953125
1520,19.646930694580078,0.38444334268569946,4.61114501953125
1521,4.885628700256348,0.5557685494422913,9.245537757873535
1522,-8.641057014465332,0.5557685494422913,9.245537757873535
1523,17.528181076049805,0.5557685494422913,9.245537757873535
1524,19.975027084350586,0.5557685494422913,9.245537757873535
1525,-7.498408317565918,0.5557685494422913,9.245537757873535
1526,34.30705642700195,0.5557685494422913,9.245537757873535
1527,24.57818031311035,0.5102749466896057,4.43004846572876
1528,20.475770950317383,0.5102749466896057,4.43004846572876
1529,29.286563873291016,0.5102749466896057,4.43004846572876
1530,26.316856384277344,0.5102749466896057,4.43004846572876
1531,-12.233527183532715,0.6054458022117615,9.60680866241455
1532,1.9769134521484375,0.6054458022117615,9.60680866241455
1533,43.745506286621094,0.6054458022117615,9.60680866241455
1534,-1.7553997039794922,0.6054458022117615,9.60680866241455
1535,18.994131088256836,0.6054458022117615,9.60680866241455
1536,23.17835807800293,0.6054458022117615,9.60680866241455
1537,-6.002974510192871,0.5160098671913147,7.221659183502197
1538,8.372888565063477,0.5160098671913147,7.221659183502197
1539,45.00391387939453,0.5160098671913147,7.221659183502197
1540,-7.002132415771484,0.5160098671913147,7.221659183502197
1541,20.92183494567871,0.5160098671913147,7.221659183502197
1542,-7.503522872924805,0.5160098671913147,7.221659183502197
1543,31.127117156982422,0.5160098671913147,7.221659183502197
1544,-2.1728858947753906,0.4032464027404785,5.613344669342041
1545,38.207725524902344,0.4032464027404785,5.613344669342041
1546,-6.953350067138672,0.4032464027404785,5.613344669342041
1547,23.385303497314453,0.4032464027404785,5.613344669342041
1548,19.022619247436523,0.4032464027404785,5.613344669342041
1549,16.140581130981445,0.4032464027404785,5.613344669342041
1550,19.592416763305664,0.6877189874649048,7.046036243438721
1551,0.9658889770507812,0.6877189874649048,7.046036243438721
1552,-9.011819839477539,0.6877189874649048,7.046036243438721
1553,41.86622619628906,0.6877189874649048,7.046036243438721
1554,-7.311939239501953,0.6877189874649048,7.046036243438721
1555,41.744991302490234,0.6877189874649048,7.046036243438721
1556,18.875694274902344,0.23877117037773132,5.981743812561035
1557,-4.993841171264648,0.23877117037773132,5.981743812561035
1558,27.629674911499023,0.23877117037773132,5.981743812561035
1559,-8.86882495880127,0.23877117037773132,5.981743812561035
1560,18.486896514892578,0.23877117037773132,5.981743812561035
1561,30.595808029174805,0.23877117037773132,5.981743812561035
1562,25.624990463256836,1.7216761112213135,5.216038703918457
1563,-9.072216987609863,1.7216761112213135,5.216038703918457
1564,21.1146240234375,1.7216761112213135,5.216038703918457
1565,23.75613784790039,1.7216761112213135,5.216038703918457
1566,38.78849792480469,1.7216761112213135,5.216038703918457
1567,15.748762130737305,0.3128400444984436,9.485275268554688
1568,20.217693328857422,0.3128400444984436,9.485275268554688
1569,-10.245848655700684,0.3128400444984436,9.485275268554688
1570,16.487295150756836,0.3128400444984436,9.485275268554688
1571,-7.97321891784668,0.3128400444984436,9.485275268554688
1572,14.356037139892578,0.3128400444984436,9.485275268554688
1573,19.395771026611328,0.6734602451324463,4.529809474945068
1574,21.917646408081055,0.6734602451324463,4.529809474945068
1575,-7.685632705688477,0.6734602451324463,4.529809474945068
1576,22.372392654418945,0.6734602451324463,4.529809474945068
1577,34.592647552490234,0.6734602451324463,4.529809474945068
1578,41.19416809082031,0.6734602451324463,4.529809474945068
1579,22.992610931396484,0.33411428332328796,3.4935195446014404
1580,12.652116775512695,0.33411428332328796,3.4935195446014404
1581,41.30078125,0.33411428332328796,3.4935195446014404
1582,33.715721130371094,0.33411428332328796,3.4935195446014404
1583,47.394805908203125,0.33411428332328796,3.4935195446014404
1584,-1.2594280242919922,1.067379117012024,5.389669418334961
1585,30.10248565673828,1.067379117012024,5.389669418334961
1586,43.51556396484375,1.067379117012024,5.389669418334961
1587,22.7221622467041,1.067379117012024,5.389669418334961
1588,16.266921997070312,1.067379117012024,5.389669418334961
1589,-7.822578430175781,0.4982333183288574,7.928747653961182
1590,10.594852447509766,0.4982333183288574,7.928747653961182
1591,13.658258438110352,0.4982333183288574,7.928747653961182
1592,42.81071853637695,0.4982333183288574,7.928747653961182
1593,-6.878191947937012,0.4982333183288574,7.928747653961182
1594,31.407358169555664,0.4982333183288574,7.928747653961182
1595,18.600496292114258,0.41642096638679504,5.467688083648682
1596,30.794292449951172,0.41642096638679504,5.467688083648682
1597,36.90911102294922,0.41642096638679504,5.467688083648682
1598,-2.639415740966797,0.41642096638679504,5.467688083648682
1599,18.454496383666992,0.41642096638679504,5.467688083648682
1600,20.451736450195312,0.41642096638679504,5.467688083648682
1601,35.699745178222656,0.647361159324646,3.4878435134887695
1602,21.858858108520508,0.647361159324646,3.4878435134887695
1603,45.42603302001953,0.647361159324646,3.4878435134887695
1604,49.39865493774414,0.647361159324646,3.4878435134887695
1605,19.161148071289062,0.647361159324646,3.4878435134887695
1606,24.88439178466797,0.2515494227409363,6.276977062225342
1607,10.343761444091797,0.2515494227409363,6.276977062225342
1608,9.702645301818848,0.2515494227409363,6.276977062225342
1609,13.392650604248047,0.2515494227409363,6.276977062225342
1610,40.802364349365234,0.2515494227409363,6.276977062225342
1611,17.534198760986328,0.434810608625412,6.485934257507324
1612,22.93022918701172,0.434810608625412,6.485934257507324
1613,19.476242065429688,0.434810608625412,6.485934257507324
1614,44.65895080566406,0.434810608625412,6.485934257507324
1615,-5.950098991394043,0.434810608625412,6.485934257507324
1616,15.983242988586426,0.434810608625412,6.485934257507324
1617,4.553770065307617,0.482218861579895,5.077583312988281
1618,21.737817764282227,0.482218861579895,5.077583312988281
1619,19.13462257385254,0.482218861579895,5.077583312988281
1620,42.68318557739258,0.482218861579895,5.077583312988281
1621,34.67232131958008,0.482218861579895,5.077583312988281
1622,45.86030960083008,0.482218861579895,5.077583312988281
1623,1.873758316040039,0.3569067418575287,8.048547744750977
1624,41.63382339477539,0.3569067418575287,8.048547744750977
1625,18.82831573486328,0.3569067418575287,8.048547744750977
1626,11.536514282226562,0.3569067418575287,8.048547744750977
1627,7.074747085571289,0.3569067418575287,8.048547744750977
1628,4.310154914855957,0.3569067418575287,8.048547744750977
1629,43.0262336730957,0.43999019265174866,4.070305824279785
1630,38.75923156738281,0.43999019265174866,4.070305824279785
1631,19.2254581451416,0.43999019265174866,4.070305824279785
1632,19.9637451171875,0.43999019265174866,4.070305824279785
1633,-1.4101676940917969,0.43999019265174866,4.070305824279785
1634,34.940940856933594,0.74416583776474,3.171194076538086
1635,46.84245300292969,0.74416583776474,3.171194076538086
1636,20.971532821655273,0.74416583776474,3.171194076538086
1637,20.925168991088867,0.74416583776474,3.171194076538086
1638,29.33535385131836,0.74416583776474,3.171194076538086
1639,20.978118896484375,0.6734699010848999,3.516648530960083
1640,42.19023132324219,0.6734699010848999,3.516648530960083
1641,35.843788146972656,0.6734699010848999,3.516648530960083
1642,27.208900451660156,0.6734699010848999,3.516648530960083
1643,35.8862419128418,0.6734699010848999,3.516648530960083
1644,21.490978240966797,0.6399242281913757,3.853799819946289
1645,47.67037582397461,0.6399242281913757,3.853799819946289
1646,11.337188720703125,0.6399242281913757,3.853799819946289
1647,35.65043258666992,0.6399242281913757,3.853799819946289
1648,48.33259963989258,0.6399242281913757,3.853799819946289
1649,13.468070983886719,0.6853945851325989,4.9788923263549805
1650,21.62454605102539,0.6853945851325989,4.9788923263549805
1651,22.86467742919922,0.6853945851325989,4.9788923263549805
1652,48.33419418334961,0.6853945851325989,4.9788923263549805
1653,45.490875244140625,0.6853945851325989,4.9788923263549805
1654,46.570804595947266,4.265334129333496,2.7338478565216064
1655,28.457805633544922,4.265334129333496,2.7338478565216064
1656,22.232234954833984,4.265334129333496,2.7338478565216064
1657,41.96380615234375,4.265334129333496,2.7338478565216064
1658,46.36359405517578,4.265334129333496,2.7338478565216064
1659,-2.335385322570801,0.3782396912574768,4.550986289978027
1660,47.45965576171875,0.3782396912574768,4.550986289978027
1661,48.07105255126953,0.3782396912574768,4.550986289978027
1662,48.762123107910156,0.3782396912574768,4.550986289978027
1663,43.631858825683594,0.3782396912574768,4.550986289978027
1664,20.659862518310547,0.3046700060367584,4.368941783905029
1665,25.541366577148438,0.3046700060367584,4.368941783905029
1666,46.65359115600586,0.3046700060367584,4.368941783905029
1667,18.034358978271484,0.3046700060367584,4.368941783905029
1668,41.804901123046875,0.3046700060367584,4.368941783905029
1669,25.011646270751953,0.6439262628555298,2.763953685760498
1670,48.44007873535156,0.6439262628555298,2.763953685760498
1671,45.31233215332031,0.6439262628555298,2.763953685760498
1672,42.92623519897461,0.6439262628555298,2.763953685760498
1673,48.134883880615234,0.4989544749259949,2.7002463340759277
1674,18.408164978027344,0.4989544749259949,2.7002463340759277
1675,48.307411193847656,0.4989544749259949,2.7002463340759277
1676,49.11131286621094,0.4989544749259949,2.7002463340759277
1677,49.31041717529297,0.4989544749259949,2.7002463340759277
1678,49.052703857421875,1.7955504655838013,6.948796272277832
1679,26.543922424316406,1.7955504655838013,6.948796272277832
1680,20.934247970581055,1.7955504655838013,6.948796272277832
1681,-3.538177490234375,1.7955504655838013,6.948796272277832
1682,30.3319034576416,1.7955504655838013,6.948796272277832
1683,32.78253936767578,1.7955504655838013,6.948796272277832
1684,48.51127243041992,0.7953973412513733,6.987850666046143
1685,18.419212341308594,0.7953973412513733,6.987850666046143
1686,-9.601680755615234,0.7953973412513733,6.987850666046143
1687,48.90373229980469,0.7953973412513733,6.987850666046143
1688,49.76860046386719,0.7953973412513733,6.987850666046143
1689,50.06197738647461,0.30917295813560486,4.913145065307617
1690,23.32532501220703,0.30917295813560486,4.913145065307617
1691,18.585494995117188,0.30917295813560486,4.913145065307617
1692,50.70941162109375,0.30917295813560486,4.913145065307617
1693,18.448406219482422,0.30917295813560486,4.913145065307617
1694,31.470760345458984,0.3789290487766266,3.526217460632324
1695,39.6024284362793,0.3789290487766266,3.526217460632324
1696,20.124841690063477,0.3789290487766266,3.526217460632324
1697,39.025760650634766,0.3789290487766266,3.526217460632324
1698,30.81846809387207,0.3789290487766266,3.526217460632324
1699,-7.0264434814453125,0.3858565092086792,5.449536323547363
1700,46.437721252441406,0.3858565092086792,5.449536323547363
1701,49.28227233886719,0.3858565092086792,5.449536323547363
1702,49.57112503051758,0.3858565092086792,5.449536323547363
1703,24.826221466064453,0.3858565092086792,5.449536323547363
1704,23.52146339416504,0.3413845896720886,3.2328145503997803
1705,50.121734619140625,0.3413845896720886,3.2328145503997803
1706,42.9697265625,0.3413845896720886,3.2328145503997803
1707,48.29063415527344,0.3413845896720886,3.2328145503997803
1708,20.831130981445312,0.3413845896720886,3.2328145503997803
1709,48.74052810668945,0.5070744752883911,3.9217448234558105
1710,25.460250854492188,0.5070744752883911,3.9217448234558105
1711,35.20885467529297,0.5070744752883911,3.9217448234558105
1712,10.473213195800781,0.5070744752883911,3.9217448234558105
1713,48.14418411254883,0.5070744752883911,3.9217448234558105
1714,41.82946014404297,0.3969248831272125,2.1265976428985596
1715,49.758331298828125,0.3969248831272125,2.1265976428985596
1716,47.761024475097656,0.3969248831272125,2.1265976428985596
1717,27.54207992553711,0.3969248831272125,2.1265976428985596
1718,39.40965270996094,0.8573627471923828,3.083804130554199
1719,44.321624755859375,0.8573627471923828,3.083804130554199
1720,18.774049758911133,0.8573627471923828,3.083804130554199
1721,24.3945255279541,0.8573627471923828,3.083804130554199
1722,29.583999633789062,0.8573627471923828,3.083804130554199
1723,21.196794509887695,0.40249010920524597,3.6892974376678467
1724,44.415138244628906,0.40249010920524597,3.6892974376678467
1725,47.76314163208008,0.40249010920524597,3.6892974376678467
1726,27.270780563354492,0.40249010920524597,3.6892974376678467
1727,18.38541030883789,0.40249010920524597,3.6892974376678467
1728,47.241722106933594,0.47450223565101624,2.231215238571167
1729,35.63389587402344,0.47450223565101624,2.231215238571167
1730,47.73173522949219,0.47450223565101624,2.231215238571167
1731,48.55042266845703,0.47450223565101624,2.231215238571167
1732,24.5432071685791,0.47450223565101624,2.231215238571167
1733,21.017911911010742,0.5596205592155457,4.135798931121826
1734,20.848045349121094,0.5596205592155457,4.135798931121826
1735,46.881378173828125,0.5596205592155457,4.135798931121826
1736,26.683259963989258,0.5596205592155457,4.135798931121826
1737,42.76427459716797,0.5596205592155457,4.135798931121826
1738,46.619483947753906,5.107818126678467,1.0094060897827148
1739,45.68435287475586,5.107818126678467,1.0094060897827148
1740,46.27341842651367,5.107818126678467,1.0094060897827148
1741,46.48210525512695,5.107818126678467,1.0094060897827148
1742,23.109508514404297,0.5898042917251587,5.524852752685547
1743,33.939571380615234,0.5898042917251587,5.524852752685547
1744,48.644020080566406,0.5898042917251587,5.524852752685547
1745,36.336769104003906,0.5898042917251587,5.524852752685547
1746,-0.9914627075195312,0.5898042917251587,5.524852752685547
1747,17.83447265625,1.1221723556518555,28.957439422607422
1748,-17.32744789123535,1.1221723556518555,28.957439422607422
1749,16.761768341064453,1.1221723556518555,28.957439422607422
1750,-5.217863082885742,1.1221723556518555,28.957439422607422
1751,23.095867156982422,1.1221723556518555,28.957439422607422
1752,11.305816650390625,0.5208991169929504,15.560274124145508
1753,20.076622009277344,0.5208991169929504,15.560274124145508
1754,5.2333526611328125,0.5208991169929504,15.560274124145508
1755,14.781810760498047,0.5208991169929504,15.560274124145508
1756,15.422924041748047,0.5208991169929504,15.560274124145508
1757,9.258848190307617,0.6263566613197327,11.08969783782959
1758,-6.661155700683594,0.6263566613197327,11.08969783782959
1759,20.122894287109375,0.6263566613197327,11.08969783782959
1760,-0.8683204650878906,0.6263566613197327,11.08969783782959
1761,5.719573974609375,0.6263566613197327,11.08969783782959
1762,-37.190425872802734,0.6775575876235962,17.903886795043945
1763,17.87730598449707,0.6775575876235962,17.903886795043945
1764,4.410240173339844,0.6775575876235962,17.903886795043945
1765,-5.587455749511719,0.6775575876235962,17.903886795043945
1766,18.551517486572266,0.6775575876235962,17.903886795043945
1767,5.589759826660156,0.3645157814025879,9.123590469360352
1768,-7.748956680297852,0.3645157814025879,9.123590469360352
1769,19.248836517333984,0.3645157814025879,9.123590469360352
1770,-7.684724807739258,0.3645157814025879,9.123590469360352
1771,23.630659103393555,0.3645157814025879,9.123590469360352
1772,23.36998748779297,0.4294910430908203,6.693459510803223
1773,13.677295684814453,0.4294910430908203,6.693459510803223
1774,-9.271129608154297,0.4294910430908203,6.693459510803223
1775,23.934757232666016,0.4294910430908203,6.693459510803223
1776,-5.130620956420898,0.4294910430908203,6.693459510803223
1777,21.824172973632812,0.265919029712677,7.750513553619385
1778,18.231952667236328,0.265919029712677,7.750513553619385
1779,-5.356742858886719,0.265919029712677,7.750513553619385
1780,-3.7286529541015625,0.265919029712677,7.750513553619385
1781,-4.263347625732422,0.265919029712677,7.750513553619385
1782,20.097856521606445,0.4119737446308136,6.596306324005127
1783,17.74111557006836,0.4119737446308136,6.596306324005127
1784,-4.309152603149414,0.4119737446308136,6.596306324005127
1785,18.544435501098633,0.4119737446308136,6.596306324005127
1786,21.218454360961914,0.4119737446308136,6.596306324005127
1787,-4.737955093383789,0.28169918060302734,16.431798934936523
1788,13.063102722167969,0.28169918060302734,16.431798934936523
1789,13.65346908569336,0.28169918060302734,16.431798934936523
1790,-5.865459442138672,0.28169918060302734,16.431798934936523
1791,-38.95934295654297,0.28169918060302734,16.431798934936523
1792,-2.974924087524414,0.28169918060302734,16.431798934936523
1793,23.36627197265625,0.3292730450630188,4.983675003051758
1794,-4.680488586425781,0.3292730450630188,4.983675003051758
1795,22.37546157836914,0.3292730450630188,4.983675003051758
1796,18.15607452392578,0.3292730450630188,4.983675003051758
1797,-7.431491851806641,0.3292730450630188,4.983675003051758
1798,-0.9052047729492188,0.17890708148479462,9.55616283416748
1799,20.921218872070312,0.17890708148479462,9.55616283416748
1800,-9.59765625,0.17890708148479462,9.55616283416748
1801,3.379404067993164,0.17890708148479462,9.55616283416748
1802,-8.352140426635742,0.17890708148479462,9.55616283416748
1803,12.767810821533203,0.3722824454307556,4.423419952392578
1804,-4.270196914672852,0.3722824454307556,4.423419952392578
1805,20.993961334228516,0.3722824454307556,4.423419952392578
1806,18.390792846679688,0.3722824454307556,4.423419952392578
1807,19.800518035888672,0.3722824454307556,4.423419952392578
1808,19.244327545166016,0.5885730981826782,5.146751403808594
1809,10.524747848510742,0.5885730981826782,5.146751403808594
1810,-11.57863998413086,0.5885730981826782,5.146751403808594
1811,24.513919830322266,0.5885730981826782,5.146751403808594
1812,25.057342529296875,0.5885730981826782,5.146751403808594
1813,-19.005130767822266,0.6506243944168091,11.637187957763672
1814,7.716058731079102,0.6506243944168091,11.637187957763672
1815,1.8229904174804688,0.6506243944168091,11.637187957763672
1816,17.690834045410156,0.6506243944168091,11.637187957763672
1817,-4.372272491455078,0.6506243944168091,11.637187957763672
1818,-42.50957489013672,0.3533964455127716,14.850808143615723
1819,18.068912506103516,0.3533964455127716,14.850808143615723
1820,21.040809631347656,0.3533964455127716,14.850808143615723
1821,-4.480916976928711,0.3533964455127716,14.850808143615723
1822,-4.359119415283203,0.3533964455127716,14.850808143615723
1823,-12.972118377685547,0.79859858751297,8.406207084655762
1824,22.300800323486328,0.79859858751297,8.406207084655762
1825,-6.26507568359375,0.79859858751297,8.406207084655762
1826,-2.708894729614258,0.79859858751297,8.406207084655762
1827,2.2575035095214844,0.79859858751297,8.406207084655762
1828,17.632957458496094,0.2563341557979584,7.1483235359191895
1829,5.8252410888671875,0.2563341557979584,7.1483235359191895
1830,4.206016540527344,0.2563341557979584,7.1483235359191895
1831,-10.813911437988281,0.2563341557979584,7.1483235359191895
1832,5.559389114379883,0.2563341557979584,7.1483235359191895
1833,-3.691394805908203,1.0042953491210938,8.69699764251709
1834,-36.615867614746094,1.0042953491210938,8.69699764251709
1835,20.066082000732422,1.0042953491210938,8.69699764251709
1836,17.347450256347656,1.0042953491210938,8.69699764251709
1837,20.959835052490234,1.0042953491210938,8.69699764251709
1838,19.22894287109375,0.32161813974380493,5.876676082611084
1839,8.91262435913086,0.32161813974380493,5.876676082611084
1840,20.689380645751953,0.32161813974380493,5.876676082611084
1841,-6.286663055419922,0.32161813974380493,5.876676082611084
1842,15.27249526977539,0.32161813974380493,5.876676082611084
1843,15.393156051635742,0.4386555850505829,7.00833797454834
1844,-7.693382263183594,0.4386555850505829,7.00833797454834
1845,18.59960174560547,0.4386555850505829,7.00833797454834
1846,-17.303924560546875,0.4386555850505829,7.00833797454834
1847,-4.83116340637207,0.4386555850505829,7.00833797454834
1848,9.94992446899414,0.6036884188652039,4.374035358428955
1849,24.074031829833984,0.6036884188652039,4.374035358428955
1850,17.97665786743164,0.6036884188652039,4.374035358428955
1851,-8.126228332519531,0.6036884188652039,4.374035358428955
1852,-7.532964706420898,0.2779974043369293,11.74766731262207
1853,20.060523986816406,0.2779974043369293,11.74766731262207
1854,5.903144836425781,0.2779974043369293,11.74766731262207
1855,-6.9864654541015625,0.2779974043369293,11.74766731262207
1856,-5.239410400390625,0.2779974043369293,11.74766731262207
1857,13.074932098388672,0.3401254713535309,5.979081630706787
1858,21.090087890625,0.3401254713535309,5.979081630706787
1859,-4.637214660644531,0.3401254713535309,5.979081630706787
1860,-5.5224151611328125,0.3401254713535309,5.979081630706787
1861,17.321565628051758,0.3401254713535309,5.979081630706787
1862,-9.075998306274414,1.5499519109725952,8.098413467407227
1863,-4.493974685668945,1.5499519109725952,8.098413467407227
1864,23.789011001586914,1.5499519109725952,8.098413467407227
1865,-8.771184921264648,1.5499519109725952,8.098413467407227
1866,19.037071228027344,1.5499519109725952,8.098413467407227
1867,-21.112773895263672,0.5216864347457886,13.241875648498535
1868,-2.578615188598633,0.5216864347457886,13.241875648498535
1869,-4.158441543579102,0.5216864347457886,13.241875648498535
1870,-0.9001293182373047,0.5216864347457886,13.241875648498535
1871,-1.1024398803710938,0.5216864347457886,13.241875648498535
1872,-34.2481803894043,1.353307843208313,13.682167053222656
1873,23.42587661743164,1.353307843208313,13.682167053222656
1874,-3.485614776611328,1.353307843208313,13.682167053222656
1875,-4.416633605957031,1.353307843208313,13.682167053222656
1876,-23.314998626708984,1.353307843208313,13.682167053222656
1877,-4.957096099853516,0.35021498799324036,13.78052043914795
1878,-24.11127281188965,0.35021498799324036,13.78052043914795
1879,-0.6137504577636719,0.35021498799324036,13.78052043914795
1880,17.995731353759766,0.35021498799324036,13.78052043914795
1881,-2.801626205444336,0.35021498799324036,13.78052043914795
1882,19.741153717041016,0.35021498799324036,13.78052043914795
1883,-14.392631530761719,0.2173815369606018,11.358866691589355
1884,21.956398010253906,0.2173815369606018,11.358866691589355
1885,-34.962074279785156,0.2173815369606018,11.358866691589355
1886,-2.7572193145751953,0.2173815369606018,11.358866691589355
1887,-4.044910430908203,0.2173815369606018,11.358866691589355
1888,-22.296192169189453,0.2039659321308136,12.114594459533691
1889,-33.38755798339844,0.2039659321308136,12.114594459533691
1890,-4.410669326782227,0.2039659321308136,12.114594459533691
1891,-8.28378677368164,0.2039659321308136,12.114594459533691
1892,9.903493881225586,0.2039659321308136,12.114594459533691
1893,8.828773498535156,0.2039659321308136,12.114594459533691
1894,-19.932262420654297,0.9644960761070251,10.887715339660645
1895,13.45002555847168,0.9644960761070251,10.887715339660645
1896,23.845552444458008,0.9644960761070251,10.887715339660645
1897,4.467838287353516,0.9644960761070251,10.887715339660645
1898,-7.437980651855469,0.9644960761070251,10.887715339660645
1899,-5.827098846435547,0.3890272080898285,9.622467041015625
1900,16.32781219482422,0.3890272080898285,9.622467041015625
1901,11.998825073242188,0.3890272080898285,9.622467041015625
1902,-33.22044372558594,0.3890272080898285,9.622467041015625
1903,-7.061237335205078,0.3890272080898285,9.622467041015625
1904,4.855279922485352,0.8268612027168274,19.50934600830078
1905,-49.70513916015625,0.8268612027168274,19.50934600830078
1906,-6.7763519287109375,0.8268612027168274,19.50934600830078
1907,-44.56273651123047,0.8268612027168274,19.50934600830078
1908,17.60123062133789,0.8268612027168274,19.50934600830078
1909,1.8395404815673828,0.8268612027168274,19.50934600830078
1910,-6.7052001953125,0.9321227073669434,8.367759704589844
1911,7.790376663208008,0.9321227073669434,8.367759704589844
1912,-11.438392639160156,0.9321227073669434,8.367759704589844
1913,20.540199279785156,0.9321227073669434,8.367759704589844
1914,17.645862579345703,0.9321227073669434,8.367759704589844
1915,4.9193878173828125,0.39119866490364075,8.309332847595215
1916,22.17673683166504,0.39119866490364075,8.309332847595215
1917,-1.5806541442871094,0.39119866490364075,8.309332847595215
1918,-25.83332633972168,0.39119866490364075,8.309332847595215
1919,20.783191680908203,0.39119866490364075,8.309332847595215
1920,5.04071044921875,0.8288493156433105,11.83625316619873
1921,13.738567352294922,0.8288493156433105,11.83625316619873
1922,-14.142494201660156,0.8288493156433105,11.83625316619873
1923,-9.392311096191406,0.8288493156433105,11.83625316619873
1924,5.151189804077148,0.8288493156433105,11.83625316619873
1925,-12.428424835205078,1.7662166357040405,17.496822357177734
1926,-14.578763961791992,1.7662166357040405,17.496822357177734
1927,-9.398014068603516,1.7662166357040405,17.496822357177734
1928,-6.405412673950195,1.7662166357040405,17.496822357177734
1929,-21.429141998291016,1.7662166357040405,17.496822357177734
1930,-11.638618469238281,1.7662166357040405,17.496822357177734
1931,-61.68811798095703,1.3306254148483276,62.59263229370117
1932,-64.23805236816406,1.3306254148483276,62.59263229370117
1933,-38.680198669433594,1.3306254148483276,62.59263229370117
1934,-79.79764556884766,1.3306254148483276,62.59263229370117
1935,-81.77964782714844,1.3306254148483276,62.59263229370117
1936,-54.08123779296875,0.4276730716228485,63.46882247924805
1937,-59.64218521118164,0.4276730716228485,63.46882247924805
1938,-82.73098754882812,0.4276730716228485,63.46882247924805
1939,-46.876853942871094,0.4276730716228485,63.46882247924805
1940,-65.02275848388672,0.4276730716228485,63.46882247924805
1941,-98.80644226074219,0.2830580472946167,75.17279052734375
1942,-47.529239654541016,0.2830580472946167,75.17279052734375
1943,-55.43144989013672,0.2830580472946167,75.17279052734375
1944,-63.565704345703125,0.2830580472946167,75.17279052734375
1945,-89.90959167480469,0.2830580472946167,75.17279052734375
1946,-57.49628829956055,0.2830580472946167,75.17279052734375
1947,-92.77871704101562,0.6665467023849487,42.052268981933594
1948,-70.39444732666016,0.6665467023849487,42.052268981933594
1949,-87.29222106933594,0.6665467023849487,42.052268981933594
1950,-66.3878173828125,0.6665467023849487,42.052268981933594
1951,-38.14115905761719,0.6665467023849487,42.052268981933594
1952,-72.08512878417969,0.6665467023849487,42.052268981933594
1953,-84.73252868652344,0.6448749303817749,33.70560836791992
1954,-34.002140045166016,0.6448749303817749,33.70560836791992
1955,-49.21873474121094,0.6448749303817749,33.70560836791992
1956,-65.75733947753906,0.6448749303817749,33.70560836791992
1957,-63.80030059814453,0.6448749303817749,33.70560836791992
1958,-62.71864318847656,0.6448749303817749,33.70560836791992
1959,-63.503929138183594,0.4839375615119934,34.56517791748047
1960,-62.70956802368164,0.4839375615119934,34.56517791748047
1961,-92.40764617919922,0.4839375615119934,34.56517791748047
1962,-77.3511962890625,0.4839375615119934,34.56517791748047
1963,-73.76394653320312,0.4839375615119934,34.56517791748047
1964,-73.64154815673828,0.4839375615119934,34.56517791748047
1965,-67.31842803955078,0.3259254992008209,43.74003601074219
1966,-56.783447265625,0.3259254992008209,43.74003601074219
1967,-69.60861206054688,0.3259254992008209,43.74003601074219
1968,-90.08390045166016,0.3259254992008209,43.74003601074219
1969,-39.33202362060547,0.3259254992008209,43.74003601074219
1970,-88.65988159179688,0.3259254992008209,43.74003601074219
1971,-83.38836669921875,0.5674606561660767,34.93430709838867
1972,-68.93038177490234,0.5674606561660767,34.93430709838867
1973,-66.72420501708984,0.5674606561660767,34.93430709838867
1974,-54.68792724609375,0.5674606561660767,34.93430709838867
1975,-57.69384765625,0.5674606561660767,34.93430709838867
1976,-86.86406707763672,0.5674606561660767,34.93430709838867
1977,-78.22258758544922,0.786067545413971,30.725160598754883
1978,-53.52657699584961,0.786067545413971,30.725160598754883
1979,-67.83260345458984,0.786067545413971,30.725160598754883
1980,-69.24118041992188,0.786067545413971,30.725160598754883
1981,-43.37479782104492,0.786067545413971,30.725160598754883
1982,-64.74055480957031,0.786067545413971,30.725160598754883
1983,-62.161170959472656,1.554210901260376,28.614572525024414
1984,-72.98577117919922,1.554210901260376,28.614572525024414
1985,-89.15042114257812,1.554210901260376,28.614572525024414
1986,-84.13307189941406,1.554210901260376,28.614572525024414
1987,-58.466854095458984,1.554210901260376,28.614572525024414
1988,-57.55842971801758,1.554210901260376,28.614572525024414
1989,-57.421871185302734,1.554210901260376,28.614572525024414
1990,-51.18597412109375,0.3763086795806885,18.781652450561523
1991,-54.62607192993164,0.3763086795806885,18.781652450561523
1992,-58.32499694824219,0.3763086795806885,18.781652450561523
1993,-72.16044616699219,0.3763086795806885,18.781652450561523
1994,-53.54051971435547,0.3763086795806885,18.781652450561523
1995,-41.7581787109375,0.6283250451087952,17.85479164123535
1996,-47.20503234863281,0.6283250451087952,17.85479164123535
1997,-59.934059143066406,0.6283250451087952,17.85479164123535
1998,-62.810482025146484,0.6283250451087952,17.85479164123535
1999,-50.867210388183594,0.6283250451087952,17.85479164123535
2000,-47.89750671386719,0.43867456912994385,24.86952781677246
2001,-58.52080535888672,0.43867456912994385,24.86952781677246
2002,-50.07744598388672,0.43867456912994385,24.86952781677246
2003,-96.0162353515625,0.43867456912994385,24.86952781677246
2004,-36.48633575439453,0.43867456912994385,24.86952781677246
2005,-44.74408721923828,0.43867456912994385,24.86952781677246
2006,-56.25674057006836,0.40487349033355713,22.067806243896484
2007,-65.35661315917969,0.40487349033355713,22.067806243896484
2008,-55.93611526489258,0.40487349033355713,22.067806243896484
2009,-60.501155853271484,0.40487349033355713,22.067806243896484
2010,-37.63719177246094,0.40487349033355713,22.067806243896484
2011,-62.5366096496582,0.4134145975112915,13.624653816223145
2012,-29.81928253173828,0.4134145975112915,13.624653816223145
2013,-69.142333984375,0.4134145975112915,13.624653816223145
2014,-31.569114685058594,0.4134145975112915,13.624653816223145
2015,-45.197608947753906,0.4134145975112915,13.624653816223145
2016,-52.73508834838867,1.596444845199585,27.789369583129883
2017,-70.75140380859375,1.596444845199585,27.789369583129883
2018,-49.67416763305664,1.596444845199585,27.789369583129883
2019,-55.704429626464844,1.596444845199585,27.789369583129883
2020,-43.233177185058594,1.596444845199585,27.789369583129883
2021,-35.553741455078125,1.596444845199585,27.789369583129883
2022,-48.03874206542969,0.7626774311065674,16.616147994995117
2023,-41.92782974243164,0.7626774311065674,16.616147994995117
2024,-61.39647674560547,0.7626774311065674,16.616147994995117
2025,-50.85710144042969,0.7626774311065674,16.616147994995117
2026,-63.32003402709961,0.7626774311065674,16.616147994995117
2027,-46.443382263183594,0.7925798892974854,15.275919914245605
2028,-39.34003448486328,0.7925798892974854,15.275919914245605
2029,-91.75385284423828,0.7925798892974854,15.275919914245605
2030,-41.973854064941406,0.7925798892974854,15.275919914245605
2031,-46.57725524902344,0.7925798892974854,15.275919914245605
2032,-65.65776824951172,0.43533143401145935,91.24202728271484
2033,-49.68876647949219,0.43533143401145935,91.24202728271484
2034,-57.953392028808594,0.43533143401145935,91.24202728271484
2035,-97.55274963378906,0.43533143401145935,91.24202728271484
2036,-93.18872833251953,0.43533143401145935,91.24202728271484
2037,-93.19657897949219,0.43533143401145935,91.24202728271484
2038,-99.12637329101562,0.43533143401145935,91.24202728271484
2039,-39.711280822753906,0.1962522566318512,39.36764144897461
2040,-57.29974365234375,0.1962522566318512,39.36764144897461
2041,-86.50313568115234,0.1962522566318512,39.36764144897461
2042,-36.32494354248047,0.1962522566318512,39.36764144897461
2043,-54.29933166503906,0.1962522566318512,39.36764144897461
2044,-34.543556213378906,0.2830175757408142,18.4669189453125
2045,-53.575111389160156,0.2830175757408142,18.4669189453125
2046,-42.1124153137207,0.2830175757408142,18.4669189453125
2047,-55.05677795410156,0.2830175757408142,18.4669189453125
2048,-72.0965576171875,0.2830175757408142,18.4669189453125
2049,-80.58100128173828,0.18460386991500854,22.851078033447266
2050,-59.86953353881836,0.18460386991500854,22.851078033447266
2051,-56.82514953613281,0.18460386991500854,22.851078033447266
2052,-40.299476623535156,0.18460386991500854,22.851078033447266
2053,-39.0117301940918,0.18460386991500854,22.851078033447266
2054,-39.19132614135742,0.3786262273788452,10.9887056350708
2055,-52.129493713378906,0.3786262273788452,10.9887056350708
2056,-43.18889617919922,0.3786262273788452,10.9887056350708
2057,-51.76445388793945,0.3786262273788452,10.9887056350708
2058,-45.13190460205078,0.43563318252563477,24.779266357421875
2059,-43.118900299072266,0.43563318252563477,24.779266357421875
2060,-62.25343704223633,0.43563318252563477,24.779266357421875
2061,-50.10411071777344,0.43563318252563477,24.779266357421875
2062,-43.07505416870117,0.43563318252563477,24.779266357421875
2063,-51.17853546142578,0.20741499960422516,27.251089096069336
2064,-50.05809020996094,0.20741499960422516,27.251089096069336
2065,-61.042236328125,0.20741499960422516,27.251089096069336
2066,-34.985713958740234,0.20741499960422516,27.251089096069336
2067,-55.32107925415039,0.20741499960422516,27.251089096069336
2068,-76.79192352294922,0.20741499960422516,27.251089096069336
2069,-39.45104217529297,0.3065364360809326,42.9680061340332
2070,-95.71194458007812,0.3065364360809326,42.9680061340332
2071,-36.848114013671875,0.3065364360809326,42.9680061340332
2072,-54.80036163330078,0.3065364360809326,42.9680061340332
2073,-98.41742706298828,0.3065364360809326,42.9680061340332
2074,-55.95796585083008,0.3065364360809326,42.9680061340332
2075,-55.697486877441406,0.47600430250167847,17.719087600708008
2076,-47.70635986328125,0.47600430250167847,17.719087600708008
2077,-57.270477294921875,0.47600430250167847,17.719087600708008
2078,-46.97301483154297,0.47600430250167847,17.719087600708008
2079,-53.898704528808594,0.47600430250167847,17.719087600708008
2080,-46.185508728027344,0.44749781489372253,18.752016067504883
2081,-57.4764404296875,0.44749781489372253,18.752016067504883
2082,-50.58558654785156,0.44749781489372253,18.752016067504883
2083,-51.64931106567383,0.44749781489372253,18.752016067504883
2084,-54.63737487792969,0.44749781489372253,18.752016067504883
2085,-56.1904296875,0.348960280418396,15.027433395385742
2086,-55.89946746826172,0.348960280418396,15.027433395385742
2087,-45.95896911621094,0.348960280418396,15.027433395385742
2088,-42.83558654785156,0.348960280418396,15.027433395385742
2089,-39.94545364379883,0.348960280418396,15.027433395385742
2090,-54.808372497558594,0.7366373538970947,16.95763397216797
2091,-39.7297477722168,0.7366373538970947,16.95763397216797
2092,-39.67894744873047,0.7366373538970947,16.95763397216797
2093,-47.552913665771484,0.7366373538970947,16.95763397216797
2094,-34.7613410949707,0.7366373538970947,16.95763397216797
2095,-32.57930374145508,0.3496701419353485,23.18901824951172
2096,-33.40681076049805,0.3496701419353485,23.18901824951172
2097,-54.8031005859375,0.3496701419353485,23.18901824951172
2098,-66.11165618896484,0.3496701419353485,23.18901824951172
2099,-41.14361572265625,0.3496701419353485,23.18901824951172
2100,-59.58586120605469,0.5262743830680847,16.23491668701172
2101,-50.998348236083984,0.5262743830680847,16.23491668701172
2102,-56.069313049316406,0.5262743830680847,16.23491668701172
2103,-46.62416076660156,0.5262743830680847,16.23491668701172
2104,-54.83338165283203,0.5262743830680847,16.23491668701172
2105,-81.24200439453125,1.8376638889312744,30.236839294433594
2106,-58.62019348144531,1.8376638889312744,30.236839294433594
2107,-72.47509002685547,1.8376638889312744,30.236839294433594
2108,-42.97277069091797,1.8376638889312744,30.236839294433594
2109,-82.12110900878906,1.8376638889312744,30.236839294433594
2110,-65.6826400756836,1.8376638889312744,30.236839294433594
2111,-67.00433349609375,0.42851680517196655,35.912315368652344
2112,-39.28090286254883,0.42851680517196655,35.912315368652344
2113,-56.54093933105469,0.42851680517196655,35.912315368652344
2114,-60.198036193847656,0.42851680517196655,35.912315368652344
2115,-51.1934814453125,0.42851680517196655,35.912315368652344
2116,-33.96345901489258,0.4238072335720062,17.380413055419922
2117,-51.784149169921875,0.4238072335720062,17.380413055419922
2118,-57.13287353515625,0.4238072335720062,17.380413055419922
2119,-42.243534088134766,0.4238072335720062,17.380413055419922
2120,-54.2340087890625,0.4238072335720062,17.380413055419922
2121,-41.184993743896484,0.48219794034957886,19.229997634887695
2122,-53.86461639404297,0.48219794034957886,19.229997634887695
2123,-31.660198211669922,0.48219794034957886,19.229997634887695
2124,-50.82279968261719,0.48219794034957886,19.229997634887695
2125,-42.472023010253906,0.48219794034957886,19.229997634887695
2126,-52.69206237792969,0.22303630411624908,21.352079391479492
2127,-51.779258728027344,0.22303630411624908,21.352079391479492
2128,-33.36557388305664,0.22303630411624908,21.352079391479492
2129,-56.601715087890625,0.22303630411624908,21.352079391479492
2130,-37.379669189453125,0.22303630411624908,21.352079391479492
2131,-52.10355758666992,2.0970046520233154,16.803722381591797
2132,-53.084686279296875,2.0970046520233154,16.803722381591797
2133,-26.19443130493164,2.0970046520233154,16.803722381591797
2134,-46.235591888427734,2.0970046520233154,16.803722381591797
2135,-53.535579681396484,2.0970046520233154,16.803722381591797
2136,-39.76548767089844,0.45438069105148315,9.442033767700195
2137,-39.55464172363281,0.45438069105148315,9.442033767700195
2138,-45.66050720214844,0.45438069105148315,9.442033767700195
2139,-39.903053283691406,0.45438069105148315,9.442033767700195
2140,-27.477401733398438,0.45438069105148315,9.442033767700195
2141,-43.659603118896484,0.34793052077293396,10.008563995361328
2142,-37.8638916015625,0.34793052077293396,10.008563995361328
2143,-33.36689376831055,0.34793052077293396,10.008563995361328
2144,-33.63551330566406,0.34793052077293396,10.008563995361328
2145,-68.9727554321289,4.628603935241699,20.899642944335938
2146,-30.596118927001953,4.628603935241699,20.899642944335938
2147,-39.323856353759766,4.628603935241699,20.899642944335938
2148,-50.10770797729492,4.628603935241699,20.899642944335938
2149,-35.490379333496094,0.2676045298576355,8.542938232421875
2150,-34.898536682128906,0.2676045298576355,8.542938232421875
2151,-38.84576416015625,0.2676045298576355,8.542938232421875
2152,-31.479068756103516,0.2676045298576355,8.542938232421875
2153,-33.92730712890625,0.28114378452301025,16.748912811279297
2154,-53.49066925048828,0.28114378452301025,16.748912811279297
2155,-36.78022766113281,0.28114378452301025,16.748912811279297
2156,-38.46866226196289,0.28114378452301025,16.748912811279297
2157,-31.55797576904297,0.28114378452301025,16.748912811279297
2158,-36.33003234863281,0.24710650742053986,23.4222412109375
2159,-29.094318389892578,0.24710650742053986,23.4222412109375
2160,-47.83412551879883,0.24710650742053986,23.4222412109375
2161,-49.81150436401367,0.24710650742053986,23.4222412109375
2162,-40.02971649169922,0.24710650742053986,23.4222412109375
2163,-36.55721664428711,0.20995178818702698,16.161203384399414
2164,-42.24264907836914,0.20995178818702698,16.161203384399414
2165,-51.61250686645508,0.20995178818702698,16.161203384399414
2166,-45.522926330566406,0.20995178818702698,16.161203384399414
2167,-32.775360107421875,0.20995178818702698,16.161203384399414
2168,-41.13835144042969,0.2878657877445221,17.417736053466797
2169,-41.236907958984375,0.2878657877445221,17.417736053466797
2170,-55.09868240356445,0.2878657877445221,17.417736053466797
2171,-54.2171516418457,0.2878657877445221,17.417736053466797
2172,-22.57961654663086,0.2878657877445221,17.417736053466797
2173,-30.759864807128906,0.33968988060951233,14.728614807128906
2174,-26.15499496459961,0.33968988060951233,14.728614807128906
2175,-51.015846252441406,0.33968988060951233,14.728614807128906
2176,-48.91225814819336,0.33968988060951233,14.728614807128906
2177,-33.163795471191406,0.33968988060951233,14.728614807128906
2178,-46.87298583984375,0.47680726647377014,11.584285736083984
2179,-46.72599411010742,0.47680726647377014,11.584285736083984
2180,-30.129104614257812,0.47680726647377014,11.584285736083984
2181,-37.90239715576172,0.47680726647377014,11.584285736083984
2182,-38.93033981323242,0.47680726647377014,11.584285736083984
2183,-55.83287811279297,0.05060042068362236,418009824.0
2184,-55.01665496826172,0.05060042068362236,418009824.0
2185,-32.72359848022461,0.05060042068362236,418009824.0
2186,-28.975608825683594,0.05060042068362236,418009824.0
2187,-56.51359176635742,0.05060042068362236,418009824.0
2188,-49.468994140625,0.6998313665390015,12.056418418884277
2189,-69.92083740234375,0.6998313665390015,12.056418418884277
2190,-38.86399841308594,0.6998313665390015,12.056418418884277
2191,-39.999168395996094,0.6998313665390015,12.056418418884277
2192,-32.64997100830078,0.24417470395565033,7.991298675537109
2193,-37.262969970703125,0.24417470395565033,7.991298675537109
2194,-24.803157806396484,0.24417470395565033,7.991298675537109
2195,-39.94221115112305,0.24417470395565033,7.991298675537109
2196,-45.849220275878906,0.8294764161109924,19.052135467529297
2197,-32.93870544433594,0.8294764161109924,19.052135467529297
2198,-50.04767608642578,0.8294764161109924,19.052135467529297
2199,-30.544559478759766,0.8294764161109924,19.052135467529297
2200,-33.84935760498047,0.8294764161109924,19.052135467529297
2201,-25.266109466552734,0.7828081250190735,16.140905380249023
2202,-48.78395080566406,0.7828081250190735,16.140905380249023
2203,-47.8626708984375,0.7828081250190735,16.140905380249023
2204,-32.055721282958984,0.7828081250190735,16.140905380249023
2205,-36.52900695800781,0.7828081250190735,16.140905380249023
2206,-42.416229248046875,0.5194966197013855,7.5805134773254395
2207,-29.52939224243164,0.5194966197013855,7.5805134773254395
2208,-38.523277282714844,0.5194966197013855,7.5805134773254395
2209,-39.14781951904297,0.5194966197013855,7.5805134773254395
2210,-29.95476531982422,0.38970184326171875,8.491950035095215
2211,-37.20701599121094,0.38970184326171875,8.491950035095215
2212,-31.54627227783203,0.38970184326171875,8.491950035095215
2213,-47.17319869995117,0.38970184326171875,8.491950035095215
2214,-59.3863639831543,0.38970184326171875,8.491950035095215
2215,-40.428524017333984,0.3041810691356659,14.943951606750488
2216,-36.912353515625,0.3041810691356659,14.943951606750488
2217,-33.95863342285156,0.3041810691356659,14.943951606750488
2218,-63.201560974121094,0.3041810691356659,14.943951606750488
2219,-62.44563674926758,0.3041810691356659,14.943951606750488
2220,-35.866546630859375,0.14686331152915955,13.381616592407227
2221,-38.423309326171875,0.14686331152915955,13.381616592407227
2222,-52.358924865722656,0.14686331152915955,13.381616592407227
2223,-39.286460876464844,0.14686331152915955,13.381616592407227
2224,-57.17250061035156,0.14686331152915955,13.381616592407227
2225,-29.882034301757812,0.6428790092468262,15.917905807495117
2226,-56.374900817871094,0.6428790092468262,15.917905807495117
2227,-36.993247985839844,0.6428790092468262,15.917905807495117
2228,-43.06280517578125,0.6428790092468262,15.917905807495117
2229,-35.16722869873047,0.6428790092468262,15.917905807495117
2230,-35.173370361328125,0.8252144455909729,13.354576110839844
2231,-39.7315788269043,0.8252144455909729,13.354576110839844
2232,-34.567779541015625,0.8252144455909729,13.354576110839844
2233,-49.53086853027344,0.8252144455909729,13.354576110839844
2234,-39.99534606933594,0.8252144455909729,13.354576110839844
2235,-42.08971405029297,0.585477352142334,13.554889678955078
2236,-42.85704803466797,0.585477352142334,13.554889678955078
2237,-37.308265686035156,0.585477352142334,13.554889678955078
2238,-54.789955139160156,0.585477352142334,13.554889678955078
2239,-53.97287368774414,0.585477352142334,13.554889678955078
2240,-38.990753173828125,0.28106066584587097,7.8310546875
2241,-39.520999908447266,0.28106066584587097,7.8310546875
2242,-34.83738327026367,0.28106066584587097,7.8310546875
2243,-34.463623046875,0.28106066584587097,7.8310546875
2244,-42.10374450683594,0.28106066584587097,7.8310546875
2245,-60.66253662109375,0.35414984822273254,11.604961395263672
2246,-58.828392028808594,0.35414984822273254,11.604961395263672
2247,-46.98832321166992,0.35414984822273254,11.604961395263672
2248,-39.74296951293945,0.35414984822273254,11.604961395263672
2249,-37.78057861328125,0.35414984822273254,11.604961395263672
2250,-31.105133056640625,0.22913138568401337,27.707565307617188
2251,-50.44820022583008,0.22913138568401337,27.707565307617188
2252,-53.34398651123047,0.22913138568401337,27.707565307617188
2253,-39.76103210449219,0.22913138568401337,27.707565307617188
2254,-40.08325958251953,0.22913138568401337,27.707565307617188
2255,-46.76288604736328,1.7148882150650024,17.604877471923828
2256,-47.89596939086914,1.7148882150650024,17.604877471923828
2257,-46.28434753417969,1.7148882150650024,17.604877471923828
2258,-47.13014602661133,1.7148882150650024,17.604877471923828
2259,-48.70981216430664,1.7148882150650024,17.604877471923828
2260,-61.2912483215332,0.542048990726471,30.683746337890625
2261,-84.3226089477539,0.542048990726471,30.683746337890625
2262,-50.474037170410156,0.542048990726471,30.683746337890625
2263,-68.5938720703125,0.542048990726471,30.683746337890625
2264,-57.729278564453125,0.542048990726471,30.683746337890625
2265,-47.666812896728516,0.542048990726471,30.683746337890625
2266,-52.97992706298828,0.4735109806060791,18.845096588134766
2267,-34.34294891357422,0.4735109806060791,18.845096588134766
2268,-53.353271484375,0.4735109806060791,18.845096588134766
2269,-54.91349411010742,0.4735109806060791,18.845096588134766
2270,-40.409393310546875,0.4735109806060791,18.845096588134766
