x,y,z
280.1918029785156,208.50515747070312,191.16015625
280.1918029785156,208.50515747070312,191.16015625
280.1918029785156,208.50515747070312,191.16015625
280.1918029785156,208.50515747070312,191.16015625
280.1918029785156,208.50515747070312,191.16014099121094
280.1918029785156,208.50515747070312,191.16014099121094
280.1918029785156,208.50515747070312,191.16014099121094
280.1918029785156,208.50515747070312,191.16014099121094
280.1918029785156,208.50515747070312,191.16014099121094
280.1918029785156,208.50515747070312,191.16014099121094
280.1918029785156,208.50515747070312,191.16014099121094
280.1917724609375,208.50515747070312,191.16014099121094
280.1917724609375,208.50515747070312,191.16014099121094
280.1917724609375,208.50515747070312,191.16014099121094
280.1917724609375,208.50515747070312,191.16014099121094
280.1917724609375,208.50515747070312,191.16014099121094
280.1917724609375,208.50515747070312,191.16014099121094
280.1917724609375,208.50515747070312,191.16014099121094
280.1917724609375,208.50515747070312,191.16014099121094
280.1917724609375,208.50515747070312,191.16014099121094
280.1917724609375,208.50515747070312,191.16014099121094
280.1917724609375,208.50515747070312,191.16014099121094
280.1917724609375,208.50515747070312,191.16014099121094
280.1917724609375,208.50515747070312,191.16014099121094
280.1917724609375,208.50515747070312,191.16014099121094
280.1917724609375,208.50515747070312,191.16014099121094
280.1917724609375,208.50515747070312,191.16014099121094
280.1917724609375,208.50515747070312,191.16012573242188
280.1917724609375,208.50515747070312,191.16012573242188
280.1917724609375,208.50515747070312,191.16012573242188
280.1917724609375,208.50515747070312,191.16012573242188
280.1917724609375,208.50515747070312,191.16012573242188
280.1917724609375,208.50515747070312,191.16012573242188
280.1917724609375,208.50515747070312,191.16012573242188
280.1917724609375,208.50515747070312,191.16012573242188
280.1917724609375,208.50515747070312,191.16012573242188
280.1917724609375,208.50515747070312,191.16012573242188
280.1917724609375,208.50515747070312,191.16012573242188
280.1917724609375,208.50515747070312,191.16012573242188
280.1917724609375,208.50515747070312,191.16012573242188
280.1917724609375,208.50515747070312,191.16012573242188
280.1917419433594,208.50515747070312,191.16012573242188
280.1917419433594,208.50515747070312,191.16012573242188
280.1917419433594,208.50515747070312,191.16012573242188
280.1917419433594,208.50515747070312,191.16012573242188
280.1917419433594,208.50515747070312,191.16012573242188
280.1917419433594,208.50515747070312,191.16012573242188
280.1917419433594,208.50515747070312,191.16012573242188
280.1917419433594,208.50515747070312,191.16012573242188
280.1917419433594,208.50515747070312,191.16012573242188
280.1917419433594,208.50515747070312,191.16012573242188
280.1917419433594,208.50515747070312,191.1601104736328
280.1917419433594,208.50515747070312,191.1601104736328
280.1917419433594,208.50515747070312,191.1601104736328
280.1917419433594,208.50515747070312,191.1601104736328
280.1917419433594,208.50515747070312,191.1601104736328
280.1917419433594,208.50515747070312,191.1601104736328
280.1917419433594,208.50515747070312,191.1601104736328
280.1917419433594,208.50515747070312,191.1601104736328
280.1917419433594,208.50515747070312,191.1601104736328
280.1917419433594,208.50515747070312,191.1601104736328
280.1917419433594,208.50515747070312,191.1601104736328
280.1917419433594,208.50515747070312,191.1601104736328
280.1917419433594,208.50515747070312,191.1601104736328
280.1917419433594,208.50515747070312,191.1601104736328
280.1917419433594,208.50515747070312,191.1601104736328
280.1917419433594,208.50515747070312,191.1601104736328
280.1917419433594,208.50515747070312,191.1601104736328
280.1917419433594,208.50515747070312,191.1601104736328
280.1917419433594,208.50515747070312,191.1601104736328
280.1917419433594,208.50515747070312,191.1601104736328
280.1917419433594,208.50515747070312,191.1601104736328
280.19171142578125,208.50515747070312,191.1601104736328
280.19171142578125,208.50515747070312,191.1601104736328
280.19171142578125,208.50515747070312,191.1601104736328
280.19171142578125,208.50515747070312,191.16009521484375
280.19171142578125,208.50515747070312,191.16009521484375
280.19171142578125,208.50515747070312,191.16009521484375
280.19171142578125,208.50515747070312,191.16009521484375
280.19171142578125,208.50515747070312,191.16009521484375
280.19171142578125,208.50515747070312,191.16009521484375
280.19171142578125,208.50515747070312,191.16009521484375
280.19171142578125,208.50515747070312,191.16009521484375
280.19171142578125,208.50515747070312,191.16009521484375
280.19171142578125,208.50515747070312,191.16009521484375
280.19171142578125,208.50515747070312,191.16009521484375
280.19171142578125,208.50515747070312,191.16009521484375
280.19171142578125,208.50515747070312,191.16009521484375
280.19171142578125,208.50515747070312,191.16009521484375
280.19171142578125,208.50515747070312,191.16009521484375
280.19171142578125,208.50515747070312,191.16009521484375
280.19171142578125,208.50515747070312,191.16009521484375
280.19171142578125,208.50515747070312,191.16009521484375
280.19171142578125,208.50515747070312,191.16009521484375
280.19171142578125,208.50515747070312,191.16009521484375
280.19171142578125,208.50515747070312,191.16009521484375
280.19171142578125,208.50515747070312,191.16009521484375
280.19171142578125,208.50515747070312,191.16009521484375
280.19171142578125,208.50515747070312,191.16009521484375
280.19171142578125,208.50515747070312,191.1600799560547
280.19171142578125,208.50515747070312,191.1600799560547
280.19171142578125,208.50515747070312,191.1600799560547
280.1916809082031,208.50515747070312,191.1600799560547
280.1916809082031,208.50515747070312,191.1600799560547
280.1916809082031,208.50515747070312,191.1600799560547
280.1916809082031,208.50515747070312,191.1600799560547
280.1916809082031,208.50515747070312,191.1600799560547
280.1916809082031,208.50515747070312,191.1600799560547
280.1916809082031,208.50515747070312,191.1600799560547
280.1916809082031,208.50515747070312,191.1600799560547
280.1916809082031,208.50515747070312,191.1600799560547
280.1916809082031,208.50515747070312,191.1600799560547
280.1916809082031,208.50515747070312,191.1600799560547
280.1916809082031,208.50515747070312,191.1600799560547
280.1916809082031,208.50515747070312,191.1600799560547
280.1916809082031,208.50515747070312,191.1600799560547
280.1916809082031,208.50515747070312,191.1600799560547
280.1916809082031,208.50515747070312,191.1600799560547
280.1916809082031,208.50515747070312,191.1600799560547
280.1916809082031,208.50515747070312,191.1600799560547
280.1916809082031,208.50515747070312,191.1600799560547
280.1916809082031,208.50515747070312,191.1600799560547
280.1916809082031,208.50515747070312,191.1600799560547
280.1916809082031,208.50515747070312,191.1600799560547
280.1916809082031,208.50515747070312,191.1600799560547
280.1916809082031,208.50515747070312,191.16006469726562
280.1916809082031,208.50515747070312,191.16006469726562
280.1916809082031,208.50515747070312,191.16006469726562
280.1916809082031,208.50515747070312,191.16006469726562
280.1916809082031,208.50515747070312,191.16006469726562
280.1916809082031,208.50515747070312,191.16006469726562
280.1916809082031,208.50515747070312,191.16006469726562
280.191650390625,208.50515747070312,191.16006469726562
280.191650390625,208.50515747070312,191.16006469726562
280.191650390625,208.50515747070312,191.16006469726562
280.191650390625,208.50515747070312,191.16006469726562
280.191650390625,208.50515747070312,191.16006469726562
280.191650390625,208.50515747070312,191.16006469726562
280.191650390625,208.50515747070312,191.16006469726562
280.191650390625,208.50515747070312,191.16006469726562
280.191650390625,208.50515747070312,191.16006469726562
280.191650390625,208.50515747070312,191.16006469726562
280.191650390625,208.50515747070312,191.16006469726562
280.191650390625,208.50515747070312,191.16006469726562
280.191650390625,208.50515747070312,191.16006469726562
280.191650390625,208.50515747070312,191.16006469726562
280.191650390625,208.50515747070312,191.16006469726562
280.191650390625,208.50515747070312,191.16006469726562
280.191650390625,208.50515747070312,191.16006469726562
280.191650390625,208.50515747070312,191.16006469726562
280.191650390625,208.50515747070312,191.16006469726562
280.191650390625,208.50515747070312,191.16004943847656
280.191650390625,208.50515747070312,191.16004943847656
280.191650390625,208.50515747070312,191.16004943847656
280.191650390625,208.50515747070312,191.16004943847656
280.191650390625,208.50515747070312,191.16004943847656
280.191650390625,208.50515747070312,191.16004943847656
280.191650390625,208.50515747070312,191.16004943847656
280.191650390625,208.50515747070312,191.16004943847656
280.191650390625,208.50515747070312,191.16004943847656
280.191650390625,208.50515747070312,191.16004943847656
280.191650390625,208.50515747070312,191.16004943847656
280.1916198730469,208.50515747070312,191.16004943847656
280.1916198730469,208.50515747070312,191.16004943847656
280.1916198730469,208.50515747070312,191.16004943847656
280.1916198730469,208.50515747070312,191.16004943847656
280.1916198730469,208.50515747070312,191.16004943847656
280.1916198730469,208.50515747070312,191.16004943847656
280.1916198730469,208.50515747070312,191.16004943847656
280.1916198730469,208.50515747070312,191.16004943847656
280.1916198730469,208.50515747070312,191.16004943847656
280.1916198730469,208.50515747070312,191.16004943847656
280.1916198730469,208.50515747070312,191.16004943847656
280.1916198730469,208.50515747070312,191.16004943847656
280.1916198730469,208.50515747070312,191.16004943847656
280.1916198730469,208.50515747070312,191.16004943847656
280.1916198730469,208.50515747070312,191.1600341796875
280.1916198730469,208.50515747070312,191.1600341796875
280.1916198730469,208.50515747070312,191.1600341796875
280.1916198730469,208.50515747070312,191.1600341796875
280.1916198730469,208.50515747070312,191.1600341796875
280.1916198730469,208.50515747070312,191.1600341796875
280.1916198730469,208.50515747070312,191.1600341796875
280.1916198730469,208.50515747070312,191.1600341796875
280.1916198730469,208.50515747070312,191.1600341796875
280.1916198730469,208.50515747070312,191.1600341796875
280.1916198730469,208.50515747070312,191.1600341796875
280.1916198730469,208.50515747070312,191.1600341796875
280.1916198730469,208.50515747070312,191.1600341796875
280.1916198730469,208.50515747070312,191.1600341796875
280.1916198730469,208.50515747070312,191.1600341796875
280.1916198730469,208.50515747070312,191.1600341796875
280.1916198730469,208.50515747070312,191.1600341796875
280.19158935546875,208.50515747070312,191.1600341796875
280.19158935546875,208.50515747070312,191.1600341796875
280.19158935546875,208.50515747070312,191.1600341796875
280.19158935546875,208.50515747070312,191.1600341796875
280.19158935546875,208.50515747070312,191.1600341796875
280.19158935546875,208.50515747070312,191.1600341796875
280.19158935546875,208.50515747070312,191.1600341796875
280.19158935546875,208.50515747070312,191.1600341796875
280.19158935546875,208.50515747070312,191.1600341796875
280.19158935546875,208.50515747070312,191.1600341796875
280.19158935546875,208.50515747070312,191.16001892089844
280.19158935546875,208.50515747070312,191.16001892089844
280.19158935546875,208.50515747070312,191.16001892089844
280.19158935546875,208.50515747070312,191.16001892089844
280.19158935546875,208.50515747070312,191.16001892089844
280.19158935546875,208.50515747070312,191.16001892089844
280.19158935546875,208.50515747070312,191.16001892089844
280.19158935546875,208.50515747070312,191.16001892089844
280.19158935546875,208.50515747070312,191.16001892089844
280.19158935546875,208.50515747070312,191.16001892089844
280.19158935546875,208.50515747070312,191.16001892089844
280.19158935546875,208.50515747070312,191.16001892089844
280.19158935546875,208.50515747070312,191.16001892089844
280.19158935546875,208.50515747070312,191.16001892089844
280.19158935546875,208.50515747070312,191.16001892089844
280.19158935546875,208.50515747070312,191.16001892089844
280.19158935546875,208.50515747070312,191.16001892089844
280.19158935546875,208.50515747070312,191.16001892089844
280.19158935546875,208.50515747070312,191.16001892089844
280.1915588378906,208.50515747070312,191.16001892089844
280.1915588378906,208.50515747070312,191.16001892089844
280.1915588378906,208.50515747070312,191.16001892089844
280.1915588378906,208.50515747070312,191.16001892089844
280.1915588378906,208.50515747070312,191.16001892089844
280.1915588378906,208.50515747070312,191.16001892089844
280.1915588378906,208.50515747070312,191.16001892089844
280.1915588378906,208.50515747070312,191.16001892089844
280.1915588378906,208.50515747070312,191.16000366210938
280.1915588378906,208.50515747070312,191.16000366210938
280.1915588378906,208.50515747070312,191.16000366210938
280.1915588378906,208.50515747070312,191.16000366210938
280.1915588378906,208.50515747070312,191.16000366210938
280.1915588378906,208.50515747070312,191.16000366210938
280.1915588378906,208.50515747070312,191.16000366210938
280.1915588378906,208.50515747070312,191.16000366210938
280.1915588378906,208.50515747070312,191.16000366210938
280.1915588378906,208.50515747070312,191.16000366210938
280.1915588378906,208.50515747070312,191.16000366210938
280.1915588378906,208.50515747070312,191.16000366210938
280.1915588378906,208.50515747070312,191.16000366210938
280.1915588378906,208.50515747070312,191.16000366210938
280.1915588378906,208.50515747070312,191.16000366210938
280.1915588378906,208.50515747070312,191.16000366210938
280.1915588378906,208.50515747070312,191.16000366210938
280.1915588378906,208.50515747070312,191.16000366210938
280.1915588378906,208.50515747070312,191.16000366210938
280.1915588378906,208.50515747070312,191.16000366210938
280.1915588378906,208.50515747070312,191.16000366210938
280.1915283203125,208.50515747070312,191.16000366210938
280.1915283203125,208.50515747070312,191.16000366210938
280.1915283203125,208.50515747070312,191.16000366210938
280.1915283203125,208.50515747070312,191.16000366210938
280.1915283203125,208.50515747070312,191.16000366210938
280.1915283203125,208.50515747070312,191.16000366210938
280.1915283203125,208.50515747070312,191.16000366210938
280.1915283203125,208.50515747070312,191.16000366210938
280.1915283203125,208.50515747070312,191.1599884033203
280.1915283203125,208.50515747070312,191.1599884033203
280.1915283203125,208.50515747070312,191.1599884033203
280.1915283203125,208.50515747070312,191.1599884033203
280.1915283203125,208.50515747070312,191.1599884033203
280.1915283203125,208.50515747070312,191.1599884033203
280.1915283203125,208.50515747070312,191.1599884033203
280.1915283203125,208.50515747070312,191.1599884033203
280.1915283203125,208.50515747070312,191.1599884033203
280.1915283203125,208.50515747070312,191.1599884033203
280.1915283203125,208.50515747070312,191.1599884033203
280.1915283203125,208.50515747070312,191.1599884033203
280.1915283203125,208.50515747070312,191.1599884033203
280.1915283203125,208.50515747070312,191.1599884033203
280.1915283203125,208.50515747070312,191.1599884033203
280.1915283203125,208.50515747070312,191.1599884033203
280.1915283203125,208.50515747070312,191.1599884033203
280.1915283203125,208.50515747070312,191.1599884033203
280.1915283203125,208.50515747070312,191.1599884033203
280.1915283203125,208.50515747070312,191.1599884033203
280.1914978027344,208.50515747070312,191.1599884033203
280.1914978027344,208.50515747070312,191.1599884033203
280.1914978027344,208.50515747070312,191.1599884033203
280.1914978027344,208.50515747070312,191.1599884033203
280.1914978027344,208.50515747070312,191.1599884033203
280.1914978027344,208.50515747070312,191.1599884033203
280.1914978027344,208.50515747070312,191.1599884033203
280.1914978027344,208.50515747070312,191.1599884033203
280.1914978027344,208.50515747070312,191.1599884033203
280.1914978027344,208.50515747070312,191.15997314453125
280.1914978027344,208.50515747070312,191.15997314453125
280.1914978027344,208.50515747070312,191.15997314453125
280.1914978027344,208.50515747070312,191.15997314453125
280.1914978027344,208.50515747070312,191.15997314453125
280.1914978027344,208.50515747070312,191.15997314453125
280.1914978027344,208.50515747070312,191.15997314453125
280.1914978027344,208.50515747070312,191.15997314453125
280.1914978027344,208.50515747070312,191.15997314453125
280.1914978027344,208.50515747070312,191.15997314453125
280.1914978027344,208.50515747070312,191.15997314453125
280.1914978027344,208.50515747070312,191.15997314453125
280.1914978027344,208.50515747070312,191.15997314453125
280.1914978027344,208.50515747070312,191.15997314453125
280.1914978027344,208.50515747070312,191.15997314453125
280.1914978027344,208.50515747070312,191.15997314453125
280.1914978027344,208.50515747070312,191.15997314453125
280.1914978027344,208.50515747070312,191.15997314453125
280.1914978027344,208.50515747070312,191.15997314453125
280.1914978027344,208.50515747070312,191.15997314453125
280.19146728515625,208.50515747070312,191.15997314453125
280.19146728515625,208.50515747070312,191.15997314453125
280.19146728515625,208.50515747070312,191.15997314453125
280.19146728515625,208.50515747070312,191.15997314453125
280.19146728515625,208.50515747070312,191.15997314453125
280.19146728515625,208.50515747070312,191.15997314453125
280.19146728515625,208.50515747070312,191.15997314453125
280.19146728515625,208.50515747070312,191.15997314453125
280.19146728515625,208.50515747070312,191.15997314453125
280.19146728515625,208.50515747070312,191.15997314453125
280.19146728515625,208.50515747070312,191.15997314453125
280.19146728515625,208.50515747070312,191.1599578857422
280.19146728515625,208.50515747070312,191.1599578857422
280.19146728515625,208.50515747070312,191.1599578857422
280.19146728515625,208.50515747070312,191.1599578857422
280.19146728515625,208.50515747070312,191.1599578857422
280.19146728515625,208.50515747070312,191.1599578857422
280.19146728515625,208.50515747070312,191.1599578857422
280.19146728515625,208.50515747070312,191.1599578857422
280.19146728515625,208.50515747070312,191.1599578857422
280.19146728515625,208.50515747070312,191.1599578857422
280.19146728515625,208.50515747070312,191.1599578857422
280.19146728515625,208.50515747070312,191.1599578857422
280.19146728515625,208.50515747070312,191.1599578857422
280.19146728515625,208.50515747070312,191.1599578857422
280.19146728515625,208.50515747070312,191.1599578857422
280.19146728515625,208.50515747070312,191.1599578857422
280.19134521484375,208.50515747070312,191.15997314453125
280.1910705566406,208.50515747070312,191.1599884033203
280.19061279296875,208.50515747070312,191.1600341796875
280.1899719238281,208.50515747070312,191.1600799560547
280.1890869140625,208.50515747070312,191.16014099121094
280.1880187988281,208.50515747070312,191.1602325439453
280.186767578125,208.50515747070312,191.16030883789062
280.185302734375,208.50515747070312,191.16041564941406
280.1831359863281,208.50515747070312,191.16058349609375
280.18121337890625,208.50515747070312,191.16070556640625
280.1790466308594,208.50515747070312,191.1608428955078
280.17669677734375,208.50515747070312,191.16099548339844
280.1741638183594,208.50515747070312,191.16114807128906
280.17138671875,208.50515747070312,191.16131591796875
280.16839599609375,208.50515747070312,191.16146850585938
280.16522216796875,208.50515747070312,191.16163635253906
280.1617736816406,208.50515747070312,191.1617889404297
280.1581726074219,208.50515747070312,191.16195678710938
280.1543273925781,208.50515747070312,191.16212463378906
280.150146484375,208.50515747070312,191.16229248046875
280.1458435058594,208.50515747070312,191.1624755859375
280.1413269042969,208.50515747070312,191.1626434326172
280.1365966796875,208.50515747070312,191.16281127929688
280.1316223144531,208.50515747070312,191.16297912597656
280.1264343261719,208.50515747070312,191.16314697265625
280.12103271484375,208.50515747070312,191.163330078125
280.11541748046875,208.50515747070312,191.1634979248047
280.10955810546875,208.50515747070312,191.16368103027344
280.103515625,208.50515747070312,191.16384887695312
280.0971984863281,208.50515747070312,191.16404724121094
280.0906982421875,208.50515747070312,191.1642303466797
280.0839538574219,208.50515747070312,191.16441345214844
280.0770263671875,208.50515747070312,191.1645965576172
280.0699157714844,208.50515747070312,191.16477966308594
280.0625305175781,208.50515747070312,191.1649627685547
280.054931640625,208.50515747070312,191.1651611328125
280.0471496582031,208.50515747070312,191.16534423828125
280.03912353515625,208.50515747070312,191.16554260253906
280.03094482421875,208.50514221191406,191.16574096679688
280.02197265625,208.50514221191406,191.1659698486328
280.0133361816406,208.50514221191406,191.16616821289062
280.0044860839844,208.50514221191406,191.16636657714844
279.99542236328125,208.50514221191406,191.1665802001953
279.98529052734375,208.50514221191406,191.1667938232422
279.975830078125,208.50514221191406,191.16700744628906
279.9661560058594,208.50514221191406,191.16720581054688
279.95623779296875,208.50514221191406,191.1674041748047
279.9461669921875,208.50514221191406,191.1676025390625
279.9358825683594,208.50514221191406,191.1678009033203
279.9254150390625,208.50514221191406,191.16799926757812
279.91473388671875,208.50514221191406,191.16819763183594
279.9035949707031,208.50515747070312,191.16839599609375
279.89251708984375,208.50515747070312,191.16856384277344
279.87744140625,208.50515747070312,191.16880798339844
279.8658752441406,208.50515747070312,191.16896057128906
279.8541259765625,208.50515747070312,191.1691436767578
279.8421936035156,208.50515747070312,191.16928100585938
279.8300476074219,208.5051727294922,191.16943359375
279.81439208984375,208.5051727294922,191.16961669921875
279.80181884765625,208.50518798828125,191.16973876953125
279.78533935546875,208.5052032470703,191.16989135742188
279.7723083496094,208.50521850585938,191.17001342773438
279.75909423828125,208.50521850585938,191.1701202392578
279.74566650390625,208.5052490234375,191.1702117919922
279.7320861816406,208.50526428222656,191.1702880859375
279.71826171875,208.5052947998047,191.1703643798828
279.7038879394531,208.50531005859375,191.17044067382812
279.6896667480469,208.50535583496094,191.17050170898438
279.67529296875,208.50540161132812,191.17056274414062
279.66070556640625,208.50547790527344,191.1706085205078
279.64593505859375,208.5055389404297,191.17063903808594
279.6309509277344,208.505615234375,191.17068481445312
279.61419677734375,208.50570678710938,191.1707000732422
279.5987854003906,208.50579833984375,191.17071533203125
279.5832214355469,208.50588989257812,191.1707305908203
279.5674133300781,208.50601196289062,191.1707305908203
279.55145263671875,208.50611877441406,191.1707305908203
279.53460693359375,208.5062255859375,191.1707305908203
279.51824951171875,208.50634765625,191.1707305908203
279.50164794921875,208.50645446777344,191.17071533203125
279.48486328125,208.506591796875,191.17068481445312
279.4678649902344,208.5067138671875,191.17066955566406
279.4506530761719,208.5068359375,191.170654296875
279.4332580566406,208.50697326660156,191.17062377929688
279.4156188964844,208.50711059570312,191.17059326171875
279.3978271484375,208.50726318359375,191.17056274414062
279.3797912597656,208.50741577148438,191.1705322265625
279.3603210449219,208.50758361816406,191.17050170898438
279.3386535644531,208.50778198242188,191.17047119140625
279.3199768066406,208.5079803466797,191.17042541503906
279.3010559082031,208.5081787109375,191.17039489746094
279.281982421875,208.50836181640625,191.1703643798828
279.2611999511719,208.50860595703125,191.1703338623047
279.2416687011719,208.5088348388672,191.17030334472656
279.22174072265625,208.5090789794922,191.17027282714844
279.2017822265625,208.5093536376953,191.17022705078125
279.1816101074219,208.5096435546875,191.17019653320312
279.13323974609375,208.510498046875,191.17013549804688
279.11187744140625,208.5109405517578,191.17010498046875
279.0908203125,208.51144409179688,191.17007446289062
279.0680236816406,208.51205444335938,191.1700439453125
279.0465087890625,208.5126953125,191.17002868652344
279.02288818359375,208.5135040283203,191.1699981689453
279.0009765625,208.51429748535156,191.1699676513672
278.9786376953125,208.51519775390625,191.16995239257812
278.956298828125,208.5161590576172,191.16993713378906
278.9338073730469,208.51719665527344,191.169921875
278.9102478027344,208.51834106445312,191.16990661621094
278.8873291015625,208.51951599121094,191.16989135742188
278.86419677734375,208.52072143554688,191.1698760986328
278.8408508300781,208.52200317382812,191.16986083984375
278.81732177734375,208.52333068847656,191.16986083984375
278.7931213378906,208.52471923828125,191.1698455810547
278.7681579589844,208.5261688232422,191.16983032226562
278.7439880371094,208.52757263183594,191.16981506347656
278.7196044921875,208.5290069580078,191.1697998046875
278.69500732421875,208.53041076660156,191.16978454589844
278.6701965332031,208.53179931640625,191.16976928710938
278.64520263671875,208.53317260742188,191.16973876953125
278.6199645996094,208.53451538085938,191.1697235107422
278.59454345703125,208.5358123779297,191.16970825195312
278.5682373046875,208.53709411621094,191.169677734375
278.5423583984375,208.53829956054688,191.1696319580078
278.51629638671875,208.53945922851562,191.1696014404297
278.4900207519531,208.5405731201172,191.1695556640625
278.4635009765625,208.54165649414062,191.1695098876953
278.4367980957031,208.5426788330078,191.1694793701172
278.4098815917969,208.543701171875,191.16941833496094
278.38275146484375,208.54470825195312,191.1693572998047
278.3554382324219,208.54568481445312,191.1693115234375
278.327880859375,208.5466766357422,191.16925048828125
278.3001403808594,208.54766845703125,191.16915893554688
278.2721862792969,208.54867553710938,191.16909790039062
278.2440185546875,208.54969787597656,191.16900634765625
278.21563720703125,208.5507354736328,191.16891479492188
278.1870422363281,208.55178833007812,191.1688232421875
278.15826416015625,208.55288696289062,191.16871643066406
278.1292724609375,208.55398559570312,191.1686248779297
278.1000671386719,208.55511474609375,191.16851806640625
278.0706481933594,208.55625915527344,191.16839599609375
278.041015625,208.5574188232422,191.1682891845703
278.0096130371094,208.5586700439453,191.1681671142578
277.97955322265625,208.55987548828125,191.1680450439453
277.94927978515625,208.56109619140625,191.1679229736328
277.9187927246094,208.5623321533203,191.16778564453125
277.8880920410156,208.56358337402344,191.16766357421875
277.8566589355469,208.56488037109375,191.1675262451172
277.8255310058594,208.566162109375,191.16738891601562
277.7942199707031,208.56747436523438,191.16725158691406
277.7619323730469,208.56884765625,191.16709899902344
277.73016357421875,208.5701904296875,191.16696166992188
277.69818115234375,208.57156372070312,191.16680908203125
277.6659851074219,208.57296752929688,191.16665649414062
277.63360595703125,208.5743865966797,191.16650390625
277.6009521484375,208.5758514404297,191.16635131835938
277.5681457519531,208.5773162841797,191.16619873046875
277.53509521484375,208.57882690429688,191.16604614257812
277.5018615722656,208.58035278320312,191.16587829589844
277.4683532714844,208.58192443847656,191.1657257080078
277.4346923828125,208.58349609375,191.16555786132812
277.4007568359375,208.5851287841797,191.16539001464844
277.36663818359375,208.58677673339844,191.16522216796875
277.3323059082031,208.5884552001953,191.16502380371094
277.2944641113281,208.59033203125,191.1648406982422
277.2596740722656,208.5920867919922,191.16465759277344
277.22467041015625,208.59384155273438,191.1644744873047
277.1894226074219,208.5956573486328,191.16429138183594
277.15399169921875,208.5974884033203,191.1641082763672
277.1183166503906,208.59934997558594,191.16392517089844
277.0824279785156,208.6012420654297,191.1637420654297
277.04632568359375,208.60313415527344,191.16354370117188
277.010009765625,208.60504150390625,191.16334533691406
276.97344970703125,208.60693359375,191.16314697265625
276.93670654296875,208.60885620117188,191.16294860839844
276.8996887207031,208.6107635498047,191.16275024414062
276.86248779296875,208.61268615722656,191.1625518798828
276.8250732421875,208.61460876464844,191.16233825683594
276.7873840332031,208.6165313720703,191.16213989257812
276.7495422363281,208.61846923828125,191.16192626953125
276.71142578125,208.62042236328125,191.1617431640625
276.6731262207031,208.62237548828125,191.16151428222656
276.6345520019531,208.62437438964844,191.16131591796875
276.5957946777344,208.62635803222656,191.16111755371094
276.5567932128906,208.6283721923828,191.16091918945312
276.5175476074219,208.6304168701172,191.16070556640625
276.4781188964844,208.63247680664062,191.1605224609375
276.42645263671875,208.63519287109375,191.16026306152344
276.386474609375,208.6372833251953,191.16009521484375
276.3462829589844,208.63941955566406,191.159912109375
276.3058776855469,208.6415557861328,191.15975952148438
276.2652282714844,208.6437225341797,191.1595916748047
276.2243347167969,208.64588928222656,191.15943908691406
276.1832580566406,208.64808654785156,191.15927124023438
276.14190673828125,208.65029907226562,191.15911865234375
276.1003723144531,208.65252685546875,191.1589813232422
276.0554504394531,208.6549530029297,191.15882873535156
276.013427734375,208.65721130371094,191.15867614746094
275.9711608886719,208.6595001220703,191.15853881835938
275.9287109375,208.66180419921875,191.1583709716797
275.8860168457031,208.6641387939453,191.15821838378906
275.8431396484375,208.66647338867188,191.15806579589844
275.8000183105469,208.66885375976562,191.15789794921875
275.7567443847656,208.67124938964844,191.15773010253906
275.7132263183594,208.6736602783203,191.1575469970703
275.6689147949219,208.67611694335938,191.15736389160156
275.6250305175781,208.67855834960938,191.15716552734375
275.58099365234375,208.68101501464844,191.15695190429688
275.53680419921875,208.68348693847656,191.15673828125
275.4924011230469,208.68597412109375,191.1565399169922
275.4478454589844,208.68846130371094,191.15631103515625
275.40313720703125,208.6909637451172,191.15606689453125
275.3582458496094,208.69346618652344,191.1558380126953
275.3119201660156,208.69607543945312,191.15557861328125
275.2666931152344,208.69859313964844,191.1553192138672
275.22137451171875,208.7011260986328,191.15505981445312
275.17584228515625,208.7036590576172,191.15478515625
275.13018798828125,208.7061767578125,191.15451049804688
275.0843505859375,208.70867919921875,191.15423583984375
275.03753662109375,208.71116638183594,191.1539306640625
274.99139404296875,208.71359252929688,191.15362548828125
274.9450988769531,208.7159423828125,191.15333557128906
274.89862060546875,208.71827697753906,191.15301513671875
274.85205078125,208.7205352783203,191.15267944335938
274.8052673339844,208.72276306152344,191.15234375
274.7583312988281,208.7249298095703,191.15200805664062
274.71124267578125,208.72706604003906,191.1516571044922
274.66400146484375,208.72915649414062,191.1513214111328
274.6165771484375,208.73121643066406,191.1509552001953
274.56903076171875,208.73324584960938,191.1505889892578
274.5212707519531,208.7352294921875,191.15020751953125
274.4732666015625,208.73719787597656,191.1498260498047
274.4104919433594,208.7397003173828,191.14930725097656
274.36224365234375,208.7415771484375,191.14892578125
274.3138122558594,208.74342346191406,191.1485137939453
274.26519775390625,208.74525451660156,191.1481170654297
274.2164306640625,208.74705505371094,191.14773559570312
274.16448974609375,208.74896240234375,191.14732360839844
274.1149597167969,208.7507781982422,191.1469268798828
274.065673828125,208.75257873535156,191.1465606689453
274.0162048339844,208.75442504882812,191.14617919921875
273.966552734375,208.7562713623047,191.14581298828125
273.916748046875,208.7581329345703,191.14544677734375
273.8668212890625,208.760009765625,191.14511108398438
273.81671142578125,208.76190185546875,191.14476013183594
273.7646484375,208.76388549804688,191.1444091796875
273.71417236328125,208.7657928466797,191.14405822753906
273.6635437011719,208.76771545410156,191.1437225341797
273.60906982421875,208.769775390625,191.1433563232422
273.5581359863281,208.77171325683594,191.14300537109375
273.5069885253906,208.7736358642578,191.1426544189453
273.4557189941406,208.77554321289062,191.14231872558594
273.4042663574219,208.77748107910156,191.14195251464844
273.3526611328125,208.7794189453125,191.1416015625
273.3008728027344,208.78135681152344,191.1412353515625
273.2463684082031,208.78338623046875,191.140869140625
273.1942443847656,208.78533935546875,191.1405029296875
273.1419982910156,208.7873077392578,191.14013671875
273.08953857421875,208.7892608642578,191.1397705078125
273.03692626953125,208.79124450683594,191.139404296875
272.9841613769531,208.793212890625,191.13902282714844
272.9284362792969,208.79531860351562,191.13864135742188
272.8753356933594,208.7973175048828,191.13827514648438
272.8220520019531,208.79931640625,191.13790893554688
272.76861572265625,208.80136108398438,191.13754272460938
272.7149658203125,208.8033905029297,191.13717651367188
272.66119384765625,208.80543518066406,191.13682556152344
272.6072692871094,208.8074951171875,191.13644409179688
272.55316162109375,208.8095703125,191.13609313964844
272.49884033203125,208.8116455078125,191.13572692871094
272.4429016113281,208.8137969970703,191.1353759765625
272.38824462890625,208.81588745117188,191.135009765625
272.33343505859375,208.8179931640625,191.13465881347656
272.27850341796875,208.8201141357422,191.13430786132812
272.2233581542969,208.82225036621094,191.1339569091797
272.16802978515625,208.8243865966797,191.1335906982422
272.1125793457031,208.8265380859375,191.13323974609375
272.0392150878906,208.82937622070312,191.13278198242188
271.9833679199219,208.83152770996094,191.13243103027344
271.92730712890625,208.8336944580078,191.13206481933594
271.87109375,208.8358917236328,191.13172912597656
271.8147277832031,208.83807373046875,191.13137817382812
271.7581481933594,208.84027099609375,191.1310272216797
271.7014465332031,208.84246826171875,191.1306915283203
271.64453125,208.8446807861328,191.13034057617188
271.5874938964844,208.84690856933594,191.12998962402344
271.5302734375,208.84910583496094,191.12965393066406
271.4728698730469,208.85134887695312,191.1293182373047
271.415283203125,208.85357666015625,191.12896728515625
271.3575439453125,208.85580444335938,191.12863159179688
271.2996520996094,208.8580322265625,191.12828063964844
271.2416076660156,208.86029052734375,191.12794494628906
271.183349609375,208.86251831054688,191.1276092529297
271.1249084472656,208.86476135253906,191.12725830078125
271.0663757324219,208.8670196533203,191.1269073486328
271.0034484863281,208.86941528320312,191.1265411376953
270.94451904296875,208.8716583251953,191.12620544433594
270.88543701171875,208.87391662597656,191.12586975097656
270.8261413574219,208.8761749267578,191.1255340576172
270.7667236328125,208.87841796875,191.12518310546875
270.7071228027344,208.88067626953125,191.12484741210938
270.6390686035156,208.88323974609375,191.12448120117188
270.5791015625,208.88548278808594,191.1241455078125
270.51898193359375,208.8877410888672,191.12379455566406
270.45867919921875,208.88998413085938,191.1234588623047
270.398193359375,208.89222717285156,191.12313842773438
270.33758544921875,208.8944854736328,191.122802734375
270.27679443359375,208.896728515625,191.12245178222656
270.2157897949219,208.89898681640625,191.12213134765625
270.1546936035156,208.90122985839844,191.12179565429688
270.0918884277344,208.90353393554688,191.12144470214844
270.0297546386719,208.90579223632812,191.12110900878906
269.9681091308594,208.90805053710938,191.1207733154297
269.90631103515625,208.91029357910156,191.1204376220703
269.8443908691406,208.91253662109375,191.1200714111328
269.7822570800781,208.91477966308594,191.11972045898438
269.719970703125,208.91702270507812,191.119384765625
269.6575012207031,208.9192657470703,191.11903381347656
269.5948791503906,208.9215087890625,191.11868286132812
269.5321044921875,208.92376708984375,191.1183319091797
269.46917724609375,208.92601013183594,191.11798095703125
269.40606689453125,208.92823791503906,191.1176300048828
269.3377380371094,208.9306640625,191.1172637939453
269.2742614746094,208.93292236328125,191.11691284179688
269.2106628417969,208.93515014648438,191.11654663085938
269.1468505859375,208.93739318847656,191.11619567871094
269.08062744140625,208.93971252441406,191.11582946777344
269.0165100097656,208.94195556640625,191.115478515625
268.95184326171875,208.94419860839844,191.1151123046875
268.88739013671875,208.9464569091797,191.11476135253906
268.82281494140625,208.9486846923828,191.11439514160156
268.7580261230469,208.950927734375,191.11402893066406
268.693115234375,208.9531707763672,191.11366271972656
268.6280517578125,208.95541381835938,191.11328125
268.56280517578125,208.9576416015625,191.1129150390625
268.4974060058594,208.9598846435547,191.11253356933594
268.43182373046875,208.96214294433594,191.11215209960938
268.3661193847656,208.9644012451172,191.1117706298828
268.30023193359375,208.96665954589844,191.11138916015625
268.2341613769531,208.9689483642578,191.11099243164062
268.16796875,208.9712677001953,191.11061096191406
268.1015930175781,208.9735870361328,191.11021423339844
268.0350646972656,208.9759521484375,191.10983276367188
267.9683532714844,208.97833251953125,191.10943603515625
267.90032958984375,208.9807586669922,191.10902404785156
267.8332824707031,208.98316955566406,191.10861206054688
267.7660217285156,208.985595703125,191.10821533203125
267.6986999511719,208.988037109375,191.10781860351562
267.6312255859375,208.99050903320312,191.10740661621094
267.5635681152344,208.99298095703125,191.10699462890625
267.4957275390625,208.99549865722656,191.1065673828125
267.4277648925781,208.99801635742188,191.1061553955078
267.359619140625,209.00054931640625,191.10574340820312
267.2887268066406,209.0032196044922,191.10531616210938
267.2202453613281,209.00579833984375,191.10488891601562
267.151611328125,209.00840759277344,191.10447692871094
267.08282470703125,209.01104736328125,191.10406494140625
267.0138854980469,209.01368713378906,191.10365295410156
266.9447937011719,209.016357421875,191.1032257080078
266.87554931640625,209.01905822753906,191.10279846191406
266.8054504394531,209.02178955078125,191.1023712158203
266.7358703613281,209.02452087402344,191.1019744873047
266.6661071777344,209.02728271484375,191.10154724121094
266.5962219238281,209.03004455566406,191.1011199951172
266.52618408203125,209.0328369140625,191.10069274902344
266.4559631347656,209.03565979003906,191.1002655029297
266.3855895996094,209.0384979248047,191.099853515625
266.2892150878906,209.04241943359375,191.09927368164062
266.2184753417969,209.04531860351562,191.09886169433594
266.14715576171875,209.0482635498047,191.0984344482422
266.07611083984375,209.0512237548828,191.09800720214844
266.0049133300781,209.05418395996094,191.0975799560547
265.93353271484375,209.05718994140625,191.09716796875
265.86199951171875,209.0602264404297,191.0967559814453
265.79034423828125,209.0632781982422,191.09632873535156
265.718505859375,209.0663604736328,191.0959014892578
265.64654541015625,209.0694580078125,191.09548950195312
265.57232666015625,209.0726776123047,191.09506225585938
265.5,209.07583618164062,191.09463500976562
265.4275817871094,209.07901000976562,191.09420776367188
265.35498046875,209.0822296142578,191.0937957763672
265.2822265625,209.08546447753906,191.09335327148438
265.2093505859375,209.08872985839844,191.09292602539062
265.13629150390625,209.09201049804688,191.09251403808594
265.0596618652344,209.09548950195312,191.09205627441406
264.9862976074219,209.09881591796875,191.0916290283203
264.9128112792969,209.10218811035156,191.0911865234375
264.83917236328125,209.1055908203125,191.0907440185547
264.7653503417969,209.10902404785156,191.09030151367188
264.6914367675781,209.1124725341797,191.08987426757812
264.6173400878906,209.11595153808594,191.08941650390625
264.5431213378906,209.1194610595703,191.08897399902344
264.4676208496094,209.123046875,191.08851623535156
264.3930969238281,209.12661743164062,191.0880584716797
264.31842041015625,209.13021850585938,191.08761596679688
264.24365234375,209.1338348388672,191.08714294433594
264.168701171875,209.1374969482422,191.08668518066406
264.0935974121094,209.14117431640625,191.08619689941406
264.0184020996094,209.14486694335938,191.08572387695312
263.9385986328125,209.14883422851562,191.08522033691406
263.8630676269531,209.15260314941406,191.08473205566406
263.7873840332031,209.15640258789062,191.08425903320312
263.7115783691406,209.1602325439453,191.08375549316406
263.6356506347656,209.16407775878906,191.08328247070312
263.5595703125,209.16796875,191.08279418945312
263.48333740234375,209.171875,191.08229064941406
263.406982421875,209.17581176757812,191.08180236816406
263.3304748535156,209.17977905273438,191.08131408691406
263.2525634765625,209.183837890625,191.08079528808594
263.16943359375,209.1881866455078,191.08026123046875
263.0925598144531,209.19223022460938,191.0797576904297
263.0157165527344,209.19631958007812,191.0792236328125
262.9263916015625,209.20108032226562,191.07858276367188
262.8496398925781,209.2052001953125,191.07801818847656
262.77288818359375,209.20933532714844,191.0774688720703
262.69610595703125,209.2135009765625,191.07687377929688
262.61932373046875,209.2176971435547,191.0762939453125
262.5425720214844,209.22189331054688,191.07566833496094
262.4658203125,209.22613525390625,191.0750274658203
262.38909912109375,209.2303924560547,191.0743865966797
262.3123474121094,209.2346649169922,191.07373046875
262.235595703125,209.2389678955078,191.0730438232422
262.15887451171875,209.2432861328125,191.07237243652344
262.0821228027344,209.24761962890625,191.0717010498047
262.0033264160156,209.2520751953125,191.0709686279297
261.9203186035156,209.25677490234375,191.07020568847656
261.8304748535156,209.26187133789062,191.0693817138672
261.7537841796875,209.26622009277344,191.06866455078125
261.67706298828125,209.2705841064453,191.0679168701172
261.6003723144531,209.27493286132812,191.0671844482422
261.523681640625,209.27931213378906,191.0664520263672
261.44293212890625,209.2838897705078,191.065673828125
261.3662414550781,209.2882537841797,191.06492614746094
261.2835693359375,209.29295349121094,191.06411743164062
261.2068786621094,209.2973175048828,191.0633544921875
261.1302490234375,209.3016815185547,191.06259155273438
261.0535583496094,209.30604553222656,191.06182861328125
260.9769287109375,209.3104248046875,191.06105041503906
260.9002380371094,209.31478881835938,191.06028747558594
260.82037353515625,209.31935119628906,191.05947875976562
260.7437438964844,209.32371520996094,191.05873107910156
260.6671142578125,209.32809448242188,191.05795288085938
260.5904846191406,209.3324737548828,191.0571746826172
260.5093078613281,209.3371124267578,191.0563507080078
260.4327087402344,209.34149169921875,191.05557250976562
260.3560485839844,209.3458709716797,191.05479431152344
260.2794494628906,209.3502655029297,191.0540313720703
260.2028503417969,209.35464477539062,191.05325317382812
260.1262512207031,209.35902404785156,191.052490234375
260.0496520996094,209.36341857910156,191.05172729492188
259.9730529785156,209.3677978515625,191.0509796142578
259.8964538574219,209.37217712402344,191.0502166748047
259.81793212890625,209.3766632080078,191.04945373535156
259.7413635253906,209.38104248046875,191.0487060546875
259.664794921875,209.38540649414062,191.04795837402344
259.5882263183594,209.38978576660156,191.04722595214844
259.5103454589844,209.3942413330078,191.0465087890625
259.3986511230469,209.400634765625,191.04551696777344
259.3214416503906,209.40504455566406,191.0448455810547
259.24407958984375,209.40945434570312,191.04420471191406
259.16461181640625,209.41400146484375,191.04356384277344
259.0868225097656,209.41842651367188,191.04299926757812
259.0088195800781,209.42288208007812,191.0424346923828
258.9306335449219,209.42735290527344,191.04190063476562
258.8509826660156,209.43190002441406,191.0413818359375
258.7724304199219,209.43638610839844,191.04090881347656
258.6936950683594,209.44088745117188,191.04043579101562
258.6146240234375,209.4453887939453,191.03997802734375
258.5345764160156,209.44996643066406,191.03953552246094
258.4554748535156,209.4544677734375,191.03909301757812
258.376220703125,209.458984375,191.03866577148438
258.2934875488281,209.46371459960938,191.03822326660156
258.21405029296875,209.46824645996094,191.0377960205078
258.13446044921875,209.47279357910156,191.03736877441406
258.0548095703125,209.47732543945312,191.03695678710938
257.9750671386719,209.48187255859375,191.03652954101562
257.89520263671875,209.48641967773438,191.03611755371094
257.8119201660156,209.4911651611328,191.0356903076172
257.7318115234375,209.4957275390625,191.03529357910156
257.651611328125,209.50030517578125,191.03488159179688
257.5712890625,209.50486755371094,191.03448486328125
257.48883056640625,209.50955200195312,191.03407287597656
257.40826416015625,209.51414489746094,191.03369140625
257.3276062011719,209.5187225341797,191.03330993652344
257.2468566894531,209.5233154296875,191.03292846679688
257.16595458984375,209.5279083251953,191.03256225585938
257.0849914550781,209.5325164794922,191.03219604492188
257.0038757324219,209.53712463378906,191.0318145751953
256.92266845703125,209.54173278808594,191.03146362304688
256.84136962890625,209.54635620117188,191.03111267089844
256.75994873046875,209.55099487304688,191.03076171875
256.6783752441406,209.55560302734375,191.03041076660156
256.59674072265625,209.56024169921875,191.0300750732422
256.5149841308594,209.56488037109375,191.02972412109375
256.43310546875,209.5695343017578,191.0293731689453
256.35113525390625,209.5741729736328,191.029052734375
256.26904296875,209.57884216308594,191.02871704101562
256.1868591308594,209.58351135253906,191.02838134765625
256.10455322265625,209.5881805419922,191.02804565429688
256.0221252441406,209.5928497314453,191.02769470214844
255.9396209716797,209.5975341796875,191.02735900878906
255.85626220703125,209.60226440429688,191.0270233154297
255.72679138183594,209.609619140625,191.02647399902344
255.6438751220703,209.61431884765625,191.026123046875
255.5608673095703,209.6190185546875,191.0257568359375
255.4777374267578,209.6237335205078,191.02540588378906
255.3944854736328,209.62844848632812,191.02503967285156
255.31060791015625,209.63319396972656,191.024658203125
255.22715759277344,209.637939453125,191.02427673339844
255.1436004638672,209.64266967773438,191.02389526367188
255.0599365234375,209.64739990234375,191.0235137939453
254.97613525390625,209.6521453857422,191.02310180664062
254.89199829101562,209.6569061279297,191.022705078125
254.80331420898438,209.6619110107422,191.02224731445312
254.71920776367188,209.6666717529297,191.02183532714844
254.62838745117188,209.67181396484375,191.02137756347656
254.54405212402344,209.67657470703125,191.02093505859375
254.4595947265625,209.68133544921875,191.02047729492188
254.37503051757812,209.6861114501953,191.02003479003906
254.2903594970703,209.69090270996094,191.01959228515625
254.20558166503906,209.69569396972656,191.0191192626953
254.12069702148438,209.7004852294922,191.01864624023438
254.03567504882812,209.7052764892578,191.0181884765625
253.9505615234375,209.7100830078125,191.0177001953125
253.86476135253906,209.71493530273438,191.01722717285156
253.77943420410156,209.7197265625,191.0167236328125
253.68345642089844,209.72515869140625,191.01617431640625
253.59786987304688,209.72996520996094,191.0156707763672
253.51219177246094,209.7348175048828,191.0151824951172
253.42640686035156,209.73963928222656,191.01466369628906
253.3404998779297,209.74449157714844,191.01416015625
253.25448608398438,209.7493438720703,191.01364135742188
253.16835021972656,209.7541961669922,191.01312255859375
253.08212280273438,209.75904846191406,191.01258850097656
252.9957733154297,209.763916015625,191.01206970214844
252.9093017578125,209.76878356933594,191.0115509033203
252.82272338867188,209.77366638183594,191.01101684570312
252.7360382080078,209.77853393554688,191.01048278808594
252.6492462158203,209.78343200683594,191.0099639892578
252.5623321533203,209.78831481933594,191.00941467285156
252.47259521484375,209.79336547851562,191.0088653564453
252.3854522705078,209.7982635498047,191.00833129882812
252.29820251464844,209.8031768798828,191.00779724121094
252.21084594726562,209.80809020996094,191.00726318359375
252.1233673095703,209.81300354003906,191.0067138671875
252.03578186035156,209.8179168701172,191.0061798095703
251.94808959960938,209.82284545898438,191.0056610107422
251.8280487060547,209.82958984375,191.0049285888672
251.7400665283203,209.8345184326172,191.00440979003906
251.6519775390625,209.83946228027344,191.00389099121094
251.5637969970703,209.8444061279297,191.00335693359375
251.47549438476562,209.84934997558594,191.00283813476562
251.38710021972656,209.85430908203125,191.0023193359375
251.29678344726562,209.85935974121094,191.0017852783203
251.2081298828125,209.8643341064453,191.00128173828125
251.119384765625,209.86929321289062,191.0007781982422
251.0205535888672,209.87481689453125,191.00021362304688
250.9315643310547,209.8798065185547,190.99969482421875
250.8424835205078,209.88478088378906,190.9991912841797
250.75326538085938,209.88978576660156,190.99868774414062
250.66395568847656,209.89476013183594,190.99818420410156
250.57452392578125,209.89976501464844,190.99769592285156
250.4849853515625,209.90478515625,190.9971923828125
250.3953399658203,209.90977478027344,190.99668884277344
250.30557250976562,209.914794921875,190.99620056152344
250.21548461914062,209.91983032226562,190.9956817626953
250.12550354003906,209.9248504638672,190.9951934814453
250.035400390625,209.9298858642578,190.99468994140625
249.9451904296875,209.93492126464844,190.9941864013672
249.85487365722656,209.93995666503906,190.99368286132812
249.76443481445312,209.94500732421875,190.99319458007812
249.6739044189453,209.95005798339844,190.99267578125
249.57620239257812,209.95550537109375,190.99215698242188
249.4854278564453,209.9605712890625,190.99163818359375
249.39454650878906,209.96563720703125,190.9911346435547
249.3035430908203,209.970703125,190.99063110351562
249.2124481201172,209.97576904296875,190.9901123046875
249.12123107910156,209.98086547851562,190.98960876464844
249.02989196777344,209.98594665527344,190.98910522460938
248.93844604492188,209.99102783203125,190.9885711669922
248.84689331054688,209.99612426757812,190.98806762695312
248.75523376464844,210.001220703125,190.987548828125
248.6634521484375,210.00631713867188,190.98703002929688
248.57156372070312,210.01141357421875,190.9864959716797
248.47955322265625,210.01651000976562,190.98599243164062
248.387451171875,210.0216064453125,190.98544311523438
248.2952117919922,210.02670288085938,190.9849090576172
248.202880859375,210.03182983398438,190.984375
248.10867309570312,210.03701782226562,190.98382568359375
248.01609802246094,210.0421142578125,190.98329162597656
247.9234161376953,210.04722595214844,190.9827423095703
247.8306121826172,210.05235290527344,190.98220825195312
247.70840454101562,210.05906677246094,190.98147583007812
247.61534118652344,210.06417846679688,190.98092651367188
247.5221710205078,210.06930541992188,190.98037719726562
247.42886352539062,210.07443237304688,190.9798126220703
247.33546447753906,210.07955932617188,190.979248046875
247.24192810058594,210.0846710205078,190.97869873046875
247.1459197998047,210.08993530273438,190.97811889648438
247.05215454101562,210.09506225585938,190.97756958007812
246.95828247070312,210.10018920898438,190.9770050048828
246.8643035888672,210.10533142089844,190.9764404296875
246.76483154296875,210.11074829101562,190.97584533691406
246.67062377929688,210.1158905029297,190.9752960205078
246.5756378173828,210.1210479736328,190.97471618652344
246.48117065429688,210.12619018554688,190.9741668701172
246.3865966796875,210.13131713867188,190.97360229492188
246.2919158935547,210.13645935058594,190.97305297851562
246.19712829589844,210.14158630371094,190.9724884033203
246.10223388671875,210.146728515625,190.97193908691406
246.0072021484375,210.15187072753906,190.97137451171875
245.9120635986328,210.1570281982422,190.9708251953125
245.81680297851562,210.16217041015625,190.9702606201172
245.721435546875,210.1673126220703,190.96969604492188
245.62594604492188,210.17245483398438,190.96914672851562
245.53036499023438,210.17759704589844,190.9685821533203
245.43197631835938,210.18287658691406,190.96800231933594
245.33616638183594,210.18801879882812,190.96743774414062
245.240234375,210.1931610107422,190.96688842773438
245.1441650390625,210.19830322265625,190.96632385253906
245.04800415039062,210.2034454345703,190.96575927734375
244.95172119140625,210.20858764648438,190.96519470214844
244.85533142089844,210.21372985839844,190.96463012695312
244.75880432128906,210.2188720703125,190.9640655517578
244.6621856689453,210.22401428222656,190.9635009765625
244.56544494628906,210.2291717529297,190.96292114257812
244.46859741210938,210.23431396484375,190.9623565673828
244.3716278076172,210.2394561767578,190.9617919921875
244.2745361328125,210.24461364746094,190.96121215820312
244.17735290527344,210.249755859375,190.96063232421875
244.08004760742188,210.25491333007812,190.96005249023438
243.98263549804688,210.2600555419922,190.95948791503906
243.8850860595703,210.2652130126953,190.9589080810547
243.78744506835938,210.27035522460938,190.9583282470703
243.68968200683594,210.2755126953125,190.957763671875
243.591796875,210.28065490722656,190.95718383789062
243.4938201904297,210.28579711914062,190.95660400390625
243.34384155273438,210.29367065429688,190.95571899414062
243.2455596923828,210.29881286621094,190.95513916015625
243.1471710205078,210.303955078125,190.95455932617188
243.04867553710938,210.30911254882812,190.95396423339844
242.95004272460938,210.3142547607422,190.95338439941406
242.851318359375,210.31939697265625,190.95278930664062
242.7524871826172,210.3245391845703,190.9521942138672
242.65353393554688,210.32968139648438,190.9516143798828
242.55445861816406,210.3348388671875,190.95103454589844
242.4552764892578,210.33998107910156,190.950439453125
242.35597229003906,210.34512329101562,190.9498291015625
242.25657653808594,210.3502655029297,190.94923400878906
242.1570587158203,210.3553924560547,190.94862365722656
242.05528259277344,210.36065673828125,190.94801330566406
241.95553588867188,210.3657989501953,190.94740295410156
241.85568237304688,210.37094116210938,190.94680786132812
241.7556915283203,210.37608337402344,190.94619750976562
241.65560913085938,210.38121032714844,190.94558715820312
241.555419921875,210.3863525390625,190.94496154785156
241.45509338378906,210.3914794921875,190.94435119628906
241.3546905517578,210.3966064453125,190.9437255859375
241.25413513183594,210.4017333984375,190.943115234375
241.1520233154297,210.40692138671875,190.94247436523438
241.05125427246094,210.4120330810547,190.9418487548828
240.95037841796875,210.4171600341797,190.9412384033203
240.84938049316406,210.42227172851562,190.94061279296875
240.748291015625,210.42738342285156,190.93997192382812
240.64707946777344,210.43246459960938,190.93934631347656
240.5457305908203,210.4375457763672,190.938720703125
240.4442901611328,210.4425811767578,190.93809509277344
240.34274291992188,210.44757080078125,190.9374542236328
240.23617553710938,210.45277404785156,190.93679809570312
240.13438415527344,210.45767211914062,190.9361572265625
240.03248596191406,210.46249389648438,190.93551635742188
239.9304656982422,210.46728515625,190.9348907470703
239.82835388183594,210.47198486328125,190.93426513671875
239.72610473632812,210.47665405273438,190.93360900878906
239.62376403808594,210.4812469482422,190.93296813964844
239.5212860107422,210.4857940673828,190.93234252929688
239.41871643066406,210.4902801513672,190.9316864013672
239.31512451171875,210.4947509765625,190.9310302734375
239.2113494873047,210.49916076660156,190.9303741455078
239.1084442138672,210.50347900390625,190.9297332763672
239.0054168701172,210.50772094726562,190.92909240722656
238.9022674560547,210.5119171142578,190.92843627929688
238.75685119628906,210.51773071289062,190.92752075195312
238.64886474609375,210.52195739746094,190.92684936523438
238.5453338623047,210.52597045898438,190.9261932373047
238.4416961669922,210.52996826171875,190.92555236816406
238.3379364013672,210.53395080566406,190.92491149902344
238.2340850830078,210.5379180908203,190.92425537109375
238.13009643554688,210.5418701171875,190.9236297607422
238.02601623535156,210.54580688476562,190.92298889160156
237.92181396484375,210.54974365234375,190.92234802246094
237.8175048828125,210.5536651611328,190.92172241210938
237.71307373046875,210.55755615234375,190.92108154296875
237.60853576660156,210.56143188476562,190.92047119140625
237.50387573242188,210.56529235839844,190.9198455810547
237.39910888671875,210.56912231445312,190.91921997070312
237.2942352294922,210.5729217529297,190.91859436035156
237.18927001953125,210.57672119140625,190.91796875
237.0841827392578,210.58047485351562,190.91734313964844
236.97897338867188,210.58421325683594,190.91671752929688
236.87364196777344,210.58792114257812,190.9160919189453
236.76821899414062,210.5915985107422,190.9154510498047
236.66268920898438,210.5952606201172,190.91481018066406
236.5545654296875,210.59898376464844,190.91415405273438
236.44882202148438,210.60260009765625,190.9135284423828
236.3429412841797,210.606201171875,190.91287231445312
236.23696899414062,210.60977172851562,190.91220092773438
236.12420654296875,210.61354064941406,190.9114990234375
236.0179901123047,210.61708068847656,190.9108428955078
235.91168212890625,210.62060546875,190.91017150878906
235.80526733398438,210.6240997314453,190.9095001220703
235.69873046875,210.62757873535156,190.90882873535156
235.59140014648438,210.6310577392578,190.90814208984375
235.48464965820312,210.63450622558594,190.90745544433594
235.37777709960938,210.63795471191406,190.90676879882812
235.27078247070312,210.64137268066406,190.9060821533203
235.1636962890625,210.64476013183594,190.90538024902344
235.05650329589844,210.6481475830078,190.90469360351562
234.94920349121094,210.6515350341797,190.9040069580078
234.84176635742188,210.65489196777344,190.90330505371094
234.73422241210938,210.65823364257812,190.90260314941406
234.6265869140625,210.66156005859375,190.9019012451172
234.5188446044922,210.66488647460938,190.9011993408203
234.41098022460938,210.66819763183594,190.90049743652344
234.28770446777344,210.67196655273438,190.89968872070312
234.17959594726562,210.6752471923828,190.89898681640625
234.07138061523438,210.6785125732422,190.89825439453125
233.91661071777344,210.68316650390625,190.89724731445312
233.80813598632812,210.6864013671875,190.89654541015625
233.69955444335938,210.68963623046875,190.8958282470703
233.59085083007812,210.69284057617188,190.89511108398438
233.48204040527344,210.69606018066406,190.8944091796875
233.3731231689453,210.69924926757812,190.89370727539062
233.26409912109375,210.70245361328125,190.8929901123047
233.15061950683594,210.70574951171875,190.8922576904297
233.04135131835938,210.70892333984375,190.8915557861328
232.93199157714844,210.7120819091797,190.89085388183594
232.82252502441406,210.71524047851562,190.89015197753906
232.71109008789062,210.71844482421875,190.88943481445312
232.60140991210938,210.72158813476562,190.8887481689453
232.49160766601562,210.72471618652344,190.88804626464844
232.38169860839844,210.72784423828125,190.88734436035156
232.2716827392578,210.73095703125,190.88665771484375
232.1594696044922,210.73411560058594,190.88595581054688
232.0492401123047,210.7372283935547,190.88525390625
231.93890380859375,210.74032592773438,190.88458251953125
231.8284454345703,210.743408203125,190.88388061523438
231.71336364746094,210.7466278076172,190.88316345214844
231.60269165039062,210.74969482421875,190.88247680664062
231.49191284179688,210.7527618408203,190.8817901611328
231.38101196289062,210.7558135986328,190.88111877441406
231.27000427246094,210.7588653564453,190.8804168701172
231.1588897705078,210.7619171142578,190.87974548339844
231.0476837158203,210.76495361328125,190.87905883789062
230.9309539794922,210.76812744140625,190.8783416748047
230.81951904296875,210.77114868164062,190.87765502929688
230.7079620361328,210.774169921875,190.87698364257812
230.59629821777344,210.77719116210938,190.8762969970703
230.4845428466797,210.7801971435547,190.87562561035156
230.3726806640625,210.78318786621094,190.87493896484375
230.2606964111328,210.78619384765625,190.874267578125
230.1486053466797,210.78916931152344,190.8735809326172
230.0364227294922,210.79214477539062,190.87290954589844
229.92410278320312,210.79513549804688,190.8722381591797
229.8116912841797,210.79811096191406,190.87155151367188
229.69918823242188,210.80108642578125,190.87088012695312
229.58616638183594,210.80404663085938,190.8701934814453
229.4734344482422,210.8070068359375,190.86952209472656
229.360595703125,210.80995178222656,190.8688201904297
229.24765014648438,210.81289672851562,190.86814880371094
229.13461303710938,210.8158416748047,190.86746215820312
229.0155029296875,210.81893920898438,190.8667449951172
228.85902404785156,210.82296752929688,190.86578369140625
228.74560546875,210.82589721679688,190.86509704589844
228.632080078125,210.8288116455078,190.86439514160156
228.51844787597656,210.83172607421875,190.86370849609375
228.4031219482422,210.83465576171875,190.8629913330078
228.2892608642578,210.83755493164062,190.86228942871094
228.17530822753906,210.8404541015625,190.861572265625
228.06126403808594,210.8433380126953,190.86087036132812
227.9470977783203,210.84622192382812,190.86016845703125
227.83282470703125,210.84909057617188,190.85946655273438
227.71475219726562,210.85205078125,190.8587188720703
227.6002655029297,210.85491943359375,190.85801696777344
227.47695922851562,210.8579864501953,190.85723876953125
227.36224365234375,210.86082458496094,190.85650634765625
227.2393035888672,210.86387634277344,190.85572814941406
227.12437438964844,210.86671447753906,190.85499572753906
227.00933837890625,210.86953735351562,190.85427856445312
226.89418029785156,210.8723602294922,190.85353088378906
226.77493286132812,210.87527465820312,190.85276794433594
226.65956115722656,210.87808227539062,190.85203552246094
226.54408264160156,210.88088989257812,190.85130310058594
226.4285125732422,210.88368225097656,190.85055541992188
226.3128204345703,210.886474609375,190.8498077392578
226.19703674316406,210.88925170898438,190.84906005859375
226.07620239257812,210.89215087890625,190.84828186035156
225.960205078125,210.89491271972656,190.8475341796875
225.8440704345703,210.89768981933594,190.8468017578125
225.7278594970703,210.9004364013672,190.84605407714844
225.6046142578125,210.9033660888672,190.84527587890625
225.48817443847656,210.90611267089844,190.8445281982422
225.3716278076172,210.9088592529297,190.84378051757812
225.25498962402344,210.91160583496094,190.843017578125
225.1382293701172,210.91433715820312,190.84226989746094
225.02137756347656,210.91705322265625,190.84153747558594
224.9044189453125,210.91978454589844,190.84078979492188
224.78733825683594,210.9224853515625,190.8400421142578
224.67015075683594,210.92518615722656,190.83929443359375
224.55287170410156,210.92788696289062,190.83853149414062
224.43548583984375,210.93057250976562,190.83778381347656
224.3179931640625,210.9332733154297,190.83702087402344
224.20040893554688,210.93594360351562,190.8362579345703
224.0826873779297,210.93861389160156,190.8354949951172
223.96487426757812,210.9412841796875,190.83473205566406
223.84695434570312,210.94393920898438,190.83396911621094
223.7289276123047,210.9465789794922,190.8332061767578
223.55755615234375,210.9503936767578,190.8321075439453
223.43927001953125,210.95301818847656,190.83131408691406
223.32089233398438,210.9556427001953,190.83055114746094
223.20237731933594,210.958251953125,190.8297882080078
223.0837860107422,210.9608612060547,190.8290252685547
222.95803833007812,210.96360778808594,190.82821655273438
222.83921813964844,210.96620178222656,190.82745361328125
222.7202911376953,210.96878051757812,190.82669067382812
222.5940399169922,210.9715118408203,190.8258819580078
222.4748992919922,210.97409057617188,190.8251190185547
222.3556671142578,210.97666931152344,190.82437133789062
222.23631286621094,210.97921752929688,190.8236083984375
222.1059112548828,210.9820098876953,190.8227996826172
221.986328125,210.98455810546875,190.82205200195312
221.86666870117188,210.98709106445312,190.8212890625
221.7469024658203,210.9896240234375,190.82054138183594
221.62701416015625,210.99215698242188,190.81979370117188
221.5070343017578,210.9946746826172,190.8190460205078
221.38694763183594,210.9971923828125,190.81829833984375
221.257568359375,210.9998779296875,190.81748962402344
221.13726806640625,211.00238037109375,190.8167266845703
221.01686096191406,211.00486755371094,190.8159637451172
220.89634704589844,211.00733947753906,190.81521606445312
220.77574157714844,211.00982666015625,190.814453125
220.65501403808594,211.01229858398438,190.8136749267578
220.53419494628906,211.01475524902344,190.8129119873047
220.4132537841797,211.0172119140625,190.8121337890625
220.29222106933594,211.0196533203125,190.8113555908203
220.1710968017578,211.02207946777344,190.81056213378906
220.0498504638672,211.02452087402344,190.80978393554688
219.92849731445312,211.0269317626953,190.80902099609375
219.80691528320312,211.0293426513672,190.8082275390625
219.6853485107422,211.03175354003906,190.8074493408203
219.5636749267578,211.0341339111328,190.80665588378906
219.44190979003906,211.03652954101562,190.80587768554688
219.32003784179688,211.0388946533203,190.8050994873047
219.1980743408203,211.041259765625,190.8043212890625
219.07598876953125,211.04364013671875,190.80355834960938
218.9511260986328,211.04605102539062,190.80276489257812
218.82882690429688,211.0483856201172,190.802001953125
218.70645141601562,211.0507354736328,190.80123901367188
218.5839385986328,211.05307006835938,190.80047607421875
218.4613494873047,211.05540466308594,190.79971313476562
218.33865356445312,211.05772399902344,190.7989501953125
218.2158660888672,211.06004333496094,190.79818725585938
218.05941772460938,211.06297302246094,190.7971954345703
217.93638610839844,211.06527709960938,190.79641723632812
217.81326293945312,211.0675811767578,190.795654296875
217.69003295898438,211.0698699951172,190.7948760986328
217.56668090820312,211.0721435546875,190.79408264160156
217.4432373046875,211.07440185546875,190.7932891845703
217.3197021484375,211.07666015625,190.79251098632812
217.19607543945312,211.07891845703125,190.79171752929688
217.065673828125,211.08126831054688,190.79087829589844
216.9418182373047,211.08348083496094,190.79006958007812
216.81787109375,211.08570861816406,190.78929138183594
216.6938018798828,211.08792114257812,190.78848266601562
216.56964111328125,211.09011840820312,190.78768920898438
216.43612670898438,211.0924835205078,190.78683471679688
216.31175231933594,211.0946502685547,190.78604125976562
216.18727111816406,211.09678649902344,190.78524780273438
216.0626983642578,211.09890747070312,190.78445434570312
215.93801879882812,211.1009979248047,190.78366088867188
215.8032989501953,211.1032257080078,190.78280639648438
215.67840576171875,211.105224609375,190.78201293945312
215.5534210205078,211.10720825195312,190.78121948242188
215.42835998535156,211.10916137695312,190.78042602539062
215.30316162109375,211.11106872558594,190.7796173095703
215.17788696289062,211.11294555664062,190.77883911132812
215.04751586914062,211.11485290527344,190.7779998779297
214.9220428466797,211.1166534423828,190.7771759033203
214.79647827148438,211.118408203125,190.7763671875
214.67079162597656,211.12013244628906,190.7755584716797
214.54502868652344,211.12179565429688,190.77474975585938
214.41915893554688,211.12344360351562,190.77394104003906
214.29318237304688,211.1250457763672,190.77313232421875
214.1671142578125,211.12660217285156,190.77232360839844
214.04095458984375,211.12814331054688,190.77151489257812
213.9122314453125,211.129638671875,190.77069091796875
213.78585815429688,211.13107299804688,190.7698974609375
213.65940856933594,211.13247680664062,190.7690887451172
213.53285217285156,211.1338348388672,190.7682647705078
213.4062042236328,211.13516235351562,190.76747131347656
213.27944946289062,211.13644409179688,190.76666259765625
213.14735412597656,211.13775634765625,190.76580810546875
213.02041625976562,211.1389617919922,190.76499938964844
212.88401794433594,211.14024353027344,190.7641143798828
212.75686645507812,211.14138793945312,190.76329040527344
212.62960815429688,211.14248657226562,190.76246643066406
212.5022735595703,211.1435546875,190.76162719726562
212.31002807617188,211.14511108398438,190.7603759765625
212.18246459960938,211.14608764648438,190.75953674316406
212.05477905273438,211.1470184326172,190.7587127685547
211.927001953125,211.1479034423828,190.7578887939453
211.79913330078125,211.14877319335938,190.75704956054688
211.67117309570312,211.14959716796875,190.75621032714844
211.54310607910156,211.15036010742188,190.75538635253906
211.4149627685547,211.15109252929688,190.7545623779297
211.2866973876953,211.15179443359375,190.75372314453125
211.1583709716797,211.15245056152344,190.75291442871094
211.02993774414062,211.15306091308594,190.7520751953125
210.90139770507812,211.15362548828125,190.75125122070312
210.77279663085938,211.15415954589844,190.75042724609375
210.64407348632812,211.15463256835938,190.74957275390625
210.51527404785156,211.15505981445312,190.7487335205078
210.37939453125,211.15548706054688,190.7478485107422
210.2398681640625,211.15586853027344,190.74691772460938
210.11077880859375,211.1561737060547,190.74606323242188
209.98159790039062,211.15643310546875,190.7451934814453
209.85231018066406,211.1566619873047,190.74432373046875
209.7229461669922,211.15682983398438,190.7434539794922
209.59347534179688,211.15696716308594,190.74258422851562
209.45858764648438,211.1570587158203,190.7416534423828
209.3289337158203,211.1571044921875,190.74078369140625
209.19918823242188,211.1571044921875,190.73988342285156
209.06935119628906,211.1570587158203,190.73899841308594
208.93942260742188,211.15696716308594,190.7381134033203
208.80938720703125,211.1568603515625,190.7372283935547
208.67926025390625,211.1566925048828,190.73634338378906
208.54905700683594,211.15652465820312,190.73545837402344
208.4157257080078,211.1562957763672,190.73455810546875
208.2853546142578,211.15606689453125,190.73367309570312
208.1548614501953,211.15579223632812,190.7327880859375
208.0157470703125,211.15548706054688,190.73184204101562
207.8850860595703,211.15518188476562,190.73094177246094
207.7543182373047,211.15484619140625,190.73004150390625
207.6234588623047,211.1544952392578,190.7291259765625
207.49252319335938,211.1541290283203,190.7282257080078
207.3614959716797,211.1537322998047,190.72731018066406
207.23037719726562,211.15328979492188,190.72640991210938
207.0991668701172,211.15284729003906,190.72547912597656
206.95779418945312,211.15234375,190.72450256347656
206.82640075683594,211.15185546875,190.72357177734375
206.6949005126953,211.15135192871094,190.72264099121094
206.56332397460938,211.1508331298828,190.7217254638672
206.3760986328125,211.15003967285156,190.72042846679688
206.24429321289062,211.1494598388672,190.71951293945312
206.11241149902344,211.1488800048828,190.71859741210938
205.9804229736328,211.1482696533203,190.71768188476562
205.84835815429688,211.14764404296875,190.71678161621094
205.71620178222656,211.1470184326172,190.7158660888672
205.58395385742188,211.14637756347656,190.71495056152344
205.45162963867188,211.14572143554688,190.7140350341797
205.3192138671875,211.14503479003906,190.71311950683594
205.18670654296875,211.14434814453125,190.7122039794922
205.05319213867188,211.14364624023438,190.71128845214844
204.92051696777344,211.1429443359375,190.7103729248047
204.78775024414062,211.14224243164062,190.7094268798828
204.65487670898438,211.14151000976562,190.70851135253906
204.52197265625,211.1407928466797,190.7075958251953
204.3890380859375,211.14004516601562,190.70663452148438
204.2561492919922,211.13931274414062,190.7056884765625
204.12327575683594,211.13856506347656,190.70474243164062
203.99038696289062,211.13780212402344,190.7037811279297
203.85752868652344,211.13705444335938,190.7028045654297
203.72467041015625,211.13629150390625,190.7018280029297
203.59182739257812,211.13552856445312,190.7008514404297
203.458984375,211.134765625,190.69984436035156
203.32614135742188,211.13400268554688,190.69883728027344
203.19332885742188,211.13323974609375,190.6978302001953
203.06051635742188,211.13247680664062,190.6968231201172
202.92770385742188,211.1317138671875,190.69580078125
202.79490661621094,211.13095092773438,190.6947784423828
202.662109375,211.1302032470703,190.69375610351562
202.52932739257812,211.1294403076172,190.69271850585938
202.3965606689453,211.12869262695312,190.69171142578125
202.2637939453125,211.12794494628906,190.690673828125
202.13104248046875,211.127197265625,190.6896209716797
201.99830627441406,211.12644958496094,190.68858337402344
201.8655548095703,211.12570190429688,190.6875457763672
201.7328338623047,211.12498474121094,190.68649291992188
201.60012817382812,211.12425231933594,190.68544006347656
201.46665954589844,211.12350463867188,190.6843719482422
201.33396911621094,211.12278747558594,190.6833038330078
201.20126342773438,211.12208557128906,190.68222045898438
201.068603515625,211.12136840820312,190.68113708496094
200.93592834472656,211.12066650390625,190.68006896972656
200.80325317382812,211.11996459960938,190.67897033691406
200.6706085205078,211.1192626953125,190.67788696289062
200.5379638671875,211.1185760498047,190.67678833007812
200.33575439453125,211.11753845214844,190.67514038085938
200.20314025878906,211.11685180664062,190.67405700683594
200.07052612304688,211.11619567871094,190.6729736328125
199.93792724609375,211.1155242919922,190.67189025878906
199.8053436279297,211.1148681640625,190.67080688476562
199.67276000976562,211.11422729492188,190.6697235107422
199.54019165039062,211.11358642578125,190.66864013671875
199.40760803222656,211.1129608154297,190.6675567626953
199.2750701904297,211.11233520507812,190.6664581298828
199.1425323486328,211.11172485351562,190.66539001464844
199.00999450683594,211.1111297607422,190.664306640625
198.87747192382812,211.11053466796875,190.66322326660156
198.7449493408203,211.10995483398438,190.66213989257812
198.61244201660156,211.109375,190.6610565185547
198.4799346923828,211.10882568359375,190.65997314453125
198.34739685058594,211.10829162597656,190.65890502929688
198.21469116210938,211.1077880859375,190.65786743164062
198.08181762695312,211.1073455810547,190.65682983398438
197.94879150390625,211.10694885253906,190.65582275390625
197.815673828125,211.1066131591797,190.65481567382812
197.67416381835938,211.10629272460938,190.6537628173828
197.52783203125,211.10604858398438,190.65269470214844
197.3945770263672,211.1058807373047,190.6517333984375
197.26132202148438,211.10577392578125,190.65078735351562
197.12802124023438,211.105712890625,190.6498260498047
196.99468994140625,211.10572814941406,190.64889526367188
196.8612823486328,211.1057891845703,190.64796447753906
196.72781372070312,211.10589599609375,190.6470184326172
196.5942840576172,211.1060791015625,190.64608764648438
196.46066284179688,211.10630798339844,190.64515686035156
196.32699584960938,211.10659790039062,190.6442413330078
196.19322204589844,211.10696411132812,190.64332580566406
196.05938720703125,211.1073760986328,190.6424102783203
195.9254913330078,211.1078338623047,190.6415252685547
195.79150390625,211.1083526611328,190.64064025878906
195.65745544433594,211.10887145996094,190.63975524902344
195.5233154296875,211.1094512939453,190.63890075683594
195.38909912109375,211.11004638671875,190.63804626464844
195.25482177734375,211.11065673828125,190.63722229003906
195.11497497558594,211.111328125,190.63633728027344
194.9805450439453,211.11199951171875,190.63552856445312
194.84603881835938,211.1126708984375,190.6347198486328
194.71144104003906,211.11338806152344,190.6339111328125
194.5767822265625,211.11412048339844,190.63308715820312
194.4420623779297,211.11488342285156,190.6322784423828
194.2366485595703,211.11610412597656,190.63107299804688
194.09786987304688,211.11697387695312,190.63021850585938
193.96221923828125,211.1178436279297,190.62942504882812
193.82716369628906,211.11874389648438,190.62860107421875
193.69195556640625,211.11968994140625,190.62779235839844
193.55673217773438,211.1206512451172,190.62696838378906
193.41700744628906,211.12168884277344,190.6261444091797
193.28163146972656,211.1227264404297,190.6253204345703
193.14617919921875,211.12376403808594,190.62451171875
193.01065063476562,211.12486267089844,190.6237030029297
192.87506103515625,211.1259765625,190.6228790283203
192.7393798828125,211.12710571289062,190.62208557128906
192.6036376953125,211.12826538085938,190.6212615966797
192.4678192138672,211.12945556640625,190.6204376220703
192.32664489746094,211.13072204589844,190.6195831298828
192.190673828125,211.1319580078125,190.61874389648438
192.05462646484375,211.1332244873047,190.617919921875
191.91851806640625,211.134521484375,190.6170654296875
191.78102111816406,211.13583374023438,190.61619567871094
191.64474487304688,211.13717651367188,190.61534118652344
191.50836181640625,211.13851928710938,190.61447143554688
191.37196350097656,211.13990783691406,190.6136016845703
191.23545837402344,211.14129638671875,190.61270141601562
191.098876953125,211.14268493652344,190.61183166503906
190.96221923828125,211.1441192626953,190.61093139648438
190.82550048828125,211.14553833007812,190.61004638671875
190.68838500976562,211.14698791503906,190.60914611816406
190.551513671875,211.14842224121094,190.60824584960938
190.41455078125,211.14988708496094,190.6073455810547
190.27752685546875,211.15135192871094,190.60646057128906
190.1404266357422,211.15281677246094,190.60556030273438
190.0032501220703,211.154296875,190.60462951660156
189.86598205566406,211.1558074951172,190.60372924804688
189.72865295410156,211.1573028564453,190.60279846191406
189.5908203125,211.1588134765625,190.6018829345703
189.45333862304688,211.1603240966797,190.60093688964844
189.31578063964844,211.16183471679688,190.59999084472656
189.1781463623047,211.16336059570312,190.59906005859375
189.03684997558594,211.1649169921875,190.5980682373047
188.89906311035156,211.1664276123047,190.59710693359375
188.75076293945312,211.16806030273438,190.59608459472656
188.61280822753906,211.16958618164062,190.59510803222656
188.47479248046875,211.17108154296875,190.59414672851562
188.33668518066406,211.17259216308594,190.59317016601562
188.19850158691406,211.17410278320312,190.59219360351562
188.00746154785156,211.1761474609375,190.59085083007812
187.86907958984375,211.1776580810547,190.58987426757812
187.73065185546875,211.1791229248047,190.58889770507812
187.59213256835938,211.1805877685547,190.58792114257812
187.4535369873047,211.18206787109375,190.58694458007812
187.3148651123047,211.1835174560547,190.58595275878906
187.17611694335938,211.1849822998047,190.58494567871094
187.0372772216797,211.1864013671875,190.58395385742188
186.89837646484375,211.18783569335938,190.58294677734375
186.7556610107422,211.18930053710938,190.5819091796875
186.61659240722656,211.19070434570312,190.58091735839844
186.4774627685547,211.1920928955078,190.5799102783203
186.33824157714844,211.1934814453125,190.5789031982422
186.19894409179688,211.19485473632812,190.57789611816406
186.05958557128906,211.19619750976562,190.57688903808594
185.92013549804688,211.19754028320312,190.57589721679688
185.78062438964844,211.19886779785156,190.5749053955078
185.64102172851562,211.20016479492188,190.57391357421875
185.4990997314453,211.20147705078125,190.5729217529297
185.35934448242188,211.2027587890625,190.57192993164062
185.21951293945312,211.2040252685547,190.57093811035156
185.07962036132812,211.20526123046875,190.56993103027344
184.93963623046875,211.20648193359375,190.56893920898438
184.79959106445312,211.2076873779297,190.56793212890625
184.65945434570312,211.20889282226562,190.56692504882812
184.51925659179688,211.21005249023438,190.56588745117188
184.3789520263672,211.21119689941406,190.5648651123047
184.2366485595703,211.21234130859375,190.5638427734375
184.09622192382812,211.2134552001953,190.5628204345703
183.95570373535156,211.21453857421875,190.5618133544922
183.8151092529297,211.21560668945312,190.56080627441406
183.67442321777344,211.2166290283203,190.559814453125
183.53367614746094,211.2176513671875,190.558837890625
183.39285278320312,211.21864318847656,190.55784606933594
183.25196838378906,211.21961975097656,190.556884765625
183.11099243164062,211.22056579589844,190.555908203125
182.96792602539062,211.22149658203125,190.55491638183594
182.8266143798828,211.22239685058594,190.55392456054688
182.6854248046875,211.2232666015625,190.5529327392578
182.54415893554688,211.22413635253906,190.55194091796875
182.40280151367188,211.22496032714844,190.55091857910156
182.26136779785156,211.22576904296875,190.54989624023438
182.11985778808594,211.22654724121094,190.54888916015625
181.97828674316406,211.22731018066406,190.54786682128906
181.8335418701172,211.22805786132812,190.5468292236328
181.5863800048828,211.22926330566406,190.54505920410156
181.4445037841797,211.22991943359375,190.5440673828125
181.30255126953125,211.2305450439453,190.5430908203125
181.1550750732422,211.23117065429688,190.54205322265625
181.0129852294922,211.23175048828125,190.5410614013672
180.87078857421875,211.2322998046875,190.5400848388672
180.72854614257812,211.23280334472656,190.53909301757812
180.5862274169922,211.23330688476562,190.53810119628906
180.44383239746094,211.23377990722656,190.537109375
180.3013458251953,211.23423767089844,190.53611755371094
180.15879821777344,211.23464965820312,190.5351104736328
180.01617431640625,211.2350311279297,190.5341033935547
179.87347412109375,211.23541259765625,190.53309631347656
179.73069763183594,211.2357635498047,190.53208923339844
179.5878448486328,211.236083984375,190.5310821533203
179.44491577148438,211.2363739013672,190.53009033203125
179.30191040039062,211.2366485595703,190.52908325195312
179.1588134765625,211.2368927001953,190.528076171875
179.01040649414062,211.23712158203125,190.52703857421875
178.86717224121094,211.2373046875,190.5260467529297
178.72386169433594,211.2374725341797,190.52503967285156
178.58045959472656,211.2376251220703,190.52403259277344
178.43699645996094,211.23773193359375,190.5230255126953
178.29347229003906,211.23782348632812,190.5220184326172
178.1498565673828,211.23788452148438,190.52101135253906
178.00616455078125,211.23793029785156,190.51998901367188
177.86241149902344,211.23794555664062,190.5189666748047
177.71652221679688,211.23793029785156,190.51792907714844
177.57261657714844,211.23789978027344,190.51690673828125
177.42861938476562,211.2378387451172,190.51588439941406
177.2845458984375,211.2377471923828,190.51487731933594
177.14041137695312,211.2376251220703,190.5138397216797
176.99618530273438,211.2374725341797,190.5128173828125
176.85189819335938,211.2373046875,190.51181030273438
176.70753479003906,211.23712158203125,190.5107879638672
176.56309509277344,211.23692321777344,190.50975036621094
176.4185791015625,211.23670959472656,190.50872802734375
176.27398681640625,211.23648071289062,190.5076904296875
176.1293182373047,211.23623657226562,190.5066680908203
175.9845733642578,211.23597717285156,190.50563049316406
175.83975219726562,211.23570251464844,190.5045928955078
175.6948699951172,211.23544311523438,190.50355529785156
175.54989624023438,211.23516845703125,190.5024871826172
175.40484619140625,211.23486328125,190.50144958496094
175.24072265625,211.23452758789062,190.500244140625
175.03514099121094,211.23411560058594,190.49876403808594
174.8898162841797,211.23382568359375,190.4977264404297
174.74444580078125,211.23353576660156,190.4966583251953
174.59896850585938,211.23326110839844,190.49562072753906
174.4534454345703,211.2329864501953,190.4945526123047
174.30783081054688,211.23272705078125,190.49349975585938
174.1621551513672,211.2324676513672,190.492431640625
174.0164031982422,211.23223876953125,190.4913787841797
173.8705596923828,211.2320098876953,190.4903106689453
173.7246551513672,211.23179626464844,190.4892578125
173.57867431640625,211.23158264160156,190.48817443847656
173.4326171875,211.2313995361328,190.4871063232422
173.28077697753906,211.23121643066406,190.48599243164062
173.1345672607422,211.2310333251953,190.48492431640625
172.98828125,211.2309112548828,190.4838409423828
172.8419189453125,211.23077392578125,190.48277282714844
172.68617248535156,211.2306671142578,190.48162841796875
172.53965759277344,211.23056030273438,190.4805450439453
172.39308166503906,211.23049926757812,190.47946166992188
172.2464141845703,211.23045349121094,190.4783935546875
172.09967041015625,211.2304229736328,190.47731018066406
171.95285034179688,211.2304229736328,190.4762420654297
171.79928588867188,211.23043823242188,190.47512817382812
171.65232849121094,211.2305145263672,190.47406005859375
171.50527954101562,211.23057556152344,190.47299194335938
171.358154296875,211.23069763183594,190.471923828125
171.21096801757812,211.2308349609375,190.4708709716797
171.06370544433594,211.2310028076172,190.4698028564453
170.91636657714844,211.23121643066406,190.46875
170.76895141601562,211.2314453125,190.46768188476562
170.6214599609375,211.23171997070312,190.4666290283203
170.4710693359375,211.23202514648438,190.46556091308594
170.32342529296875,211.2323760986328,190.46449279785156
170.17572021484375,211.23275756835938,190.46343994140625
170.02793884277344,211.23316955566406,190.46237182617188
169.88006591796875,211.23362731933594,190.46131896972656
169.72398376464844,211.23414611816406,190.460205078125
169.5759735107422,211.2346954345703,190.45916748046875
169.4279022216797,211.2352752685547,190.45809936523438
169.27972412109375,211.2358856201172,190.45706176757812
169.13148498535156,211.23655700683594,190.4560089111328
168.98318481445312,211.23727416992188,190.45497131347656
168.83480834960938,211.23802185058594,190.45391845703125
168.6863555908203,211.2388153076172,190.452880859375
168.53782653808594,211.23965454101562,190.4518280029297
168.33602905273438,211.2408905029297,190.45040893554688
168.18734741210938,211.24183654785156,190.44935607910156
168.03857421875,211.2428436279297,190.4482879638672
167.88812255859375,211.243896484375,190.4472198486328
167.73919677734375,211.2449951171875,190.44615173339844
167.59019470214844,211.24615478515625,190.44508361816406
167.43124389648438,211.2474365234375,190.44395446777344
167.28208923339844,211.24868774414062,190.44287109375
167.1328582763672,211.24998474121094,190.4418182373047
166.9835662841797,211.2512969970703,190.44076538085938
166.83419799804688,211.25265502929688,190.43968200683594
166.6847686767578,211.2540283203125,190.43861389160156
166.53524780273438,211.25546264648438,190.43756103515625
166.3856658935547,211.25689697265625,190.4364776611328
166.2360076904297,211.25836181640625,190.4354248046875
166.08348083496094,211.2598876953125,190.434326171875
165.9336700439453,211.2613983154297,190.43324279785156
165.78379821777344,211.26295471191406,190.4321746826172
165.6338348388672,211.26455688476562,190.43109130859375
165.4838104248047,211.2661590576172,190.4300079345703
165.33372497558594,211.26780700683594,190.42892456054688
165.18353271484375,211.2694854736328,190.42782592773438
165.02867126464844,211.271240234375,190.4267120361328
164.8659210205078,211.27310180664062,190.42552185058594
164.71551513671875,211.2748565673828,190.4244384765625
164.56504821777344,211.27664184570312,190.42332458496094
164.41448974609375,211.2784423828125,190.42222595214844
164.26385498046875,211.2802734375,190.421142578125
164.1131591796875,211.28213500976562,190.42002868652344
163.96240234375,211.2840118408203,190.41893005371094
163.81155395507812,211.28591918945312,190.41781616210938
163.6544189453125,211.2879180908203,190.41665649414062
163.50343322753906,211.2898712158203,190.41552734375
163.3523712158203,211.29183959960938,190.41439819335938
163.2012176513672,211.29383850097656,190.41326904296875
163.04998779296875,211.29583740234375,190.41213989257812
162.89869689941406,211.29786682128906,190.4110107421875
162.74732971191406,211.29991149902344,190.4098663330078
162.5959014892578,211.30197143554688,190.4087371826172
162.4201202392578,211.30438232421875,190.40740966796875
162.26852416992188,211.3064727783203,190.40625
162.11685180664062,211.30859375,190.4051055908203
161.96510314941406,211.3107147216797,190.40394592285156
161.8132781982422,211.31285095214844,190.4027862548828
161.66139221191406,211.3149871826172,190.401611328125
161.4335174560547,211.3182373046875,190.39987182617188
161.28143310546875,211.32040405273438,190.39869689941406
161.12928771972656,211.32260131835938,190.3975067138672
160.97708129882812,211.3247833251953,190.39634704589844
160.8247833251953,211.32701110839844,190.39515686035156
160.6724090576172,211.32920837402344,190.39398193359375
160.51995849609375,211.33143615722656,190.39279174804688
160.36744689941406,211.33367919921875,190.39161682128906
160.21485900878906,211.33590698242188,190.39044189453125
160.05996704101562,211.3381805419922,190.38925170898438
159.9072265625,211.34043884277344,190.38804626464844
159.75442504882812,211.34268188476562,190.38685607910156
159.60153198242188,211.3449249267578,190.38568115234375
159.44859313964844,211.34718322753906,190.3844757080078
159.29556274414062,211.34945678710938,190.38327026367188
159.13623046875,211.351806640625,190.38201904296875
158.98304748535156,211.35406494140625,190.3808135986328
158.82980346679688,211.35633850097656,190.3795928955078
158.6764678955078,211.35861206054688,190.37838745117188
158.5230712890625,211.3608856201172,190.37716674804688
158.36117553710938,211.36328125,190.37588500976562
158.20762634277344,211.3655548095703,190.3746795654297
158.0540008544922,211.36781311035156,190.37344360351562
157.88990783691406,211.37025451660156,190.37213134765625
157.7361297607422,211.3725128173828,190.3709259033203
157.582275390625,211.37477111816406,190.36968994140625
157.42835998535156,211.3770294189453,190.3684539794922
157.27435302734375,211.37928771972656,190.3672332763672
157.1202850341797,211.3815460205078,190.36599731445312
156.9661407470703,211.3837890625,190.36476135253906
156.81192016601562,211.3860321044922,190.363525390625
156.65762329101562,211.38829040527344,190.36228942871094
156.49977111816406,211.39056396484375,190.3610076904297
156.3453369140625,211.39280700683594,190.35975646972656
156.19082641601562,211.39503479003906,190.35850524902344
156.03623962402344,211.3972625732422,190.35723876953125
155.881591796875,211.3994903564453,190.35598754882812
155.7268524169922,211.4016876220703,190.35470581054688
155.57205200195312,211.40391540527344,190.35342407226562
155.4171905517578,211.40611267089844,190.35214233398438
155.26222229003906,211.40830993652344,190.35084533691406
155.10720825195312,211.41049194335938,190.34954833984375
154.95211791992188,211.4126739501953,190.34823608398438
154.7969512939453,211.41485595703125,190.34690856933594
154.6417236328125,211.4170379638672,190.34559631347656
154.43698120117188,211.41986083984375,190.3438720703125
154.26966857910156,211.4221954345703,190.34243774414062
154.11419677734375,211.42434692382812,190.3411102294922
153.95863342285156,211.42648315429688,190.3397674560547
153.80299377441406,211.42861938476562,190.3384246826172
153.64730834960938,211.4307403564453,190.3371124267578
153.4915313720703,211.432861328125,190.33575439453125
153.33567810058594,211.4349822998047,190.33441162109375
153.1797637939453,211.4370880126953,190.3330535888672
153.02377319335938,211.43917846679688,190.3317108154297
152.8654022216797,211.44129943847656,190.33030700683594
152.7092742919922,211.44337463378906,190.32894897460938
152.55307006835938,211.44544982910156,190.32757568359375
152.3967742919922,211.447509765625,190.32620239257812
152.24041748046875,211.44956970214844,190.32479858398438
152.08399963378906,211.45162963867188,190.32339477539062
151.927490234375,211.4536590576172,190.32200622558594
151.77090454101562,211.4556884765625,190.32058715820312
151.6106719970703,211.45774841308594,190.31915283203125
151.45394897460938,211.4597625732422,190.31771850585938
151.29714965820312,211.46177673339844,190.31629943847656
151.14028930664062,211.46376037597656,190.31488037109375
150.9833221435547,211.46575927734375,190.31344604492188
150.82630920410156,211.46771240234375,190.31202697753906
150.66921997070312,211.46969604492188,190.3105926513672
150.51205444335938,211.47164916992188,190.30917358398438
150.3548126220703,211.47360229492188,190.30772399902344
150.197509765625,211.4755401611328,190.30628967285156
150.04013061523438,211.47747802734375,190.30487060546875
149.88267517089844,211.47940063476562,190.3034210205078
149.72515869140625,211.48130798339844,190.30198669433594
149.56756591796875,211.4832000732422,190.30055236816406
149.40989685058594,211.485107421875,190.29908752441406
149.25216674804688,211.4869842529297,190.29763793945312
149.09434509277344,211.48886108398438,190.29617309570312
148.93646240234375,211.49072265625,190.29470825195312
148.77850341796875,211.49256896972656,190.29324340820312
148.62046813964844,211.49441528320312,190.29176330566406
148.46237182617188,211.49624633789062,190.29029846191406
148.30419921875,211.49807739257812,190.28884887695312
148.1459503173828,211.49989318847656,190.28736877441406
147.9876251220703,211.501708984375,190.28590393066406
147.82923889160156,211.5034942626953,190.28445434570312
147.6707763671875,211.50527954101562,190.28297424316406
147.48828125,211.50732421875,190.2812957763672
147.2531280517578,211.50994873046875,190.2790985107422
147.08786010742188,211.5117645263672,190.27755737304688
146.92906188964844,211.5135040283203,190.27603149414062
146.77020263671875,211.5152587890625,190.2744903564453
146.6112518310547,211.51698303222656,190.27293395996094
146.4522247314453,211.51869201660156,190.27134704589844
146.29312133789062,211.5203857421875,190.26976013183594
146.13394165039062,211.52207946777344,190.26815795898438
145.97470092773438,211.5237579345703,190.2665557861328
145.8153839111328,211.52542114257812,190.2649383544922
145.65599060058594,211.52708435058594,190.26333618164062
145.48117065429688,211.5288848876953,190.2615509033203
145.32162475585938,211.53053283691406,190.2599334716797
145.16201782226562,211.5321502685547,190.25830078125
145.00233459472656,211.53378295898438,190.2566680908203
144.8426055908203,211.53538513183594,190.25503540039062
144.6827850341797,211.53697204589844,190.2533721923828
144.5229034423828,211.53855895996094,190.25169372558594
144.36294555664062,211.54013061523438,190.25
144.2029266357422,211.54171752929688,190.248291015625
144.04283142089844,211.5432586669922,190.24658203125
143.88267517089844,211.5447998046875,190.24485778808594
143.72242736816406,211.54632568359375,190.2431182861328
143.56211853027344,211.5478515625,190.2413787841797
143.39691162109375,211.5493927001953,190.2395782470703
143.2364501953125,211.5509033203125,190.23780822753906
143.075927734375,211.55238342285156,190.23605346679688
142.91531372070312,211.55386352539062,190.23426818847656
142.74490356445312,211.555419921875,190.23239135742188
142.58413696289062,211.556884765625,190.23060607910156
142.42332458496094,211.55833435058594,190.22882080078125
142.26242065429688,211.55975341796875,190.22705078125
142.10145568847656,211.56117248535156,190.22525024414062
141.94041442871094,211.56259155273438,190.2234649658203
141.7709197998047,211.56405639648438,190.22158813476562
141.6097412109375,211.56546020507812,190.2198028564453
141.43626403808594,211.5669403076172,190.21788024902344
141.27491760253906,211.5683135986328,190.2161102294922
141.113525390625,211.5696563720703,190.21432495117188
140.95204162597656,211.5709991455078,190.2125244140625
140.79049682617188,211.57232666015625,190.21075439453125
140.62887573242188,211.5736541748047,190.208984375
140.46717834472656,211.574951171875,190.20721435546875
140.30538940429688,211.5762481689453,190.20545959472656
140.13861083984375,211.57757568359375,190.2036590576172
139.9108123779297,211.579345703125,190.20120239257812
139.74879455566406,211.58059692382812,190.19943237304688
139.58670043945312,211.58184814453125,190.1976776123047
139.42454528808594,211.58306884765625,190.19590759277344
139.2609405517578,211.58432006835938,190.19412231445312
139.0986328125,211.58551025390625,190.1923370361328
138.93624877929688,211.58670043945312,190.1905517578125
138.7738037109375,211.587890625,190.18873596191406
138.61106872558594,211.5890655517578,190.1869354248047
138.44845581054688,211.5902099609375,190.18511962890625
138.2857666015625,211.5913543701172,190.18331909179688
138.12301635742188,211.5924835205078,190.18153381347656
137.96018981933594,211.59359741210938,190.1797637939453
137.7972869873047,211.59469604492188,190.17800903320312
137.6343231201172,211.59580993652344,190.17626953125
137.4713134765625,211.5968780517578,190.17454528808594
137.30821228027344,211.59796142578125,190.17283630371094
137.14505004882812,211.59901428222656,190.171142578125
136.98182678222656,211.60008239746094,190.16944885253906
136.81854248046875,211.6011199951172,190.1677703857422
136.65518188476562,211.60215759277344,190.16607666015625
136.49172973632812,211.60317993164062,190.16441345214844
136.3282470703125,211.6042022705078,190.16275024414062
136.16468811035156,211.60519409179688,190.1610870361328
136.00103759765625,211.60617065429688,190.15945434570312
135.81857299804688,211.6072540283203,190.15762329101562
135.65478515625,211.60821533203125,190.15602111816406
135.49090576171875,211.60916137695312,190.15443420410156
135.32696533203125,211.61009216308594,190.15289306640625
135.16294860839844,211.61102294921875,190.15135192871094
134.9988555908203,211.6119384765625,190.14984130859375
134.83470153808594,211.61285400390625,190.14834594726562
134.6704864501953,211.61373901367188,190.14688110351562
134.5061798095703,211.6146240234375,190.1454315185547
134.34181213378906,211.61549377441406,190.1439971923828
134.17735290527344,211.61634826660156,190.14259338378906
134.01284790039062,211.61720275878906,190.14120483398438
133.8482666015625,211.61802673339844,190.13986206054688
133.68360900878906,211.6188507080078,190.13851928710938
133.51803588867188,211.61965942382812,190.13720703125
133.3532257080078,211.62045288085938,190.1359405517578
133.1755828857422,211.62127685546875,190.13458251953125
133.01063537597656,211.62205505371094,190.13336181640625
132.84561157226562,211.62278747558594,190.13214111328125
132.68052673339844,211.62353515625,190.13096618652344
132.4270477294922,211.62461853027344,190.12916564941406
132.2477264404297,211.62538146972656,190.1279296875
132.08238220214844,211.62606811523438,190.12680053710938
131.91697692871094,211.62673950195312,190.12567138671875
131.75149536132812,211.6273956298828,190.12457275390625
131.58595275878906,211.62803649902344,190.12347412109375
131.4203338623047,211.62867736816406,190.1223907470703
131.25465393066406,211.62928771972656,190.1212921142578
131.08213806152344,211.6299285888672,190.1201934814453
130.91632080078125,211.63052368164062,190.11912536621094
130.75042724609375,211.631103515625,190.11805725097656
130.58447265625,211.63168334960938,190.11700439453125
130.41844177246094,211.63223266601562,190.11595153808594
130.25234985351562,211.63278198242188,190.1148681640625
130.08619689941406,211.63331604003906,190.11380004882812
129.91995239257812,211.63385009765625,190.11273193359375
129.75181579589844,211.6343536376953,190.11163330078125
129.5809783935547,211.6348876953125,190.1105499267578
129.41455078125,211.63536071777344,190.1094970703125
129.248046875,211.63583374023438,190.1084747314453
129.08148193359375,211.6363067626953,190.1074676513672
128.9148712158203,211.6367645263672,190.1064910888672
128.74818420410156,211.63719177246094,190.10552978515625
128.58143615722656,211.6376190185547,190.10458374023438
128.41461181640625,211.63803100585938,190.1036834716797
128.24774169921875,211.638427734375,190.102783203125
128.080810546875,211.63882446289062,190.10191345214844
127.90419006347656,211.63922119140625,190.10101318359375
127.73712158203125,211.63958740234375,190.10018920898438
127.56997680664062,211.63995361328125,190.09938049316406
127.40275573730469,211.64028930664062,190.09860229492188
127.2354736328125,211.640625,190.09783935546875
127.03933715820312,211.6409912109375,190.09703063964844
126.87188720703125,211.6412811279297,190.0963897705078
126.7043685913086,211.6415557861328,190.0958251953125
126.53677368164062,211.64183044433594,190.0952911376953
126.36911010742188,211.64207458496094,190.0948028564453
126.20137786865234,211.64231872558594,190.09437561035156
126.02628326416016,211.64254760742188,190.09397888183594
125.85840606689453,211.64276123046875,190.09364318847656
125.69046783447266,211.64295959472656,190.0933380126953
125.52184295654297,211.6431427001953,190.0930938720703
125.353759765625,211.643310546875,190.09291076660156
125.18560791015625,211.6434783935547,190.09275817871094
125.01737976074219,211.64361572265625,190.0926513671875
124.78931427001953,211.64381408691406,190.09259033203125
124.62091827392578,211.64393615722656,190.0926055908203
124.45245361328125,211.64402770996094,190.09268188476562
124.28392028808594,211.6441192626953,190.0928192138672
124.11531829833984,211.64419555664062,190.0929718017578
123.94666290283203,211.64425659179688,190.09315490722656
123.77793884277344,211.64430236816406,190.09339904785156
123.60844421386719,211.64434814453125,190.09365844726562
123.43958282470703,211.64437866210938,190.0939483642578
123.27066802978516,211.64439392089844,190.09425354003906
123.1016845703125,211.64439392089844,190.09458923339844
122.93263244628906,211.64437866210938,190.0949249267578
122.76351928710938,211.64437866210938,190.09527587890625
122.5943374633789,211.64434814453125,190.0956268310547
122.42509460449219,211.64430236816406,190.0959930419922
122.25579071044922,211.64425659179688,190.0963592529297
122.08486938476562,211.64419555664062,190.09674072265625
121.91543579101562,211.6441192626953,190.0970916748047
121.74594116210938,211.64404296875,190.09744262695312
121.57638549804688,211.64395141601562,190.09779357910156
121.4067611694336,211.6438446044922,190.09811401367188
121.2370834350586,211.6437225341797,190.0984344482422
121.06732940673828,211.6436004638672,190.0987091064453
120.89752197265625,211.64346313476562,190.0989990234375
120.72352600097656,211.643310546875,190.09922790527344
120.5535888671875,211.64315795898438,190.0994415283203
120.38359832763672,211.6429901123047,190.09963989257812
120.2026138305664,211.64279174804688,190.0998077392578
120.03248596191406,211.64260864257812,190.0999298095703
119.8623046875,211.6424102783203,190.1000213623047
119.69205474853516,211.6422119140625,190.10009765625
119.52173614501953,211.64199829101562,190.10012817382812
119.35135650634766,211.64175415039062,190.10015869140625
119.18091583251953,211.6415252685547,190.10015869140625
119.0103988647461,211.6412811279297,190.10011291503906
118.83572387695312,211.64102172851562,190.1000518798828
118.66509246826172,211.6407470703125,190.09999084472656
118.494384765625,211.64047241210938,190.09988403320312
118.32361602783203,211.64016723632812,190.09976196289062
118.15279388427734,211.63987731933594,190.09962463378906
117.98190307617188,211.6395721435547,190.09947204589844
117.81095123291016,211.63926696777344,190.09927368164062
117.63993835449219,211.638916015625,190.0990753173828
117.46886444091797,211.63858032226562,190.098876953125
117.2977294921875,211.63824462890625,190.0986328125
117.04669189453125,211.63771057128906,190.09828186035156
116.87540435791016,211.63734436035156,190.0980224609375
116.70405578613281,211.63694763183594,190.09774780273438
116.53264617919922,211.6365509033203,190.0974578857422
116.35271453857422,211.63613891601562,190.09715270996094
116.18118286132812,211.63572692871094,190.09686279296875
116.00959014892578,211.63528442382812,190.09654235839844
115.8371353149414,211.63485717773438,190.0962371826172
115.6654281616211,211.6343994140625,190.09591674804688
115.49365997314453,211.63392639160156,190.09559631347656
115.32183837890625,211.63345336914062,190.09527587890625
115.14994812011719,211.6329803466797,190.09495544433594
114.9780044555664,211.63246154785156,190.09461975097656
114.80601501464844,211.63194274902344,190.09429931640625
114.63396453857422,211.6314239501953,190.09396362304688
114.45361328125,211.630859375,190.09361267089844
114.28145599365234,211.6302947998047,190.09329223632812
114.10923767089844,211.62973022460938,190.0929412841797
113.93698120117188,211.62916564941406,190.0926055908203
113.7646713256836,211.62857055664062,190.09228515625
113.5923080444336,211.62796020507812,190.0919647216797
113.4129867553711,211.6273193359375,190.0915985107422
113.24055480957031,211.62667846679688,190.09129333496094
113.06808471679688,211.62603759765625,190.09095764160156
112.89558410644531,211.62538146972656,190.0906524658203
112.7230453491211,211.6247100830078,190.09034729003906
112.55048370361328,211.62400817871094,190.0900421142578
112.3779067993164,211.62330627441406,190.08973693847656
112.18818664550781,211.62254333496094,190.0894012451172
112.01558685302734,211.62181091308594,190.08912658691406
111.84300231933594,211.62106323242188,190.0888214111328
111.67041778564453,211.62030029296875,190.08853149414062
111.49784088134766,211.61953735351562,190.0882568359375
111.3252944946289,211.61874389648438,190.0879669189453
111.15277862548828,211.6179656982422,190.0876922607422
110.98030090332031,211.61715698242188,190.08741760253906
110.80369567871094,211.61631774902344,190.08714294433594
110.63129425048828,211.61549377441406,190.0868682861328
110.45893859863281,211.61465454101562,190.08660888671875
110.28662872314453,211.61380004882812,190.08636474609375
110.11437225341797,211.61294555664062,190.08612060546875
109.94216918945312,211.61207580566406,190.0858612060547
109.77000427246094,211.61117553710938,190.0856170654297
109.59789276123047,211.6102752685547,190.0854034423828
109.42583465576172,211.609375,190.08517456054688
109.20771789550781,211.6082000732422,190.0848846435547
109.03216552734375,211.6072540283203,190.0846405029297
108.86028289794922,211.6063232421875,190.08444213867188
108.68843841552734,211.60537719726562,190.084228515625
108.50906372070312,211.6043701171875,190.08399963378906
108.33734130859375,211.6033935546875,190.08380126953125
108.16566467285156,211.6024169921875,190.08358764648438
107.99404907226562,211.60142517089844,190.08338928222656
107.82247924804688,211.6004180908203,190.08319091796875
107.65095520019531,211.5994110107422,190.08297729492188
107.47949981689453,211.598388671875,190.08277893066406
107.30809020996094,211.5973663330078,190.08258056640625
107.12837219238281,211.5962677001953,190.0823516845703
106.95710754394531,211.59523010253906,190.0821533203125
106.78591918945312,211.5941619873047,190.08193969726562
106.61481475830078,211.5930938720703,190.0817413330078
106.44378662109375,211.59202575683594,190.08152770996094
106.27286529541016,211.59092712402344,190.08131408691406
106.10204315185547,211.58982849121094,190.08111572265625
105.93132781982422,211.58872985839844,190.0809326171875
105.76072692871094,211.5876007080078,190.0807647705078
105.58712005615234,211.58644104003906,190.08062744140625
105.4167709350586,211.58531188964844,190.0804901123047
105.24655151367188,211.5841522216797,190.08038330078125
105.07646179199219,211.58299255371094,190.08030700683594
104.9065170288086,211.5818328857422,190.0802459716797
104.73673248291016,211.5806427001953,190.0802001953125
104.56710052490234,211.57945251464844,190.08016967773438
104.39762878417969,211.57826232910156,190.08016967773438
104.22833251953125,211.57705688476562,190.08018493652344
104.05921173095703,211.57583618164062,190.0802459716797
103.89026641845703,211.57460021972656,190.08030700683594
103.72150421142578,211.5733642578125,190.08041381835938
103.55292510986328,211.5720977783203,190.08055114746094
103.384521484375,211.57083129882812,190.08071899414062
103.21630859375,211.56954956054688,190.0809326171875
103.04827117919922,211.56825256347656,190.0811767578125
102.88040924072266,211.56695556640625,190.0814666748047
102.71275329589844,211.5656280517578,190.08177185058594
102.54529571533203,211.56430053710938,190.08212280273438
102.37805938720703,211.56297302246094,190.08248901367188
102.2110595703125,211.56163024902344,190.08290100097656
102.0362319946289,211.5602264404297,190.08334350585938
101.86971282958984,211.55886840820312,190.08380126953125
101.70346069335938,211.55751037597656,190.0842742919922
101.4549789428711,211.5554656982422,190.08502197265625
101.28942108154297,211.5540771484375,190.08551025390625
101.12213897705078,211.5526885986328,190.0860137939453
100.95064544677734,211.55123901367188,190.08656311035156
100.7860107421875,211.5498504638672,190.0870819091797
100.62168884277344,211.54844665527344,190.08761596679688
100.45368957519531,211.54701232910156,190.08815002441406
100.28999328613281,211.5456085205078,190.0886993408203
100.12550354003906,211.54417419433594,190.08924865722656
99.96243286132812,211.54275512695312,190.08981323242188
99.79020690917969,211.54124450683594,190.0904083251953
99.61648559570312,211.5397186279297,190.09103393554688
99.43157958984375,211.53807067871094,190.09170532226562
99.26985168457031,211.53662109375,190.09231567382812
99.07279205322266,211.53485107421875,190.09304809570312
98.9086685180664,211.5333709716797,190.0937042236328
98.70000457763672,211.53146362304688,190.0945281982422
98.53968048095703,211.52999877929688,190.09518432617188
98.3468246459961,211.52821350097656,190.09600830078125
98.18719482421875,211.5267333984375,190.09669494628906
97.96835327148438,211.52467346191406,190.09764099121094
97.79044342041016,211.5229949951172,190.09844970703125
97.58485412597656,211.5210418701172,190.099365234375
97.42405700683594,211.51951599121094,190.10012817382812
97.23211669921875,211.5176544189453,190.10104370117188
97.07463836669922,211.51612854003906,190.10177612304688
96.89581298828125,211.51438903808594,190.10264587402344
96.72904205322266,211.51275634765625,190.1034698486328
96.49752044677734,211.51046752929688,190.1046142578125
96.31271362304688,211.5086212158203,190.10552978515625
96.0976333618164,211.5064697265625,190.10662841796875
95.9404067993164,211.50486755371094,190.10740661621094
95.7333984375,211.50274658203125,190.1084442138672
95.56932830810547,211.50106811523438,190.10926818847656
95.40387725830078,211.49935913085938,190.11009216308594
95.24991607666016,211.4977569580078,190.11085510253906
95.0902099609375,211.49607849121094,190.11163330078125
94.93292999267578,211.49441528320312,190.1123809814453
94.74260711669922,211.49240112304688,190.11326599121094
94.58988952636719,211.4907684326172,190.11395263671875
94.43748474121094,211.4891357421875,190.1146240234375
94.08895874023438,211.4853515625,190.11602783203125
93.9374771118164,211.4836883544922,190.11659240722656
93.78632354736328,211.48202514648438,190.11712646484375
93.62513732910156,211.48023986816406,190.11767578125
93.47462463378906,211.47857666015625,190.1181640625
93.32440185546875,211.47691345214844,190.11862182617188
93.17448425292969,211.47523498535156,190.11904907226562
93.02485656738281,211.47354125976562,190.11944580078125
92.87552642822266,211.4718475341797,190.1198272705078
92.7197494506836,211.4700927734375,190.12020874023438
92.57100677490234,211.4683837890625,190.1205291748047
92.42255401611328,211.46669006347656,190.1208038330078
92.27436065673828,211.46498107910156,190.12106323242188
92.12644958496094,211.46327209472656,190.12130737304688
91.97879028320312,211.46156311035156,190.12149047851562
91.83140563964844,211.4598388671875,190.1216583251953
91.68428039550781,211.45811462402344,190.1217803955078
91.53742980957031,211.4563751220703,190.12188720703125
91.39082336425781,211.4546356201172,190.12193298339844
91.24447631835938,211.45289611816406,190.12197875976562
91.09837341308594,211.45114135742188,190.1219940185547
90.95252227783203,211.44940185546875,190.12197875976562
90.80632019042969,211.44764709472656,190.1219482421875
90.66095733642578,211.4458770751953,190.12188720703125
90.5158462524414,211.44412231445312,190.12181091308594
90.3709716796875,211.44235229492188,190.1217041015625
90.22633361816406,211.44056701660156,190.12159729003906
90.08192443847656,211.43881225585938,190.1214599609375
89.93775177001953,211.43704223632812,190.12132263183594
89.79380798339844,211.43527221679688,190.1211395263672
89.65010070800781,211.4335174560547,190.12095642089844
89.50662231445312,211.43174743652344,190.12074279785156
89.3633804321289,211.4299774169922,190.1205291748047
89.2203598022461,211.42822265625,190.12030029296875
89.07756042480469,211.42648315429688,190.1200408935547
88.93498992919922,211.4247283935547,190.11978149414062
88.79263305664062,211.42298889160156,190.1195068359375
88.65050506591797,211.4212646484375,190.1192169189453
88.50859069824219,211.41954040527344,190.11892700195312
88.36689758300781,211.41781616210938,190.11862182617188
88.22542572021484,211.41610717773438,190.11831665039062
88.08416748046875,211.41439819335938,190.11801147460938
87.94313049316406,211.41268920898438,190.11770629882812
87.80229949951172,211.4110107421875,190.11737060546875
87.63429260253906,211.40899658203125,190.11697387695312
87.49394226074219,211.40731811523438,190.1166534423828
87.3473129272461,211.40557861328125,190.11630249023438
87.2074203491211,211.4039306640625,190.115966796875
87.06774139404297,211.4022674560547,190.11563110351562
86.92826843261719,211.400634765625,190.1152801513672
86.78902435302734,211.3990020751953,190.11492919921875
86.64433288574219,211.39730834960938,190.1145782470703
86.49852752685547,211.3956298828125,190.11422729492188
86.35993957519531,211.39402770996094,190.11387634277344
86.22157287597656,211.39242553710938,190.113525390625
86.08341979980469,211.39085388183594,190.11318969726562
85.94400024414062,211.38926696777344,190.1128387451172
85.80628967285156,211.38771057128906,190.11248779296875
85.66879272460938,211.38616943359375,190.11215209960938
85.52220916748047,211.384521484375,190.11178588867188
85.3851547241211,211.3830108642578,190.1114501953125
85.24832916259766,211.38150024414062,190.11111450195312
85.11170959472656,211.3800048828125,190.1107940673828
84.97531127929688,211.37852478027344,190.11044311523438
84.83912658691406,211.37704467773438,190.11012268066406
84.70313262939453,211.37559509277344,190.10980224609375
84.56732940673828,211.3741455078125,190.10948181152344
84.43167877197266,211.37271118164062,190.1091766357422
84.29583740234375,211.3712921142578,190.10885620117188
84.16046142578125,211.36988830566406,190.1085662841797
84.01371002197266,211.36839294433594,190.10824584960938
83.87854766845703,211.3670196533203,190.1079559326172
83.74346923828125,211.3656768798828,190.10768127441406
83.60845184326172,211.3643341064453,190.10740661621094
83.47349548339844,211.36300659179688,190.1071319580078
83.33858489990234,211.36170959472656,190.10687255859375
83.2037353515625,211.36041259765625,190.10662841796875
83.06890869140625,211.359130859375,190.1063690185547
82.93412780761719,211.35787963867188,190.1061248779297
82.79937744140625,211.35662841796875,190.1058807373047
82.6568603515625,211.35533142089844,190.10562133789062
82.52218627929688,211.3541259765625,190.10536193847656
82.38755798339844,211.35292053222656,190.10511779785156
82.22987365722656,211.35154724121094,190.10479736328125
82.09532165527344,211.3503875732422,190.1045379638672
81.96082305908203,211.3492431640625,190.10426330566406
81.82636260986328,211.34811401367188,190.10397338867188
81.69194793701172,211.34701538085938,190.1036834716797
81.55757141113281,211.3459014892578,190.10337829589844
81.3784408569336,211.344482421875,190.10293579101562
81.2441635131836,211.3434295654297,190.10260009765625
81.10995483398438,211.34237670898438,190.1022491455078
80.97579193115234,211.34136962890625,190.1018829345703
80.84169006347656,211.3403778076172,190.10150146484375
80.70764923095703,211.33937072753906,190.10110473632812
80.57369232177734,211.33840942382812,190.1007080078125
80.43983459472656,211.33746337890625,190.1002960205078
80.30252075195312,211.33648681640625,190.099853515625
80.16893005371094,211.3355712890625,190.0994110107422
80.03550720214844,211.3346710205078,190.09898376464844
79.90225982666016,211.33377075195312,190.0985107421875
79.76921081542969,211.33291625976562,190.09805297851562
79.6363754272461,211.33204650878906,190.0975799560547
79.50376892089844,211.33120727539062,190.09710693359375
79.37140655517578,211.33038330078125,190.0966033935547
79.2238540649414,211.3294677734375,190.09608459472656
79.09203338623047,211.32867431640625,190.0955810546875
78.96047973632812,211.32789611816406,190.0950927734375
78.82919311523438,211.32711791992188,190.0946044921875
78.69816589355469,211.32635498046875,190.0941162109375
78.56739807128906,211.32562255859375,190.09365844726562
78.4368896484375,211.3249053955078,190.0931854248047
78.30662536621094,211.32418823242188,190.0927276611328
78.1766128540039,211.32350158691406,190.09226989746094
78.04387664794922,211.32281494140625,190.0918426513672
77.9143295288086,211.32215881347656,190.09141540527344
77.78499603271484,211.32150268554688,190.09100341796875
77.6558609008789,211.3208770751953,190.09063720703125
77.52692413330078,211.3202667236328,190.0902862548828
77.39817810058594,211.31967163085938,190.0899658203125
77.26959991455078,211.319091796875,190.0896453857422
77.13581085205078,211.31851196289062,190.08937072753906
77.0075454711914,211.31796264648438,190.08912658691406
76.87942504882812,211.3174285888672,190.0889129638672
76.74262237548828,211.31687927246094,190.08872985839844
76.61471557617188,211.31639099121094,190.08859252929688
76.48688507080078,211.31591796875,190.08847045898438
76.35912322998047,211.3154296875,190.08840942382812
76.23140716552734,211.31500244140625,190.08836364746094
76.10372924804688,211.31455993652344,190.08836364746094
75.97032928466797,211.3141326904297,190.08839416503906
75.84273529052734,211.31373596191406,190.08843994140625
75.71517181396484,211.31333923339844,190.08851623535156
75.58765411376953,211.31298828125,190.088623046875
75.41571044921875,211.3125,190.08880615234375
75.28828430175781,211.3121795654297,190.08895874023438
75.16088104248047,211.31185913085938,190.089111328125
75.02727508544922,211.31155395507812,190.08929443359375
74.89994812011719,211.31126403808594,190.08946228027344
74.77265167236328,211.31100463867188,190.0896453857422
74.64539337158203,211.31076049804688,190.08982849121094
74.51404571533203,211.3105010986328,190.08999633789062
74.38684844970703,211.31028747558594,190.0901641845703
74.25968933105469,211.31008911132812,190.09033203125
74.132568359375,211.30990600585938,190.09046936035156
74.0054702758789,211.30972290039062,190.09060668945312
73.87841033935547,211.3095703125,190.09071350097656
73.75137329101562,211.30943298339844,190.0908203125
73.6243667602539,211.30931091308594,190.09088134765625
73.49740600585938,211.30918884277344,190.09095764160156
73.37046813964844,211.30911254882812,190.0909881591797
73.2435531616211,211.30902099609375,190.0910186767578
73.11668395996094,211.30894470214844,190.0910186767578
72.98983001708984,211.30889892578125,190.09100341796875
72.8630142211914,211.30886840820312,190.09097290039062
72.7362289428711,211.30885314941406,190.09092712402344
72.6094741821289,211.30885314941406,190.09088134765625
72.48274993896484,211.30886840820312,190.09080505371094
72.3560562133789,211.3088836669922,190.0907440185547
72.2293930053711,211.30892944335938,190.09066772460938
72.10276794433594,211.30897521972656,190.09056091308594
71.97616577148438,211.3090362548828,190.0904541015625
71.84960174560547,211.30909729003906,190.09036254882812
71.72306823730469,211.30918884277344,190.0902557373047
71.59656524658203,211.3092803955078,190.0901336669922
71.47008514404297,211.30938720703125,190.0900115966797
71.34364318847656,211.3094940185547,190.08990478515625
71.21723937988281,211.3096160888672,190.0897674560547
71.09085845947266,211.3097381591797,190.0896453857422
70.96450805664062,211.30987548828125,190.08950805664062
70.83282470703125,211.30999755859375,190.0894012451172
70.70654296875,211.31015014648438,190.08926391601562
70.5802993774414,211.31027221679688,190.0891571044922
70.44934844970703,211.31040954589844,190.0890350341797
70.32315826416016,211.310546875,190.0889434814453
70.19700622558594,211.31068420410156,190.08885192871094
70.07087707519531,211.31080627441406,190.08877563476562
69.92359924316406,211.3109588623047,190.08871459960938
69.79755401611328,211.3110809326172,190.08868408203125
69.60257720947266,211.311279296875,190.08865356445312
69.47660827636719,211.31138610839844,190.0886688232422
69.35066986083984,211.3114776611328,190.08868408203125
69.22476196289062,211.31155395507812,190.0887451171875
69.09889221191406,211.3115997314453,190.08880615234375
68.96807098388672,211.31161499023438,190.08888244628906
68.8422622680664,211.3115997314453,190.08897399902344
68.71649932861328,211.3115234375,190.08908081054688
68.59075927734375,211.31138610839844,190.08920288085938
68.46505737304688,211.31117248535156,190.08934020996094
68.33938598632812,211.31085205078125,190.08949279785156
68.21375274658203,211.31040954589844,190.08966064453125
68.08816528320312,211.3098602294922,190.08982849121094
67.96247863769531,211.30917358398438,190.09002685546875
67.83697509765625,211.30833435058594,190.09024047851562
67.71150970458984,211.30735778808594,190.0904541015625
67.58609771728516,211.3061981201172,190.0906982421875
67.46072387695312,211.30487060546875,190.09095764160156
67.33541107177734,211.30335998535156,190.0912322998047
67.20696258544922,211.30162048339844,190.09152221679688
67.08174133300781,211.29969787597656,190.0918426513672
66.95659637451172,211.29759216308594,190.0921630859375
66.83148956298828,211.29525756835938,190.092529296875
66.70645904541016,211.29270935058594,190.09291076660156
66.58148193359375,211.28993225097656,190.0933074951172
66.4565658569336,211.2869110107422,190.09373474121094
66.33172607421875,211.28366088867188,190.09417724609375
66.20694732666016,211.28016662597656,190.09466552734375
66.08224487304688,211.27639770507812,190.09518432617188
65.95760345458984,211.2723846435547,190.09571838378906
65.83303833007812,211.2681121826172,190.09629821777344
65.70854187011719,211.26356506347656,190.09690856933594
65.58411407470703,211.25877380371094,190.0975341796875
65.45976257324219,211.25367736816406,190.09820556640625
65.33547973632812,211.24832153320312,190.09890747070312
65.21128845214844,211.24266052246094,190.09963989257812
65.087158203125,211.2367401123047,190.10040283203125
64.96309661865234,211.23052978515625,190.10118103027344
64.839111328125,211.2240753173828,190.1020050048828
64.7151870727539,211.21731567382812,190.10284423828125
64.59134674072266,211.21026611328125,190.1036834716797
64.46756744384766,211.20297241210938,190.10458374023438
64.34384155273438,211.19541931152344,190.10548400878906
64.2201919555664,211.18760681152344,190.1063995361328
64.09660339355469,211.17955017089844,190.10731506347656
63.91315841674805,211.16717529296875,190.1087188720703
63.78203201293945,211.1580047607422,190.10972595214844
63.65864562988281,211.14915466308594,190.1106719970703
63.53531265258789,211.14012145996094,190.1116180419922
63.41203308105469,211.1309051513672,190.11256408691406
63.28880310058594,211.1215057373047,190.11351013183594
63.165618896484375,211.11196899414062,190.1144256591797
63.042484283447266,211.10227966308594,190.11534118652344
62.91845703125,211.0923614501953,190.11622619628906
62.79541778564453,211.08238220214844,190.11709594726562
62.672428131103516,211.07225036621094,190.11795043945312
62.54948806762695,211.06198120117188,190.11875915527344
62.426597595214844,211.05157470703125,190.11952209472656
62.30375671386719,211.04098510742188,190.1202850341797
62.180076599121094,211.03018188476562,190.12100219726562
62.055912017822266,211.01913452148438,190.1217041015625
61.93323516845703,211.00804138183594,190.12232971191406
61.810611724853516,210.99679565429688,190.12294006347656
61.68804931640625,210.9853515625,190.12350463867188
61.5655403137207,210.97373962402344,190.12403869628906
61.443092346191406,210.96194458007812,190.12452697753906
61.30129623413086,210.94805908203125,190.12506103515625
61.1789665222168,210.9358673095703,190.12545776367188
61.05670166015625,210.92349243164062,190.1258544921875
60.92595291137695,210.91006469726562,190.126220703125
60.803810119628906,210.89730834960938,190.12652587890625
60.68172836303711,210.88436889648438,190.12681579589844
60.55970764160156,210.87124633789062,190.1270751953125
60.437744140625,210.8579559326172,190.12728881835938
60.31584548950195,210.84446716308594,190.12750244140625
60.194000244140625,210.83079528808594,190.12767028808594
60.07221984863281,210.81695556640625,190.12783813476562
59.95050048828125,210.8029327392578,190.12796020507812
59.828834533691406,210.7887420654297,190.1280975341797
59.69776916503906,210.77325439453125,190.12820434570312
59.57623291015625,210.75869750976562,190.1282958984375
59.45475387573242,210.74395751953125,190.1283721923828
59.323081970214844,210.72781372070312,190.12843322753906
59.201725006103516,210.71275329589844,190.12847900390625
59.0804328918457,210.69752502441406,190.12852478027344
58.95919418334961,210.68214416503906,190.12855529785156
58.83042526245117,210.66561889648438,190.1285858154297
58.70930862426758,210.64990234375,190.12860107421875
58.5882453918457,210.63406372070312,190.1286163330078
58.43671417236328,210.614013671875,190.1286163330078
58.3010368347168,210.59585571289062,190.1286163330078
58.1801643371582,210.5795135498047,190.1286163330078
58.059349060058594,210.56304931640625,190.1286163330078
57.93859100341797,210.5464324951172,190.1286163330078
57.806739807128906,210.5281524658203,190.12860107421875
57.68094253540039,210.51055908203125,190.12860107421875
57.532554626464844,210.48960876464844,190.12860107421875
57.41202926635742,210.47247314453125,190.12860107421875
57.273841857910156,210.45265197753906,190.12860107421875
57.15342330932617,210.4352569580078,190.12860107421875
57.020938873291016,210.41600036621094,190.12860107421875
56.89973449707031,210.39825439453125,190.12860107421875
56.75519561767578,210.37696838378906,190.1285858154297
56.62611389160156,210.35781860351562,190.12857055664062
56.478424072265625,210.3357696533203,190.1285400390625
56.35832214355469,210.31771850585938,190.1284942626953
56.20891189575195,210.29515075683594,190.12843322753906
56.08890151977539,210.2769317626953,190.1283721923828
55.966915130615234,210.25831604003906,190.1282958984375
55.84573745727539,210.23974609375,190.1282196044922
55.69888687133789,210.21714782714844,190.12808227539062
55.57905960083008,210.1986083984375,190.12794494628906
55.45384216308594,210.17916870117188,190.1278076171875
55.3340950012207,210.16050720214844,190.12762451171875
55.20254898071289,210.1399383544922,190.12744140625
55.0828857421875,210.12115478515625,190.1272735595703
54.942909240722656,210.09912109375,190.1270751953125
54.823333740234375,210.08023071289062,190.1269073486328
54.676753997802734,210.0570068359375,190.12669372558594
54.5572624206543,210.03802490234375,190.1265411376953
54.42045593261719,210.01622009277344,190.12637329101562
54.30105209350586,209.9971466064453,190.12620544433594
54.163177490234375,209.9750518798828,190.12603759765625
54.04385757446289,209.95590209960938,190.12586975097656
53.91265106201172,209.93478393554688,190.12571716308594
53.79340744018555,209.91554260253906,190.12557983398438
53.67329788208008,209.89613342285156,190.12542724609375
53.5540885925293,209.8768310546875,190.1252899169922
53.43263244628906,209.85714721679688,190.12515258789062
53.31353759765625,209.83779907226562,190.12501525878906
53.19447708129883,209.81842041015625,190.12486267089844
53.07545471191406,209.79904174804688,190.12474060058594
52.8729248046875,209.76597595214844,190.12451171875
52.75400161743164,209.74652099609375,190.12440490722656
52.635101318359375,209.72705078125,190.12429809570312
52.51624298095703,209.7075653076172,190.1242218017578
52.39741516113281,209.6880645751953,190.12416076660156
52.27861785888672,209.66854858398438,190.12411499023438
52.159854888916016,209.64901733398438,190.1240997314453
52.0411262512207,209.6294708251953,190.12408447265625
51.92243194580078,209.6099090576172,190.12408447265625
51.803775787353516,209.59031677246094,190.1240997314453
51.68514633178711,209.5707244873047,190.12413024902344
51.56420135498047,209.5507354736328,190.1241912841797
51.445640563964844,209.53111267089844,190.12425231933594
51.32711410522461,209.511474609375,190.12432861328125
51.208621978759766,209.49183654785156,190.12442016601562
51.09016799926758,209.47216796875,190.12451171875
50.97174072265625,209.45248413085938,190.12461853027344
50.853355407714844,209.43275451660156,190.12474060058594
50.73501205444336,209.41297912597656,190.12486267089844
50.616703033447266,209.3931427001953,190.12498474121094
50.49844741821289,209.3732147216797,190.1251220703125
50.38023376464844,209.3532257080078,190.12525939941406
50.26206588745117,209.3331298828125,190.12542724609375
50.143951416015625,209.3129425048828,190.12557983398438
50.02587890625,209.29266357421875,190.12574768066406
49.907859802246094,209.27230834960938,190.12591552734375
49.78988265991211,209.25184631347656,190.12608337402344
49.66884994506836,209.23074340820312,190.1262664794922
49.55097961425781,209.2100830078125,190.12648010253906
49.4305534362793,209.18887329101562,190.12669372558594
49.31278610229492,209.16802978515625,190.126953125
49.195068359375,209.14707946777344,190.12721252441406
49.077396392822266,209.12603759765625,190.12750244140625
48.959781646728516,209.10487365722656,190.1278076171875
48.84222412109375,209.0836181640625,190.12814331054688
48.72471618652344,209.062255859375,190.12852478027344
48.602909088134766,209.03997802734375,190.1289520263672
48.48551940917969,209.01837158203125,190.12940979003906
48.36818313598633,208.99667358398438,190.1298828125
48.25090408325195,208.974853515625,190.13037109375
48.13368225097656,208.9529266357422,190.1309051513672
48.01651382446289,208.93087768554688,190.13148498535156
47.89940643310547,208.90870666503906,190.132080078125
47.782352447509766,208.88641357421875,190.13272094726562
47.66535949707031,208.864013671875,190.13336181640625
47.51016616821289,208.8341064453125,190.13426208496094
47.393310546875,208.8114013671875,190.1349639892578
47.27651596069336,208.78858947753906,190.1356964111328
47.15978240966797,208.76564025878906,190.13644409179688
47.04310607910156,208.74253845214844,190.13723754882812
46.92649459838867,208.71929931640625,190.13803100585938
46.80994415283203,208.69593811035156,190.13885498046875
46.69346237182617,208.6724090576172,190.13970947265625
46.57704544067383,208.64874267578125,190.1405792236328
46.460689544677734,208.6249237060547,190.1414794921875
46.344398498535156,208.6009521484375,190.14239501953125
46.228172302246094,208.57684326171875,190.14334106445312
46.11201095581055,208.55258178710938,190.14430236816406
45.99591064453125,208.52816772460938,190.14527893066406
45.8798713684082,208.50363159179688,190.1462860107422
45.7639045715332,208.47891235351562,190.1472930908203
45.64799880981445,208.4540557861328,190.1483154296875
45.53215789794922,208.42904663085938,190.1493377685547
45.416378021240234,208.4038848876953,190.15037536621094
45.30066680908203,208.37857055664062,190.15142822265625
45.18501663208008,208.3531036376953,190.15248107910156
45.0693244934082,208.32748413085938,190.15353393554688
44.95380783081055,208.3017120361328,190.1545867919922
44.83835983276367,208.27578735351562,190.15565490722656
44.71490478515625,208.24789428710938,190.1567840576172
44.59959030151367,208.22164916992188,190.15785217285156
44.48434829711914,208.19525146484375,190.15890502929688
44.369171142578125,208.168701171875,190.1599578857422
44.25406265258789,208.1420135498047,190.1610107421875
44.13902282714844,208.11512756347656,190.1620635986328
44.02405548095703,208.08810424804688,190.16310119628906
43.904266357421875,208.05975341796875,190.16416931152344
43.779754638671875,208.0300750732422,190.165283203125
43.665008544921875,208.00253295898438,190.16627502441406
43.55033874511719,207.97483825683594,190.1672821044922
43.435733795166016,207.9469757080078,190.16824340820312
43.32120895385742,207.9189453125,190.16920471191406
43.206756591796875,207.89076232910156,190.17013549804688
43.09238052368164,207.8623809814453,190.17103576660156
42.97807693481445,207.83384704589844,190.17193603515625
42.86384963989258,207.8051300048828,190.17282104492188
42.746524810791016,207.7754669189453,190.17372131347656
42.632450103759766,207.74639892578125,190.174560546875
42.51845932006836,207.71717834472656,190.17539978027344
42.404544830322266,207.68777465820312,190.17620849609375
42.225826263427734,207.64125061035156,190.17747497558594
42.112125396728516,207.6114044189453,190.1782684326172
41.99850082397461,207.58135986328125,190.1790771484375
41.884971618652344,207.55113220214844,190.1798553466797
41.77007293701172,207.5203399658203,190.18067932128906
41.65671157836914,207.48976135253906,190.1814727783203
41.543434143066406,207.458984375,190.1822967529297
41.422645568847656,207.4259490966797,190.1831817626953
41.30956268310547,207.39479064941406,190.1840057373047
41.19656753540039,207.3634490966797,190.18484497070312
41.08366012573242,207.33192443847656,190.18569946289062
40.97084426879883,207.30020141601562,190.18653869628906
40.85233688354492,207.26666259765625,190.18743896484375
40.73971176147461,207.23455810546875,190.1883087158203
40.62718200683594,207.20228576660156,190.189208984375
40.506996154785156,207.16754150390625,190.1901397705078
40.3946533203125,207.13487243652344,190.1910400390625
40.282413482666016,207.10198974609375,190.19192504882812
40.17026138305664,207.06893920898438,190.1928253173828
40.058204650878906,207.0356903076172,190.1937255859375
39.94624710083008,207.0022430419922,190.1946258544922
39.83438491821289,206.96861267089844,190.195556640625
39.722618103027344,206.9347686767578,190.1964874267578
39.61095428466797,206.90074157714844,190.1974334716797
39.49938201904297,206.8665008544922,190.19837951660156
39.38791275024414,206.83206176757812,190.19935607910156
39.276546478271484,206.79742431640625,190.20033264160156
39.16526794433594,206.76260375976562,190.2013397216797
39.054100036621094,206.72756958007812,190.2023468017578
38.943023681640625,206.6923370361328,190.203369140625
38.83205795288086,206.6569061279297,190.20440673828125
38.721187591552734,206.62127685546875,190.20545959472656
38.61042022705078,206.58546447753906,190.20651245117188
38.499752044677734,206.5494384765625,190.20758056640625
38.389183044433594,206.51321411132812,190.20864868164062
38.278717041015625,206.476806640625,190.20973205566406
38.16835403442383,206.44020080566406,190.21083068847656
38.0580940246582,206.40338134765625,190.21192932128906
37.947933197021484,206.3663787841797,190.21304321289062
37.8372688293457,206.32899475097656,190.21414184570312
37.727317810058594,206.29161071777344,190.2152557373047
37.61745834350586,206.2540283203125,190.2163543701172
37.50770950317383,206.21627807617188,190.2174835205078
37.398067474365234,206.17831420898438,190.2185821533203
37.28571319580078,206.13919067382812,190.2197265625
37.129940032958984,206.08453369140625,190.22129821777344
37.01932144165039,206.0454559326172,190.22242736816406
36.91015625,206.0066680908203,190.22352600097656
36.801090240478516,205.96768188476562,190.22462463378906
36.692134857177734,205.92852783203125,190.2257080078125
36.583290100097656,205.88919067382812,190.22677612304688
36.474552154541016,205.84967041015625,190.22784423828125
36.36591339111328,205.80996704101562,190.22889709472656
36.257389068603516,205.77008056640625,190.2299346923828
36.14896774291992,205.7300262451172,190.23095703125
36.03481674194336,205.68760681152344,190.23204040527344
35.92662048339844,205.64718627929688,190.23304748535156
35.818538665771484,205.60655212402344,190.23402404785156
35.7105598449707,205.56576538085938,190.23501586914062
35.60269546508789,205.52479553222656,190.23599243164062
35.494937896728516,205.48365783691406,190.2369384765625
35.387290954589844,205.4423065185547,190.23788452148438
35.26195526123047,205.39390563964844,190.23898315429688
35.15454864501953,205.35220336914062,190.23989868164062
35.04726028442383,205.310302734375,190.24081420898438
34.940086364746094,205.26821899414062,190.2417449951172
34.83302307128906,205.22596740722656,190.24264526367188
34.72608184814453,205.1835174560547,190.24354553222656
34.616249084472656,205.1396942138672,190.24447631835938
34.50953674316406,205.09689331054688,190.24539184570312
34.39490509033203,205.05067443847656,190.24636840820312
34.28843307495117,205.0074920654297,190.24725341796875
34.18207550048828,204.96414184570312,190.24813842773438
34.075843811035156,204.9206085205078,190.2490234375
33.963706970214844,204.87442016601562,190.2499542236328
33.85771560668945,204.83050537109375,190.25083923339844
33.7518424987793,204.78643798828125,190.251708984375
33.646087646484375,204.74217224121094,190.25257873535156
33.54044723510742,204.69775390625,190.25344848632812
33.4349250793457,204.65313720703125,190.25430297851562
33.32952880859375,204.6083526611328,190.25515747070312
33.2242546081543,204.56338500976562,190.2560272216797
33.11909866333008,204.51821899414062,190.25686645507812
33.01406478881836,204.47288513183594,190.25772094726562
32.90915298461914,204.42738342285156,190.25857543945312
32.80436325073242,204.38168334960938,190.25942993164062
32.69969177246094,204.33580017089844,190.2602996826172
32.595149993896484,204.28976440429688,190.26113891601562
32.4907341003418,204.24351501464844,190.26199340820312
32.38644027709961,204.1970977783203,190.26284790039062
32.226966857910156,204.1256561279297,190.26417541503906
32.12298583984375,204.0787811279297,190.26504516601562
32.019126892089844,204.03172302246094,190.26589965820312
31.915393829345703,203.9844970703125,190.2667694091797
31.811790466308594,203.93707275390625,190.2676544189453
31.708311080932617,203.8894805908203,190.2685089111328
31.604957580566406,203.8417205810547,190.26937866210938
31.501728057861328,203.79376220703125,190.27024841308594
31.398624420166016,203.74563598632812,190.2711181640625
31.29564666748047,203.6973419189453,190.27198791503906
31.186796188354492,203.64601135253906,190.2729034423828
31.08407974243164,203.59735107421875,190.27377319335938
30.981489181518555,203.5485076904297,190.27462768554688
30.879026412963867,203.49949645996094,190.27549743652344
30.776689529418945,203.45030212402344,190.27633666992188
30.674476623535156,203.40093994140625,190.27720642089844
30.572391510009766,203.3513946533203,190.27806091308594
30.47043228149414,203.30169677734375,190.2788848876953
30.362258911132812,203.2487030029297,190.27980041503906
30.260562896728516,203.19863891601562,190.28062438964844
30.158998489379883,203.14840698242188,190.2814483642578
30.057558059692383,203.09799194335938,190.2822723388672
29.956241607666016,203.04742431640625,190.2830810546875
29.85167121887207,202.9949951171875,190.28392028808594
29.750614166259766,202.94407653808594,190.2847137451172
29.64967918395996,202.89300537109375,190.28549194335938
29.54206657409668,202.83828735351562,190.2863006591797
29.441396713256836,202.786865234375,190.2870635986328
29.332687377929688,202.7310791015625,190.28785705566406
29.232282638549805,202.6793212890625,190.28858947753906
29.13200569152832,202.6273956298828,190.28929138183594
29.031856536865234,202.57530212402344,190.2899932861328
28.931838989257812,202.52304077148438,190.29066467285156
28.831947326660156,202.47061157226562,190.29135131835938
28.732189178466797,202.4180145263672,190.29200744628906
28.632564544677734,202.36524963378906,190.29266357421875
28.527503967285156,202.30935668945312,190.29335021972656
28.428150177001953,202.25624084472656,190.29397583007812
28.32893180847168,202.20297241210938,190.29461669921875
28.22984504699707,202.1495361328125,190.2952423095703
28.130891799926758,202.09593200683594,190.29586791992188
28.032072067260742,202.0421600341797,190.29647827148438
27.931692123413086,201.9873046875,190.29710388183594
27.83315086364746,201.9331817626953,190.29771423339844
27.734743118286133,201.87892150878906,190.29830932617188
27.595848083496094,201.80191040039062,190.29916381835938
27.497766494750977,201.7472381591797,190.2997589111328
27.39872169494629,201.69180297851562,190.30035400390625
27.300922393798828,201.63681030273438,190.3009490966797
27.203258514404297,201.58163452148438,190.30154418945312
27.10573387145996,201.52630615234375,190.3021240234375
27.001657485961914,201.46701049804688,190.302734375
26.904417037963867,201.41134643554688,190.30332946777344
26.807315826416016,201.3555145263672,190.3039093017578
26.71035385131836,201.29953002929688,190.3044891357422
26.61353302001953,201.24337768554688,190.30508422851562
26.516855239868164,201.1870574951172,190.3056640625
26.42031478881836,201.13058471679688,190.30624389648438
26.32391929626465,201.0739288330078,190.3068389892578
26.2276611328125,201.01712036132812,190.3074188232422
26.13154411315918,200.96014404296875,190.30799865722656
26.035568237304688,200.9029998779297,190.30857849121094
25.939739227294922,200.845703125,190.30917358398438
25.844051361083984,200.78823852539062,190.3097686767578
25.748504638671875,200.73060607910156,190.31036376953125
25.653099060058594,200.67282104492188,190.3109588623047
25.55783462524414,200.6148681640625,190.31155395507812
25.457691192626953,200.55368041992188,190.31219482421875
25.362714767456055,200.4954071044922,190.31280517578125
25.267881393432617,200.4369659423828,190.31341552734375
25.17319107055664,200.37835693359375,190.31402587890625
25.078643798828125,200.31961059570312,190.3146514892578
24.984233856201172,200.2606964111328,190.31527709960938
24.88996696472168,200.20162963867188,190.31588745117188
24.79583740234375,200.1424102783203,190.31651306152344
24.70184898376465,200.08302307128906,190.31712341308594
24.60800552368164,200.02349853515625,190.3177490234375
24.514305114746094,199.96380615234375,190.318359375
24.420743942260742,199.9039764404297,190.31898498535156
24.327322006225586,199.84397888183594,190.31959533691406
24.234039306640625,199.78382873535156,190.32022094726562
24.140897750854492,199.72354125976562,190.32083129882812
24.047895431518555,199.66310119628906,190.32144165039062
23.95503807067871,199.60250854492188,190.32203674316406
23.862323760986328,199.54176330566406,190.3226318359375
23.764389038085938,199.4773406982422,190.32325744628906
23.671960830688477,199.4163055419922,190.3238525390625
23.57967185974121,199.3551025390625,190.32443237304688
23.487520217895508,199.2937774658203,190.3249969482422
23.3955078125,199.23228454589844,190.32557678222656
23.269861221313477,199.14794921875,190.32632446289062
23.178180694580078,199.08612060546875,190.3268585205078
23.08663558959961,199.024169921875,190.32737731933594
22.995229721069336,198.96206665039062,190.327880859375
22.903963088989258,198.8998260498047,190.32838439941406
22.812843322753906,198.83743286132812,190.328857421875
22.72187042236328,198.77488708496094,190.329345703125
22.631046295166016,198.71218872070312,190.32980346679688
22.54036521911621,198.64935302734375,190.33030700683594
22.44983673095703,198.5863800048828,190.33079528808594
22.359458923339844,198.5232696533203,190.33128356933594
22.269229888916016,198.45999145507812,190.33180236816406
22.172822952270508,198.39207458496094,190.33236694335938
22.082918167114258,198.3284912109375,190.33290100097656
21.993165969848633,198.26475524902344,190.33346557617188
21.903566360473633,198.20086669921875,190.33404541015625
21.814117431640625,198.1368408203125,190.3346405029297
21.724821090698242,198.07266235351562,190.33526611328125
21.635677337646484,198.00836181640625,190.33587646484375
21.546689987182617,197.9438934326172,190.33651733398438
21.457874298095703,197.8792724609375,190.33717346191406
21.369230270385742,197.81448364257812,190.33782958984375
21.280765533447266,197.74952697753906,190.3385009765625
21.187885284423828,197.68099975585938,190.33920288085938
21.09980010986328,197.61569213867188,190.33987426757812
21.011903762817383,197.55018615722656,190.34054565429688
20.924198150634766,197.48452758789062,190.3412322998047
20.836694717407227,197.41867065429688,190.34193420410156
20.749380111694336,197.35263061523438,190.34263610839844
20.662256240844727,197.28640747070312,190.34336853027344
20.57532501220703,197.2200164794922,190.3441162109375
20.48858642578125,197.15342712402344,190.34487915039062
20.40203857421875,197.08668518066406,190.34567260742188
20.31549072265625,197.01959228515625,190.3464813232422
20.229339599609375,196.9524688720703,190.3472900390625
20.14337921142578,196.88516235351562,190.34815979003906
20.052000045776367,196.81326293945312,190.34910583496094
19.9664363861084,196.74560546875,190.34999084472656
19.881067276000977,196.67776489257812,190.35092163085938
19.790084838867188,196.6051025390625,190.3519287109375
19.705116271972656,196.53689575195312,190.35287475585938
19.620344161987305,196.46852111816406,190.35386657714844
19.535768508911133,196.39996337890625,190.35487365722656
19.45138931274414,196.33123779296875,190.35586547851562
19.367206573486328,196.2623291015625,190.35690307617188
19.248001098632812,196.16419982910156,190.35836791992188
19.156600952148438,196.0885009765625,190.35951232910156
19.073101043701172,196.0189971923828,190.3605499267578
18.989797592163086,195.94932556152344,190.3616180419922
18.906696319580078,195.8794708251953,190.36265563964844
18.823789596557617,195.80946350097656,190.3637237548828
18.741077423095703,195.73927307128906,190.36477661132812
18.6585636138916,195.66893005371094,190.36582946777344
18.57624053955078,195.59841918945312,190.3668670654297
18.494110107421875,195.5277557373047,190.36788940429688
18.412179946899414,195.4569091796875,190.36891174316406
18.3304443359375,195.3859100341797,190.3699188232422
18.248903274536133,195.31472778320312,190.37091064453125
18.167556762695312,195.243408203125,190.3718719482422
18.086410522460938,195.1719207763672,190.37283325195312
18.005462646484375,195.1002655029297,190.37374877929688
17.924715042114258,195.0284423828125,190.3746795654297
17.8360652923584,194.94920349121094,190.37567138671875
17.75574493408203,194.8770294189453,190.37655639648438
17.67562484741211,194.8046875,190.37742614746094
17.595699310302734,194.73216247558594,190.37828063964844
17.515979766845703,194.65945434570312,190.37913513183594
17.436466217041016,194.58656311035156,190.3800048828125
17.353605270385742,194.5102081298828,190.3809051513672
17.274520874023438,194.43695068359375,190.38177490234375
17.1910343170166,194.35919189453125,190.38270568847656
17.112390518188477,194.28555297851562,190.38360595703125
17.033967971801758,194.2117462158203,190.384521484375
16.955759048461914,194.1377410888672,190.38543701171875
16.877769470214844,194.06353759765625,190.38638305664062
16.79999351501465,193.9891815185547,190.38734436035156
16.72242546081543,193.91464233398438,190.3883056640625
16.64505386352539,193.83993530273438,190.38929748535156
16.567895889282227,193.76504516601562,190.39027404785156
16.490934371948242,193.69000244140625,190.3912811279297
16.414169311523438,193.61480712890625,190.3922882080078
16.337600708007812,193.53944396972656,190.39329528808594
16.2612247467041,193.4639129638672,190.3943328857422
16.185039520263672,193.38824462890625,190.39535522460938
16.109033584594727,193.3124237060547,190.39639282226562
16.024320602416992,193.2274932861328,190.39755249023438
15.948699951171875,193.15135192871094,190.39859008789062
15.873261451721191,193.0750732421875,190.399658203125
15.798003196716309,192.99862670898438,190.40072631835938
15.722922325134277,192.9220428466797,190.4018096923828
15.619894981384277,192.81642150878906,190.4033203125
15.545248031616211,192.73948669433594,190.40443420410156
15.470787048339844,192.66241455078125,190.4055633544922
15.396509170532227,192.58518981933594,190.4066925048828
15.322418212890625,192.5078125,190.4078369140625
15.24851131439209,192.43028259277344,190.40899658203125
15.17479133605957,192.3526153564453,190.41015625
15.1012544631958,192.27481079101562,190.41131591796875
15.023427963256836,192.19207763671875,190.41256713867188
14.95028018951416,192.1139678955078,190.4137420654297
14.877313613891602,192.0356903076172,190.41493225097656
14.804529190063477,191.95730590820312,190.41612243652344
14.731925010681152,191.87875366210938,190.4173126220703
14.65949821472168,191.80007934570312,190.41848754882812
14.587248802185059,191.7212677001953,190.419677734375
14.515180587768555,191.64231872558594,190.42088317871094
14.443299293518066,191.563232421875,190.4220733642578
14.370441436767578,191.4827117919922,190.42327880859375
14.298935890197754,191.40333557128906,190.42446899414062
14.227617263793945,191.32382202148438,190.42562866210938
14.156485557556152,191.2441864013672,190.42681884765625
14.08553695678711,191.16439819335938,190.427978515625
14.014776229858398,191.08447265625,190.42916870117188
13.94420051574707,191.00442504882812,190.43032836914062
13.873802185058594,190.92422485351562,190.43148803710938
13.803581237792969,190.8439178466797,190.43263244628906
13.73218059539795,190.7619171142578,190.43377685546875
13.662315368652344,190.6813507080078,190.43492126464844
13.592267990112305,190.60025024414062,190.43605041503906
13.522756576538086,190.51943969726562,190.43716430664062
13.453424453735352,190.43850708007812,190.43826293945312
13.384267807006836,190.3574676513672,190.4393768310547
13.315286636352539,190.27633666992188,190.44046020507812
13.246480941772461,190.195068359375,190.44155883789062
13.177850723266602,190.1137237548828,190.442626953125
13.10939884185791,190.03224182128906,190.44369506835938
13.041131019592285,189.95068359375,190.44476318359375
12.973043441772461,189.86903381347656,190.44580078125
12.905136108398438,189.7872772216797,190.4468536376953
12.837409019470215,189.70542907714844,190.44790649414062
12.769865036010742,189.62350463867188,190.4489288330078
12.702509880065918,189.54148864746094,190.44996643066406
12.635354042053223,189.45938110351562,190.45098876953125
12.568416595458984,189.37718200683594,190.45201110839844
12.501701354980469,189.2948760986328,190.45301818847656
12.419398307800293,189.19284057617188,190.45423889160156
12.34909439086914,189.10520935058594,190.45529174804688
12.28315544128418,189.0225830078125,190.4562530517578
12.217458724975586,188.93988037109375,190.45721435546875
12.146614074707031,188.85028076171875,190.45822143554688
12.081424713134766,188.76742553710938,190.45916748046875
12.016481399536133,188.68446350097656,190.4600830078125
11.95178508758545,188.6014404296875,190.4609832763672
11.887337684631348,188.5183563232422,190.46188354492188
11.82314395904541,188.43519592285156,190.4627685546875
11.759207725524902,188.3519744873047,190.46363830566406
11.695525169372559,188.2686767578125,190.46450805664062
11.632098197937012,188.18533325195312,190.4653778076172
11.567401885986328,188.09991455078125,190.46624755859375
11.504496574401855,188.01644897460938,190.4670867919922
11.441853523254395,187.9329071044922,190.4679412841797
11.379478454589844,187.84930419921875,190.46878051757812
11.31311321258545,187.7598876953125,190.4696807861328
11.251294136047363,187.67616271972656,190.4705047607422
11.189740180969238,187.5923309326172,190.4713592529297
11.124324798583984,187.50274658203125,190.4722442626953
11.063312530517578,187.4187469482422,190.4730987548828
11.0025634765625,187.33465576171875,190.47393798828125
10.942073822021484,187.25047302246094,190.47479248046875
10.881842613220215,187.1661834716797,190.47564697265625
10.821883201599121,187.08180236816406,190.47650146484375
10.76218318939209,186.997314453125,190.47735595703125
10.702741622924805,186.9127197265625,190.4782257080078
10.643559455871582,186.82803344726562,190.4790802001953
10.583170890808105,186.74114990234375,190.47996520996094
10.524515151977539,186.65625,190.4808349609375
10.466118812561035,186.57125854492188,190.48167419433594
10.40799331665039,186.48617553710938,190.4825439453125
10.350130081176758,186.40097045898438,190.4833984375
10.292525291442871,186.31565856933594,190.48423767089844
10.23518180847168,186.23028564453125,190.48509216308594
10.178098678588867,186.14479064941406,190.48593139648438
10.121281623840332,186.05921936035156,190.48675537109375
10.063879013061523,185.9722442626953,190.4875946044922
10.007610321044922,185.88648986816406,190.48838806152344
9.951606750488281,185.80062866210938,190.4891815185547
9.895869255065918,185.7146759033203,190.48995971679688
9.840394020080566,185.62863159179688,190.49070739746094
9.785185813903809,185.54251098632812,190.49147033691406
9.730240821838379,185.45628356933594,190.49220275878906
9.65319538116455,185.33448791503906,190.49317932128906
9.598899841308594,185.24803161621094,190.49386596679688
9.543011665344238,185.15850830078125,190.49456787109375
9.489258766174316,185.0718536376953,190.4951934814453
9.435771942138672,184.98513793945312,190.4958038330078
9.382553100585938,184.8983154296875,190.49639892578125
9.329610824584961,184.8114013671875,190.49696350097656
9.27694320678711,184.72439575195312,190.49749755859375
9.224546432495117,184.63729858398438,190.49801635742188
9.172423362731934,184.55010986328125,190.49851989746094
9.120573043823242,184.46282958984375,190.49899291992188
9.068998336791992,184.37545776367188,190.4994354248047
9.0177001953125,184.2880096435547,190.4998779296875
8.966497421264648,184.2001190185547,190.50027465820312
8.915769577026367,184.1124725341797,190.5006561279297
8.865323066711426,184.02474975585938,190.5010223388672
8.815156936645508,183.9369354248047,190.50135803222656
8.765271186828613,183.84902954101562,190.50167846679688
8.715666770935059,183.76104736328125,190.50198364257812
8.666342735290527,183.6729736328125,190.5022735595703
8.616740226745605,183.58380126953125,190.50254821777344
8.567980766296387,183.4955596923828,190.50279235839844
8.519488334655762,183.40724182128906,190.50303649902344
8.471261024475098,183.31884765625,190.50326538085938
8.420445442199707,183.22509765625,190.50350952148438
8.372756958007812,183.13653564453125,190.50372314453125
8.32532787322998,183.04791259765625,190.50390625
8.278165817260742,182.959228515625,190.50408935546875
8.231270790100098,182.8704376220703,190.50424194335938
8.184639930725098,182.78160095214844,190.50439453125
8.138235092163086,182.69261169433594,190.50453186035156
8.092132568359375,182.60362243652344,190.504638671875
8.046296119689941,182.5145721435547,190.50474548339844
8.000727653503418,182.4254608154297,190.50482177734375
7.955434322357178,182.33627319335938,190.50491333007812
7.9104132652282715,182.2469940185547,190.50497436523438
7.863367557525635,182.15306091308594,190.5050048828125
7.818896293640137,182.0636444091797,190.50503540039062
7.774700164794922,181.9741668701172,190.50503540039062
7.730774879455566,181.8846435546875,190.50502014160156
7.6871209144592285,181.79502868652344,190.5050048828125
7.641578674316406,181.7008819580078,190.50497436523438
7.5984930992126465,181.6111297607422,190.50491333007812
7.555685997009277,181.5213165283203,190.50485229492188
7.513153076171875,181.43145751953125,190.5047607421875
7.452645778656006,181.302490234375,190.504638671875
7.410775661468506,181.21246337890625,190.50453186035156
7.369180679321289,181.12237548828125,190.50440979003906
7.327866077423096,181.0322265625,190.50428771972656
7.286823272705078,180.94203186035156,190.504150390625
7.244446754455566,180.8481903076172,190.5039825439453
7.203957557678223,180.75787353515625,190.5038299560547
7.1637372970581055,180.66748046875,190.503662109375
7.123786926269531,180.57704162597656,190.5034942626953
7.084105491638184,180.48654174804688,190.5032958984375
7.044703960418701,180.39599609375,190.5030975341797
7.005570411682129,180.3053741455078,190.5028839111328
6.965343475341797,180.2115478515625,190.50267028808594
6.926753520965576,180.12081909179688,190.50242614746094
6.888428211212158,180.03005981445312,190.502197265625
6.850368499755859,179.9392547607422,190.501953125
6.812572479248047,179.848388671875,190.50169372558594
6.773168087005615,179.75289916992188,190.5014190673828
6.735923767089844,179.6619415283203,190.5011444091797
6.698941230773926,179.57093811035156,190.50083923339844
6.659757614135742,179.4737548828125,190.5005340576172
6.623313903808594,179.3826446533203,190.50022888183594
6.587129592895508,179.29150390625,190.49989318847656
6.551201820373535,179.20030212402344,190.49957275390625
6.515529632568359,179.1090850830078,190.4992218017578
6.4783549308776855,179.0132598876953,190.4988250732422
6.443213939666748,178.92193603515625,190.4984588623047
6.408324718475342,178.83058166503906,190.49806213378906
6.373686790466309,178.73919677734375,190.49765014648438
6.339300155639648,178.64776611328125,190.49722290039062
6.305168628692627,178.55628967285156,190.49679565429688
6.271294593811035,178.4647979736328,190.496337890625
6.237682819366455,178.37326049804688,190.49588012695312
6.200847148895264,178.27207946777344,190.49539184570312
6.16779088973999,178.18045043945312,190.49493408203125
6.134994983673096,178.08880615234375,190.49447631835938
6.102456569671631,177.99713134765625,190.49404907226562
6.070178031921387,177.90541076660156,190.4936065673828
6.038156509399414,177.8136749267578,190.4931640625
6.006392955780029,177.72190856933594,190.49273681640625
5.974886417388916,177.63011169433594,190.4923095703125
5.941418647766113,177.53170776367188,190.49188232421875
5.910450458526611,177.4398651123047,190.49147033691406
5.879685401916504,177.3478240966797,190.49105834960938
5.8492231369018555,177.25592041015625,190.4906463623047
5.806483745574951,177.12564086914062,190.49009704589844
5.7766265869140625,177.03366088867188,190.4897003173828
5.74702787399292,176.94168090820312,190.48931884765625
5.717675685882568,176.8496551513672,190.4889373779297
5.688568592071533,176.75762939453125,190.48855590820312
5.659705638885498,176.6655731201172,190.4881591796875
5.6310858726501465,176.57350158691406,190.48777770996094
5.602710247039795,176.48141479492188,190.4873809814453
5.574584484100342,176.38931274414062,190.4870147705078
5.54671573638916,176.2971954345703,190.4866180419922
5.516948223114014,176.19786071777344,190.4862060546875
5.489593029022217,176.10569763183594,190.48582458496094
5.462480068206787,176.01351928710938,190.48545837402344
5.435608863830566,175.92132568359375,190.485107421875
5.408977031707764,175.82911682128906,190.48477172851562
5.382585048675537,175.73687744140625,190.4844207763672
5.356438159942627,175.64463806152344,190.4840850830078
5.330534934997559,175.5523681640625,190.4837646484375
5.304869174957275,175.4600830078125,190.4834442138672
5.279439449310303,175.3677978515625,190.48313903808594
5.254245281219482,175.27549743652344,190.4828338623047
5.229284763336182,175.1831817626953,190.48252868652344
5.2045578956604,175.09085083007812,190.4822540283203
5.1800713539123535,174.99851989746094,190.48196411132812
5.15581750869751,174.90615844726562,190.481689453125
5.131793022155762,174.8137969970703,190.48141479492188
5.107994556427002,174.72142028808594,190.4811553955078
5.08441162109375,174.6290283203125,190.48089599609375
5.061032295227051,174.53662109375,190.48065185546875
5.037840843200684,174.44419860839844,190.48040771484375
5.014824867248535,174.35177612304688,190.4801483154297
4.991960525512695,174.25933837890625,190.4799346923828
4.969235897064209,174.1668701171875,190.4796905517578
4.946640491485596,174.07440185546875,190.47946166992188
4.924168586730957,173.98190307617188,190.47923278808594
4.901814937591553,173.88938903808594,190.47900390625
4.879150867462158,173.7951202392578,190.47877502441406
4.857016086578369,173.7025604248047,190.47853088378906
4.83497953414917,173.61000061035156,190.4783172607422
4.8130388259887695,173.5174102783203,190.4780731201172
4.791192054748535,173.4248046875,190.47781372070312
4.769439220428467,173.3321533203125,190.47756958007812
4.747779369354248,173.23948669433594,190.477294921875
4.7262139320373535,173.14678955078125,190.4770050048828
4.7047438621521,173.0540771484375,190.47671508789062
4.676980972290039,172.9335479736328,190.47630310058594
4.655714988708496,172.8407745361328,190.47596740722656
4.634538173675537,172.74795532226562,190.4756317138672
4.613446235656738,172.65512084960938,190.4752655029297
4.592435836791992,172.562255859375,190.47488403320312
4.571506500244141,172.4693603515625,190.4744873046875
4.5506591796875,172.37643432617188,190.47409057617188
4.529899597167969,172.2834930419922,190.4736785888672
4.509204864501953,172.19036865234375,190.4732666015625
4.488651752471924,172.09738159179688,190.47286987304688
4.468212604522705,172.00433349609375,190.4724578857422
4.447890758514404,171.9112548828125,190.47206115722656
4.4276862144470215,171.81814575195312,190.47166442871094
4.407599925994873,171.72499084472656,190.4712677001953
4.387631416320801,171.63182067871094,190.4709014892578
4.36637544631958,171.53196716308594,190.47052001953125
4.346646785736084,171.43870544433594,190.4701690673828
4.327033042907715,171.3454132080078,190.46983337402344
4.3075270652771,171.25205993652344,190.46951293945312
4.288125991821289,171.15867614746094,190.4691925048828
4.26882791519165,171.0652618408203,190.46888732910156
4.2487993240356445,170.96774291992188,190.46859741210938
4.229706287384033,170.87423706054688,190.4683380126953
4.2107110023498535,170.7807159423828,190.46807861328125
4.1918158531188965,170.6871337890625,190.4678497314453
4.173017978668213,170.59352111816406,190.46763610839844
4.154314994812012,170.49986267089844,190.46743774414062
4.135707855224609,170.4061737060547,190.4672393798828
4.1165385246276855,170.30911254882812,190.46707153320312
4.098126411437988,170.21533203125,190.46694946289062
4.079810619354248,170.12152099609375,190.46681213378906
4.059333801269531,170.01597595214844,190.46670532226562
4.041226387023926,169.9220733642578,190.46664428710938
4.023221969604492,169.82810974121094,190.4665985107422
4.005315780639648,169.734130859375,190.46658325195312
3.9875099658966064,169.64007568359375,190.46661376953125
3.969803810119629,169.54598999023438,190.46664428710938
3.952198028564453,169.4518585205078,190.46670532226562
3.9346041679382324,169.35720825195312,190.466796875
3.9172005653381348,169.2629852294922,190.46690368652344
3.899900436401367,169.16871643066406,190.467041015625
3.882699966430664,169.07440185546875,190.46719360351562
3.8655991554260254,168.98004150390625,190.4673614501953
3.8485970497131348,168.88565063476562,190.46754455566406
3.831693172454834,168.79119873046875,190.46775817871094
3.8084256649017334,168.66021728515625,190.4680633544922
3.791757583618164,168.565673828125,190.46832275390625
3.7751855850219727,168.47108459472656,190.46856689453125
3.758708953857422,168.37644958496094,190.46884155273438
3.7423276901245117,168.2817840576172,190.4691162109375
3.726040840148926,168.1870574951172,190.46939086914062
3.709850788116455,168.09230041503906,190.46969604492188
3.693755626678467,167.99749755859375,190.46998596191406
3.677753448486328,167.9026641845703,190.4702911376953
3.661844491958618,167.8077850341797,190.4705810546875
3.6460278034210205,167.71287536621094,190.4709014892578
3.6303038597106934,167.61790466308594,190.47119140625
3.6146721839904785,167.5229034423828,190.4714813232422
3.5991363525390625,167.42787170410156,190.4718017578125
3.583693504333496,167.33277893066406,190.4720916748047
3.5676724910736084,167.2335205078125,190.47238159179688
3.5524182319641113,167.1383514404297,190.47268676757812
3.5372564792633057,167.04315185546875,190.47296142578125
3.522186279296875,166.94790649414062,190.47325134277344
3.5072085857391357,166.85263061523438,190.47354125976562
3.4919776916503906,166.7550811767578,190.47381591796875
3.477193593978882,166.65972900390625,190.47409057617188
3.4625046253204346,166.56434631347656,190.474365234375
3.4479124546051025,166.4689178466797,190.47463989257812
3.4334185123443604,166.37344360351562,190.47491455078125
3.419022798538208,166.2779541015625,190.47523498535156
3.404726266860962,166.1824188232422,190.4755401611328
3.3905320167541504,166.08685302734375,190.47584533691406
3.376439094543457,165.99124145507812,190.47616577148438
3.3624460697174072,165.89559936523438,190.4765167236328
3.3480911254882812,165.79672241210938,190.4768829345703
3.334303855895996,165.7010040283203,190.4772491455078
3.320622682571411,165.6052703857422,190.47763061523438
3.3070549964904785,165.5094757080078,190.47801208496094
3.293614387512207,165.41366577148438,190.47840881347656
3.2803165912628174,165.31781005859375,190.4788055419922
3.267172336578369,165.221923828125,190.47921752929688
3.2541942596435547,165.1259765625,190.4796142578125
3.2413949966430664,165.03001403808594,190.48001098632812
3.2287845611572266,164.9340057373047,190.4804229736328
3.2156736850738525,164.83250427246094,190.48086547851562
3.2034752368927,164.73641967773438,190.48126220703125
3.1914901733398438,164.6403045654297,190.48167419433594
3.1797139644622803,164.54415893554688,190.48207092285156
3.1681487560272217,164.447998046875,190.48248291015625
3.1534504890441895,164.3231201171875,190.4829864501953
3.1423845291137695,164.2268829345703,190.4833984375
3.1315371990203857,164.130615234375,190.4838104248047
3.12091064453125,164.0343017578125,190.48423767089844
3.1104354858398438,163.93731689453125,190.4846649169922
3.100259304046631,163.84095764160156,190.48512268066406
3.0903103351593018,163.74459838867188,190.485595703125
3.0805957317352295,163.648193359375,190.48606872558594
3.0711188316345215,163.55178833007812,190.48655700683594
3.0618765354156494,163.4553680419922,190.48707580566406
3.052870988845825,163.35891723632812,190.48760986328125
3.0441040992736816,163.262451171875,190.48817443847656
3.0355782508850098,163.1659698486328,190.48873901367188
3.0272953510284424,163.06947326660156,190.4893341064453
3.0192646980285645,162.9729766845703,190.4899444580078
3.0114848613739014,162.87646484375,190.49057006835938
3.003953695297241,162.7799530029297,190.49119567871094
2.996673345565796,162.68344116210938,190.49183654785156
2.989645481109619,162.5869140625,190.4924774169922
2.9828708171844482,162.4904022216797,190.4931182861328
2.976351499557495,162.39390563964844,190.49378967285156
2.970097541809082,162.29742431640625,190.49444580078125
2.9641013145446777,162.20095825195312,190.49510192871094
2.958362102508545,162.1045379638672,190.49575805664062
2.952880620956421,162.00811767578125,190.49639892578125
2.9476568698883057,161.91175842285156,190.49703979492188
2.9426910877227783,161.81541442871094,190.49766540527344
2.937985420227051,161.7191162109375,190.49826049804688
2.9335479736328125,161.62286376953125,190.4988555908203
2.9293699264526367,161.5266571044922,190.4994354248047
2.9254517555236816,161.4304962158203,190.50001525878906
2.921795606613159,161.33436584472656,190.50054931640625
2.9184038639068604,161.23828125,190.50108337402344
2.9152774810791016,161.1422576904297,190.5015869140625
2.9124221801757812,161.04627990722656,190.5020751953125
2.9098405838012695,160.9503631591797,190.5025634765625
2.9075264930725098,160.85447692871094,190.5030059814453
2.905163526535034,160.74267578125,190.50352478027344
2.903441905975342,160.64691162109375,190.50393676757812
2.9019980430603027,160.5511932373047,190.5043487548828
2.900818109512329,160.4539794921875,190.5047607421875
2.8999412059783936,160.3583984375,190.50515747070312
2.8993465900421143,160.2628631591797,190.5055389404297
2.899040460586548,160.16738891601562,190.5059356689453
2.899028778076172,160.0719757080078,190.50633239746094
2.8995091915130615,159.93621826171875,190.50689697265625
2.900193929672241,159.84095764160156,190.50729370117188
2.90116024017334,159.74575805664062,190.5076904296875
2.902400493621826,159.650634765625,190.5081024169922
2.9039149284362793,159.55557250976562,190.5084991455078
2.9056808948516846,159.4605712890625,190.50889587402344
2.9079604148864746,159.35330200195312,190.50933837890625
2.910222291946411,159.2584228515625,190.50973510742188
2.9126994609832764,159.16358947753906,190.51011657714844
2.91538667678833,159.0688018798828,190.51048278808594
2.9182827472686768,158.97409057617188,190.5108642578125
2.921389579772949,158.8794403076172,190.51121520996094
2.9247164726257324,158.7848358154297,190.51156616210938
2.9282631874084473,158.6903076171875,190.51190185546875
2.932176113128662,158.59225463867188,190.51222229003906
2.9361751079559326,158.4978485107422,190.5125274658203
2.9404029846191406,158.4034881591797,190.5128173828125
2.944866418838501,158.3092041015625,190.51309204101562
2.9495692253112793,158.21499633789062,190.5133514404297
2.9545187950134277,158.12083435058594,190.5135955810547
2.959716558456421,158.02676391601562,190.5138397216797
2.9651570320129395,157.9327392578125,190.51406860351562
2.970841646194458,157.8387908935547,190.51429748535156
2.976809501647949,157.7443084716797,190.51449584960938
2.9829843044281006,157.65048217773438,190.5146942138672
2.9894027709960938,157.55673217773438,190.51490783691406
2.99606990814209,157.46307373046875,190.5150909423828
3.0029819011688232,157.36947631835938,190.5152587890625
3.0101325511932373,157.27593994140625,190.5154571533203
3.0175206661224365,157.18246459960938,190.51560974121094
3.0251448154449463,157.08908081054688,190.51576232910156
3.03300404548645,156.99575805664062,190.51593017578125
3.041097640991211,156.9025115966797,190.5160675048828
3.0494332313537598,156.809326171875,190.5161895751953
3.058001756668091,156.7162322998047,190.51632690429688
3.066800355911255,156.6231689453125,190.5164337158203
3.0758283138275146,156.53021240234375,190.5165557861328
3.0850841999053955,156.43728637695312,190.51666259765625
3.094566583633423,156.34445190429688,190.5167694091797
3.1042754650115967,156.2516632080078,190.51686096191406
3.115060329437256,156.151123046875,190.51695251464844
3.125244140625,156.05845642089844,190.5170440673828
3.1356489658355713,155.96585083007812,190.51712036132812
3.146273374557495,155.87330627441406,190.51719665527344
3.157115936279297,155.78079223632812,190.5172576904297
3.1772987842559814,155.61341857910156,190.51736450195312
3.1887526512145996,155.52102661132812,190.5174102783203
3.2004189491271973,155.42868041992188,190.5174560546875
3.2122962474823,155.33636474609375,190.5175018310547
3.2243824005126953,155.24407958984375,190.5175323486328
3.23693585395813,155.14990234375,190.51754760742188
3.249445676803589,155.0576629638672,190.517578125
3.2621617317199707,154.96546936035156,190.517578125
3.275081157684326,154.87332153320312,190.517578125
3.288203716278076,154.78118896484375,190.51756286621094
3.301527738571167,154.6890869140625,190.51754760742188
3.3150508403778076,154.5970001220703,190.51754760742188
3.328770637512207,154.50494384765625,190.51751708984375
3.342695474624634,154.41293334960938,190.51748657226562
3.3574631214141846,154.3167724609375,190.5174560546875
3.3717989921569824,154.2248077392578,190.51742553710938
3.3863415718078613,154.1328887939453,190.51739501953125
3.4010939598083496,154.04100036621094,190.5173797607422
3.4160585403442383,153.9491729736328,190.51736450195312
3.4312357902526855,153.85736083984375,190.51736450195312
3.44663143157959,153.7655792236328,190.51736450195312
3.462242364883423,153.67384338378906,190.5173797607422
3.4780635833740234,153.58216857910156,190.5174102783203
3.494093418121338,153.49050903320312,190.51742553710938
3.510329484939575,153.39891052246094,190.51748657226562
3.5267693996429443,153.3073272705078,190.51754760742188
3.5434110164642334,153.21580505371094,190.51760864257812
3.560260534286499,153.12429809570312,190.5177001953125
3.5773096084594727,153.03285217285156,190.51776123046875
3.5945568084716797,152.94143676757812,190.51785278320312
3.612001895904541,152.8500518798828,190.5179443359375
3.6296439170837402,152.75872802734375,190.51803588867188
3.6474835872650146,152.6674346923828,190.5181121826172
3.665522336959839,152.576171875,190.51820373535156
3.6837668418884277,152.48495483398438,190.51828002929688
3.70220947265625,152.39376831054688,190.51837158203125
3.7208495140075684,152.30262756347656,190.51846313476562
3.7396860122680664,152.21151733398438,190.5185546875
3.7587180137634277,152.12045288085938,190.51864624023438
3.777946710586548,152.0294189453125,190.5187530517578
3.797757387161255,151.93667602539062,190.5188446044922
3.817396879196167,151.84571838378906,190.51893615722656
3.8372325897216797,151.75482177734375,190.51905822753906
3.857260227203369,151.66395568847656,190.51918029785156
3.877473831176758,151.57313537597656,190.51930236816406
3.906284809112549,151.4451141357422,190.51950073242188
3.926936388015747,151.3543701171875,190.5196533203125
3.9477620124816895,151.26368713378906,190.51980590820312
3.9687612056732178,151.1730194091797,190.5199737548828
3.9899325370788574,151.08241271972656,190.52015686035156
4.0112762451171875,150.99183654785156,190.5203399658203
4.032792091369629,150.90127563476562,190.52053833007812
4.054481506347656,150.81077575683594,190.52073669433594
4.076798439025879,150.71847534179688,190.52093505859375
4.098841667175293,150.62803649902344,190.5211181640625
4.121057510375977,150.5376739501953,190.5213165283203
4.145028114318848,150.44097900390625,190.52151489257812
4.167601108551025,150.35067749023438,190.52169799804688
4.190344333648682,150.26043701171875,190.52188110351562
4.213258743286133,150.17022705078125,190.5220489501953
4.236345291137695,150.08006286621094,190.52223205566406
4.259604454040527,149.9899444580078,190.52239990234375
4.283032417297363,149.8998565673828,190.52255249023438
4.30662727355957,149.809814453125,190.52268981933594
4.330388069152832,149.71983337402344,190.52284240722656
4.354679107666016,149.62850952148438,190.52297973632812
4.378773212432861,149.53860473632812,190.52308654785156
4.40303373336792,149.44873046875,190.523193359375
4.427462100982666,149.35891723632812,190.52328491210938
4.452053546905518,149.26913452148438,190.52337646484375
4.476807117462158,149.17941284179688,190.52345275878906
4.50172233581543,149.08970642089844,190.52349853515625
4.526799201965332,149.00006103515625,190.52354431152344
4.552036762237549,148.91046142578125,190.52357482910156
4.57744026184082,148.82090759277344,190.5236053466797
4.603006362915039,148.73138427734375,190.5236053466797
4.628733158111572,148.64190673828125,190.52359008789062
4.654619216918945,148.55247497558594,190.52357482910156
4.680665493011475,148.46310424804688,190.52354431152344
4.7082366943359375,148.369140625,190.5234832763672
4.734624862670898,148.27984619140625,190.5234375
4.761188507080078,148.19061279296875,190.52337646484375
4.787939071655273,148.10140991210938,190.52330017089844
4.814875602722168,148.0122833251953,190.5232391357422
4.842000961303711,147.9232177734375,190.52316284179688
4.869316577911377,147.83419799804688,190.52308654785156
4.896825790405273,147.74525451660156,190.52301025390625
4.924532890319824,147.6563720703125,190.52294921875
4.952875137329102,147.56619262695312,190.52288818359375
4.9812846183776855,147.4765167236328,190.5228271484375
5.021333694458008,147.351318359375,190.52279663085938
5.049937725067139,147.2627410888672,190.5227508544922
5.078805446624756,147.17404174804688,190.5227508544922
5.107810020446777,147.08558654785156,190.5227508544922
5.137021541595459,146.99722290039062,190.5227813720703
5.166432857513428,146.90890502929688,190.52281188964844
5.196044921875,146.8206787109375,190.52284240722656
5.225856781005859,146.73251342773438,190.5229034423828
5.255869388580322,146.64442443847656,190.52294921875
5.286083221435547,146.556396484375,190.5230255126953
5.316500663757324,146.46847534179688,190.5231170654297
5.3509063720703125,146.36978149414062,190.52322387695312
5.381760120391846,146.28199768066406,190.52333068847656
5.412821292877197,146.19427490234375,190.5234375
5.444087505340576,146.10662841796875,190.5235595703125
5.475560665130615,146.01905822753906,190.52369689941406
5.508673667907715,145.92762756347656,190.5238494873047
5.5405683517456055,145.8402099609375,190.52401733398438
5.572668552398682,145.7528533935547,190.52415466308594
5.607100486755371,145.65988159179688,190.52435302734375
5.6396331787109375,145.57269287109375,190.5245361328125
5.67237663269043,145.48558044433594,190.52471923828125
5.70532751083374,145.3985595703125,190.52493286132812
5.740390300750732,145.306640625,190.52517700195312
5.773770809173584,145.2197723388672,190.525390625
5.8073577880859375,145.1329803466797,190.52565002441406
5.843413829803467,145.04049682617188,190.52590942382812
5.877429485321045,144.95388793945312,190.5261688232422
5.911653995513916,144.8673553466797,190.5264434814453
5.946090221405029,144.78089904785156,190.5266876220703
5.980731964111328,144.69454956054688,190.52696228027344
6.015579700469971,144.60826110839844,190.52723693847656
6.050632476806641,144.52206420898438,190.5275115966797
6.08588981628418,144.4359588623047,190.5277862548828
6.121351718902588,144.3499298095703,190.52804565429688
6.157742500305176,144.26226806640625,190.5283203125
6.193727970123291,144.17617797851562,190.52857971191406
6.22981595993042,144.0904083251953,190.52883911132812
6.266107559204102,144.00473022460938,190.52908325195312
6.302601337432861,143.91912841796875,190.52932739257812
6.339297771453857,143.83363342285156,190.52957153320312
6.37619686126709,143.7482147216797,190.52980041503906
6.413302898406982,143.6628875732422,190.52999877929688
6.4506144523620605,143.57763671875,190.53021240234375
6.4892683029174805,143.48989868164062,190.53042602539062
6.5476884841918945,143.35836791992188,190.53070068359375
6.58572244644165,143.2734375,190.5308837890625
6.623958110809326,143.18856811523438,190.53102111816406
6.662395477294922,143.10379028320312,190.5311737060547
6.701038360595703,143.01910400390625,190.5312957763672
6.739889144897461,142.93450927734375,190.53140258789062
6.778942584991455,142.8499755859375,190.53150939941406
6.8181986808776855,142.76551818847656,190.53160095214844
6.857657432556152,142.68115234375,190.53167724609375
6.8973188400268555,142.59686279296875,190.53172302246094
6.9371843338012695,142.51263427734375,190.53176879882812
6.977939128875732,142.4270782470703,190.53179931640625
7.018230438232422,142.34303283691406,190.5318145751953
7.05872917175293,142.25906372070312,190.53182983398438
7.099435329437256,142.1751708984375,190.53182983398438
7.1403489112854,142.09136962890625,190.5318145751953
7.1814703941345215,142.00762939453125,190.5318145751953
7.222799777984619,141.9239959716797,190.53179931640625
7.264341831207275,141.84042358398438,190.5317840576172
7.306093215942383,141.75694274902344,190.53175354003906
7.348051071166992,141.67355346679688,190.53172302246094
7.390214920043945,141.59022521972656,190.53170776367188
7.435096263885498,141.5020751953125,190.53167724609375
7.477688312530518,141.41893005371094,190.53164672851562
7.520488739013672,141.3358612060547,190.5316162109375
7.563500881195068,141.2528839111328,190.53158569335938
7.6067304611206055,141.16998291015625,190.5315704345703
7.650168418884277,141.087158203125,190.5315704345703
7.693817138671875,141.0044403076172,190.53155517578125
7.73767614364624,140.92178344726562,190.5315704345703
7.781745910644531,140.83921813964844,190.53158569335938
7.826025485992432,140.75674438476562,190.53158569335938
7.870518207550049,140.67434692382812,190.5316162109375
7.915226936340332,140.59202575683594,190.53163146972656
7.960146903991699,140.50979614257812,190.5316619873047
8.005279541015625,140.42767333984375,190.53167724609375
8.050627708435059,140.34559631347656,190.53172302246094
8.096193313598633,140.26361083984375,190.53176879882812
8.141976356506348,140.1817169189453,190.53179931640625
8.187978744506836,140.0998992919922,190.5318603515625
8.234200477600098,140.01817321777344,190.53192138671875
8.28063678741455,139.9365234375,190.53196716308594
8.32728385925293,139.85494995117188,190.53204345703125
8.374130249023438,139.77345275878906,190.5321044921875
8.421171188354492,139.69203186035156,190.5321807861328
8.487587928771973,139.57769775390625,190.5322723388672
8.53504753112793,139.4964141845703,190.5323486328125
8.582658767700195,139.4151611328125,190.5324249267578
8.630417823791504,139.3339385986328,190.53250122070312
8.678317070007324,139.25277709960938,190.5325927734375
8.739683151245117,139.149169921875,190.53269958496094
8.78790283203125,139.0680694580078,190.53277587890625
8.836261749267578,138.9870147705078,190.5328826904297
8.884763717651367,138.90597534179688,190.532958984375
8.93341064453125,138.82501220703125,190.53305053710938
8.982209205627441,138.7440643310547,190.5331268310547
9.031152725219727,138.66314697265625,190.533203125
9.083481788635254,138.57696533203125,190.5332794189453
9.132722854614258,138.4961395263672,190.53335571289062
9.182108879089355,138.41537475585938,190.5334014892578
9.231635093688965,138.3346405029297,190.533447265625
9.28130054473877,138.2539520263672,190.5334930419922
9.331110000610352,138.1732940673828,190.5335235595703
9.38105583190918,138.09266662597656,190.53353881835938
9.431137084960938,138.0120849609375,190.53353881835938
9.481350898742676,137.93153381347656,190.53353881835938
9.531695365905762,137.85101318359375,190.5335235595703
9.582169532775879,137.77053833007812,190.5335235595703
9.632772445678711,137.69007873535156,190.53347778320312
9.683505058288574,137.6096649169922,190.533447265625
9.734363555908203,137.52928161621094,190.5334014892578
9.785345077514648,137.4489288330078,190.53335571289062
9.836446762084961,137.3686065673828,190.53329467773438
9.887669563293457,137.28829956054688,190.53323364257812
9.939011573791504,137.20802307128906,190.5331573486328
9.990471839904785,137.1277618408203,190.5330810546875
10.04205322265625,137.04754638671875,190.5330047607422
10.093750953674316,136.9673309326172,190.53289794921875
10.14556884765625,136.8871612548828,190.53282165527344
10.197510719299316,136.8070068359375,190.53271484375
10.249581336975098,136.7268829345703,190.53260803222656
10.301785469055176,136.64678955078125,190.53250122070312
10.35412883758545,136.5667266845703,190.53237915039062
10.406609535217285,136.48667907714844,190.5322723388672
10.459288597106934,136.40658569335938,190.5321502685547
10.512044906616211,136.32662963867188,190.53201293945312
10.56493854522705,136.24667358398438,190.5319061279297
10.617969512939453,136.16676330566406,190.5317840576172
10.671136856079102,136.0868682861328,190.53167724609375
10.724442481994629,136.0070037841797,190.5315704345703
10.81203556060791,135.87623596191406,190.5314178466797
10.865693092346191,135.79644775390625,190.53135681152344
10.919483184814453,135.71664428710938,190.53128051757812
10.973406791687012,135.63687133789062,190.5312042236328
11.027464866638184,135.55712890625,190.53114318847656
11.081659317016602,135.4774169921875,190.53109741210938
11.135990142822266,135.39772033691406,190.5310516357422
11.190462112426758,135.31805419921875,190.53102111816406
11.245075225830078,135.2384033203125,190.531005859375
11.299825668334961,135.15878295898438,190.53099060058594
11.354715347290039,135.07920837402344,190.53099060058594
11.409745216369629,134.9996337890625,190.531005859375
11.464916229248047,134.92010498046875,190.53102111816406
11.520225524902344,134.84060668945312,190.5310516357422
11.57568359375,134.76113891601562,190.5310821533203
11.631282806396484,134.6816864013672,190.5311279296875
11.68702507019043,134.60227966308594,190.5311737060547
11.742910385131836,134.5229034423828,190.53123474121094
11.798942565917969,134.44354248046875,190.5312957763672
11.855120658874512,134.36422729492188,190.5313720703125
11.91144847869873,134.28492736816406,190.53146362304688
11.967926979064941,134.20565795898438,190.53155517578125
12.02562141418457,134.12493896484375,190.53167724609375
12.087148666381836,134.03912353515625,190.5318145751953
12.144082069396973,133.95994567871094,190.53195190429688
12.201350212097168,133.88055419921875,190.53208923339844
12.258572578430176,133.80145263671875,190.53224182128906
12.315938949584961,133.72238159179688,190.53240966796875
12.373449325561523,133.64334106445312,190.53257751464844
12.431107521057129,133.5643310546875,190.53274536132812
12.488908767700195,133.4853515625,190.5329132080078
12.546855926513672,133.4064178466797,190.53311157226562
12.604947090148926,133.3275146484375,190.53329467773438
12.665290832519531,133.24578857421875,190.5334930419922
12.723677635192871,133.1669464111328,190.53370666503906
12.782211303710938,133.08816528320312,190.53390502929688
12.840897560119629,133.0093994140625,190.53411865234375
12.899731636047363,132.93069458007812,190.53433227539062
12.95871353149414,132.85202026367188,190.5345458984375
13.017844200134277,132.77337646484375,190.53475952148438
13.079593658447266,132.69151306152344,190.5349884033203
13.13902759552002,132.6129608154297,190.53521728515625
13.198609352111816,132.53443908691406,190.53543090820312
13.258345603942871,132.4559783935547,190.53564453125
13.318232536315918,132.37753295898438,190.53585815429688
13.396186828613281,132.2758026123047,190.53614807128906
13.460311889648438,132.19239807128906,190.536376953125
13.520699501037598,132.11412048339844,190.53659057617188
13.5812406539917,132.03587341308594,190.53680419921875
13.64193058013916,131.95767211914062,190.53701782226562
13.702768325805664,131.8795166015625,190.53721618652344
13.76375675201416,131.80140686035156,190.53741455078125
13.8248929977417,131.72332763671875,190.53761291503906
13.886178970336914,131.6453094482422,190.5377960205078
13.948715209960938,131.56593322753906,190.53799438476562
14.010308265686035,131.48802185058594,190.5381622314453
14.072050094604492,131.41012573242188,190.538330078125
14.133940696716309,131.332275390625,190.53848266601562
14.1959810256958,131.25448608398438,190.5386505126953
14.258170127868652,131.17672729492188,190.53878784179688
14.320508003234863,131.09902954101562,190.5389404296875
14.3829984664917,131.02137756347656,190.5390625
14.445642471313477,130.9437713623047,190.5391845703125
14.510875701904297,130.8632049560547,190.539306640625
14.57382583618164,130.78567504882812,190.53939819335938
14.636924743652344,130.70822143554688,190.53948974609375
14.700174331665039,130.63079833984375,190.53958129882812
14.76357364654541,130.55343627929688,190.53965759277344
14.82712459564209,130.4761199951172,190.5397186279297
14.890832901000977,130.39886474609375,190.53977966308594
14.954690933227539,130.32164001464844,190.53982543945312
15.018698692321777,130.24447631835938,190.53985595703125
15.082858085632324,130.16734313964844,190.53990173339844
15.14716911315918,130.0902862548828,190.5399169921875
15.211631774902344,130.01327514648438,190.5399169921875
15.276251792907715,129.93630981445312,190.5399169921875
15.341026306152344,129.85940551757812,190.5399169921875
15.405952453613281,129.7825469970703,190.5399169921875
15.471031188964844,129.7057647705078,190.5399169921875
15.536260604858398,129.62901306152344,190.53990173339844
15.601641654968262,129.5523223876953,190.53990173339844
15.667171478271484,129.47569274902344,190.53990173339844
15.732855796813965,129.39910888671875,190.53990173339844
15.798691749572754,129.3225860595703,190.53988647460938
15.864679336547852,129.24610900878906,190.53988647460938
15.931078910827637,129.16940307617188,190.5398712158203
15.997368812561035,129.09304809570312,190.53985595703125
16.06381607055664,129.01673889160156,190.53985595703125
16.130414962768555,128.9405059814453,190.5398406982422
16.197175979614258,128.86431884765625,190.5398406982422
16.297334671020508,128.75051879882812,190.5398712158203
16.36448860168457,128.6744842529297,190.53988647460938
16.431800842285156,128.59854125976562,190.5399169921875
16.50519371032715,128.51600646972656,190.5399627685547
16.572837829589844,128.44020080566406,190.54000854492188
16.640636444091797,128.3644561767578,190.54005432128906
16.708600997924805,128.2887725830078,190.5401153564453
16.776729583740234,128.21315002441406,190.54017639160156
16.845014572143555,128.13760375976562,190.54026794433594
16.91345977783203,128.06210327148438,190.54034423828125
16.982065200805664,127.98668670654297,190.54043579101562
17.050825119018555,127.91132354736328,190.54055786132812
17.11974334716797,127.83602905273438,190.54067993164062
17.188819885253906,127.76078796386719,190.54078674316406
17.2580509185791,127.68562316894531,190.54092407226562
17.327434539794922,127.61053466796875,190.54104614257812
17.396974563598633,127.5354995727539,190.5411834716797
17.4666690826416,127.46054077148438,190.54132080078125
17.53652000427246,127.3856430053711,190.5414581298828
17.60652732849121,127.31080627441406,190.5415802001953
17.67670249938965,127.23604583740234,190.54171752929688
17.747037887573242,127.16134643554688,190.5418701171875
17.817535400390625,127.08672332763672,190.54202270507812
17.892972946166992,127.00712585449219,190.5421905517578
17.96380615234375,126.9326400756836,190.5423583984375
18.03480339050293,126.85822296142578,190.54254150390625
18.1059627532959,126.78387451171875,190.542724609375
18.177289962768555,126.7095947265625,190.54290771484375
18.248781204223633,126.63538360595703,190.54312133789062
18.323688507080078,126.5578842163086,190.5433349609375
18.3955135345459,126.48382568359375,190.54354858398438
18.467500686645508,126.40982818603516,190.54376220703125
18.539648056030273,126.33589935302734,190.5439910888672
18.61195945739746,126.26203918457031,190.54421997070312
18.68443489074707,126.1882553100586,190.54444885253906
18.757076263427734,126.11454772949219,190.544677734375
18.829877853393555,126.0408935546875,190.54490661621094
18.90505027770996,125.96509552001953,190.54515075683594
18.978179931640625,125.89159393310547,190.54539489746094
19.051471710205078,125.81816101074219,190.54563903808594
19.124923706054688,125.74479675292969,190.54588317871094
19.198535919189453,125.67149353027344,190.54612731933594
19.27231788635254,125.59827423095703,190.54637145996094
19.34626007080078,125.52511596679688,190.54660034179688
19.420364379882812,125.4520263671875,190.5468292236328
19.53213882446289,125.34220886230469,190.54718017578125
19.606643676757812,125.269287109375,190.5474090576172
19.681310653686523,125.1964340209961,190.54763793945312
19.756145477294922,125.1236572265625,190.5478515625
19.83114242553711,125.05094146728516,190.54806518554688
19.910512924194336,124.97422790527344,190.54827880859375
19.991846084594727,124.89586639404297,190.54849243164062
20.06734848022461,124.82337188720703,190.54869079589844
20.14301300048828,124.75093841552734,190.5488739013672
20.21883773803711,124.67858123779297,190.54905700683594
20.294822692871094,124.60627746582031,190.5492401123047
20.3709716796875,124.53406524658203,190.54940795898438
20.447284698486328,124.46190643310547,190.54954528808594
20.523757934570312,124.38981628417969,190.5496826171875
20.60038948059082,124.31778717041016,190.54981994628906
20.677183151245117,124.24584197998047,190.5499267578125
20.754138946533203,124.17394256591797,190.55001831054688
20.831253051757812,124.10213470458984,190.55010986328125
20.90853500366211,124.03038024902344,190.55020141601562
20.985980987548828,123.95870208740234,190.55026245117188
21.063589096069336,123.88709259033203,190.5503387451172
21.141359329223633,123.81555938720703,190.5504150390625
21.219398498535156,123.74398803710938,190.55047607421875
21.2974910736084,123.6725845336914,190.55052185058594
21.37574577331543,123.60124969482422,190.5505828857422
21.454166412353516,123.52999114990234,190.55064392089844
21.53275489807129,123.45881652832031,190.55068969726562
21.611509323120117,123.38771057128906,190.55072021484375
21.6904296875,123.31668090820312,190.55078125
21.769519805908203,123.24573516845703,190.5508270263672
21.848779678344727,123.17486572265625,190.5509033203125
21.928207397460938,123.10407257080078,190.5509796142578
22.007810592651367,123.03337097167969,190.5510711669922
22.087583541870117,122.96275329589844,190.55116271972656
22.168132781982422,122.89167785644531,190.55125427246094
22.248241424560547,122.82122039794922,190.55136108398438
22.328519821166992,122.75084686279297,190.55145263671875
22.408966064453125,122.68054962158203,190.55157470703125
22.489587783813477,122.61033630371094,190.55166625976562
22.570384979248047,122.54019927978516,190.55177307128906
22.651357650756836,122.47014617919922,190.55191040039062
22.73249626159668,122.40017700195312,190.55201721191406
22.813796997070312,122.33026885986328,190.55213928222656
22.895252227783203,122.26042938232422,190.55226135253906
22.976858139038086,122.19064331054688,190.55239868164062
23.088743209838867,122.09527587890625,190.5525665283203
23.17070198059082,122.02562713623047,190.55270385742188
23.2528133392334,121.9560317993164,190.55282592773438
23.33839225769043,121.88369750976562,190.55296325683594
23.420818328857422,121.81421661376953,190.55308532714844
23.50340461730957,121.74480438232422,190.55320739746094
23.586151123046875,121.67545318603516,190.5533447265625
23.669057846069336,121.60616302490234,190.55348205566406
23.762601852416992,121.52821350097656,190.55364990234375
23.84584617614746,121.45905303955078,190.55380249023438
23.929248809814453,121.38996887207031,190.553955078125
24.01280975341797,121.3209457397461,190.5541229248047
24.09653091430664,121.25198364257812,190.55429077148438
24.180408477783203,121.1830825805664,190.55445861816406
24.264448165893555,121.1142578125,190.55462646484375
24.34864616394043,121.04549407958984,190.55479431152344
24.433000564575195,120.97679138183594,190.5549774169922
24.51750946044922,120.90814971923828,190.55516052246094
24.602176666259766,120.8395767211914,190.5553436279297
24.686996459960938,120.77106475830078,190.55552673339844
24.772258758544922,120.702392578125,190.55572509765625
24.857397079467773,120.6340103149414,190.55592346191406
24.942686080932617,120.56568145751953,190.5561065673828
25.02812957763672,120.49742126464844,190.55630493164062
25.119083404541016,120.4249496459961,190.55650329589844
25.206485748291016,120.35549926757812,190.55670166015625
25.29239845275879,120.28741455078125,190.55690002441406
25.378463745117188,120.21939086914062,190.55709838867188
25.464683532714844,120.15142059326172,190.5572967529297
25.55678939819336,120.07901000976562,190.55747985839844
25.643321990966797,120.01116180419922,190.55767822265625
25.730005264282227,119.94336700439453,190.557861328125
25.822500228881836,119.87120819091797,190.5580596923828
25.90949058532715,119.80353546142578,190.55825805664062
25.996627807617188,119.73590850830078,190.55844116210938
26.083911895751953,119.6683349609375,190.55862426757812
26.171344757080078,119.60081481933594,190.55880737304688
26.258928298950195,119.53335571289062,190.55897521972656
26.346660614013672,119.46593475341797,190.55914306640625
26.434539794921875,119.3985824584961,190.55931091308594
26.522565841674805,119.3312759399414,190.5594940185547
26.61331558227539,119.2620620727539,190.5596466064453
26.70163345336914,119.19485473632812,190.55979919433594
26.790096282958984,119.1277084350586,190.55995178222656
26.878711700439453,119.06060028076172,190.56008911132812
27.004926681518555,118.96529388427734,190.5602569580078
27.093881607055664,118.89830017089844,190.56036376953125
27.182979583740234,118.83135223388672,190.56045532226562
27.272220611572266,118.76445770263672,190.56051635742188
27.361604690551758,118.6976089477539,190.56057739257812
27.451133728027344,118.63080596923828,190.5606231689453
27.540803909301758,118.56405639648438,190.5606689453125
27.630615234375,118.49734497070312,190.56068420410156
27.720569610595703,118.4306869506836,190.5607147216797
27.81066131591797,118.36406707763672,190.5607452392578
27.900896072387695,118.2975082397461,190.56077575683594
27.991273880004883,118.23098754882812,190.56080627441406
28.082260131835938,118.1641845703125,190.56085205078125
28.17291831970215,118.09777069091797,190.56088256835938
28.263715744018555,118.0313949584961,190.56092834472656
28.354656219482422,117.965087890625,190.5609893798828
28.445737838745117,117.8988265991211,190.56106567382812
28.536964416503906,117.83263397216797,190.56117248535156
28.62833595275879,117.76649475097656,190.561279296875
28.719844818115234,117.7004165649414,190.56141662597656
28.81148910522461,117.63438415527344,190.5615692138672
28.90327262878418,117.56842041015625,190.56173706054688
28.99519157409668,117.50251770019531,190.5619354248047
29.087249755859375,117.4366683959961,190.56211853027344
29.179447174072266,117.37088012695312,190.5623321533203
29.271787643432617,117.30514526367188,190.5625457763672
29.364273071289062,117.23946380615234,190.56277465820312
29.456899642944336,117.17383575439453,190.5630340576172
29.549673080444336,117.10826873779297,190.56329345703125
29.650545120239258,117.03715515136719,190.5635986328125
29.74361801147461,116.9717025756836,190.56387329101562
29.836828231811523,116.90631103515625,190.56417846679688
29.93018341064453,116.8409652709961,190.5644989013672
30.023679733276367,116.77568054199219,190.5648193359375
30.11731719970703,116.71046447753906,190.56515502929688
30.211101531982422,116.64529418945312,190.56549072265625
30.310440063476562,116.57644653320312,190.56588745117188
30.40452766418457,116.51140594482422,190.5662841796875
30.49876594543457,116.44641876220703,190.5666961669922
30.593151092529297,116.38150787353516,190.56712341308594
30.68769073486328,116.31665802001953,190.5675811767578
30.782377243041992,116.25186920166016,190.5680694580078
30.877212524414062,116.1871566772461,190.56857299804688
30.973459243774414,116.12164306640625,190.569091796875
31.070005416870117,116.05609130859375,190.5696563720703
31.2091007232666,115.96196746826172,190.57049560546875
31.304597854614258,115.8975601196289,190.5710906982422
31.400239944458008,115.8332290649414,190.5717010498047
31.50131607055664,115.76541900634766,190.57237243652344
31.598648071289062,115.7002944946289,190.5730438232422
31.694734573364258,115.63617706298828,190.57371520996094
31.79096221923828,115.57212829589844,190.57440185546875
31.88733673095703,115.50814819335938,190.57510375976562
31.983854293823242,115.4442367553711,190.57582092285156
32.08051681518555,115.38040161132812,190.57655334472656
32.17732620239258,115.3166275024414,190.57728576660156
32.274269104003906,115.2529296875,190.57803344726562
32.371498107910156,115.18920135498047,190.5787811279297
32.46872329711914,115.12564086914062,190.5795440673828
32.56608963012695,115.06214141845703,190.58029174804688
32.663597106933594,114.99871063232422,190.58108520507812
32.76124572753906,114.93535614013672,190.58184814453125
32.85903549194336,114.87206268310547,190.58262634277344
32.95695114135742,114.80882263183594,190.58340454101562
33.054996490478516,114.74563598632812,190.5841827392578
33.153160095214844,114.68247985839844,190.5849609375
33.251441955566406,114.6193618774414,190.5857391357422
33.35662841796875,114.55191802978516,190.58657836914062
33.45515060424805,114.48884582519531,190.58734130859375
33.55378341674805,114.42579650878906,190.58811950683594
33.652530670166016,114.36278533935547,190.58888244628906
33.75138854980469,114.2997817993164,190.58963012695312
33.85035705566406,114.23680877685547,190.59039306640625
33.949440002441406,114.17385864257812,190.59112548828125
34.0517463684082,114.10896301269531,190.5918731689453
34.151065826416016,114.04606628417969,190.5926055908203
34.25049591064453,113.98318481445312,190.5933074951172
34.35004425048828,113.92034149169922,190.59400939941406
34.44969940185547,113.8575210571289,190.59469604492188
34.54947280883789,113.79471588134766,190.59536743164062
34.649356842041016,113.73194122314453,190.59603881835938
34.749351501464844,113.66918182373047,190.59669494628906
34.84946060180664,113.6064453125,190.59732055664062
34.949684143066406,113.54373168945312,190.59796142578125
35.050018310546875,113.48104095458984,190.59857177734375
35.15045928955078,113.4183578491211,190.5991668701172
35.25101089477539,113.35570526123047,190.5997772216797
35.3516731262207,113.29306030273438,190.600341796875
35.45243835449219,113.23042297363281,190.60089111328125
35.55331802368164,113.16779327392578,190.6014404296875
35.69035720825195,113.08285522460938,190.60215759277344
35.7931022644043,113.01927185058594,190.60269165039062
35.89434051513672,112.9566879272461,190.6031951904297
35.995689392089844,112.89411926269531,190.60369873046875
36.097145080566406,112.83155059814453,190.6042022705078
36.19871139526367,112.76898956298828,190.6046600341797
36.300376892089844,112.70643615722656,190.6051025390625
36.40614700317383,112.64144134521484,190.60556030273438
36.50802993774414,112.57889556884766,190.60595703125
36.61001968383789,112.51636505126953,190.60633850097656
36.71211624145508,112.45382690429688,190.606689453125
36.820369720458984,112.38760375976562,190.60704040527344
36.92268371582031,112.3250732421875,190.60733032226562
37.02510452270508,112.26255798339844,190.6076202392578
37.127628326416016,112.20004272460938,190.6078643798828
37.23611831665039,112.13394927978516,190.60812377929688
37.338897705078125,112.07141876220703,190.60833740234375
37.44174575805664,112.0089111328125,190.60853576660156
37.54469299316406,111.94640350341797,190.6087188720703
37.64774703979492,111.8838882446289,190.60888671875
37.75090408325195,111.82138061523438,190.60903930664062
37.854164123535156,111.75886535644531,190.60919189453125
37.95752716064453,111.69635009765625,190.6093292236328
38.06374740600586,111.63216400146484,190.60946655273438
38.16731262207031,111.56965637207031,190.6095733642578
38.270973205566406,111.50714874267578,190.6096649169922
38.374732971191406,111.44464111328125,190.60975646972656
38.47953796386719,111.3815689086914,190.60980224609375
38.58350372314453,111.31908416748047,190.60984802246094
38.68757629394531,111.25659942626953,190.60986328125
38.791748046875,111.19412994384766,190.60986328125
38.89603042602539,111.13166046142578,190.60984802246094
39.004432678222656,111.06681060791016,190.6098175048828
39.10894012451172,111.0043716430664,190.60975646972656
39.213558197021484,110.94193267822266,190.60971069335938
39.31828308105469,110.87950897216797,190.609619140625
39.423118591308594,110.81708526611328,190.60952758789062
39.5280647277832,110.75466918945312,190.60943603515625
39.633121490478516,110.69225311279297,190.60931396484375
39.738285064697266,110.62985229492188,190.60919189453125
39.843563079833984,110.56745147705078,190.6090545654297
39.94895553588867,110.50506591796875,190.60891723632812
40.05941390991211,110.43973541259766,190.60873413085938
40.16503143310547,110.37735748291016,190.6085662841797
40.27075958251953,110.31498718261719,190.60838317871094
40.42680358886719,110.22306060791016,190.6081085205078
40.53281021118164,110.16070556640625,190.60792541503906
40.63892364501953,110.09835052490234,190.6077117919922
40.751365661621094,110.0323715209961,190.60748291015625
40.85771560668945,109.97004699707031,190.60726928710938
40.96417999267578,109.90773010253906,190.6070556640625
41.07075500488281,109.8454360961914,190.6068572998047
41.17744445800781,109.78314208984375,190.60665893554688
41.284244537353516,109.72087097167969,190.60646057128906
41.39116287231445,109.65860748291016,190.6062774658203
41.49834060668945,109.59627532958984,190.60609436035156
41.60548400878906,109.53404998779297,190.60592651367188
41.71274185180664,109.47183990478516,190.6057586669922
41.82011413574219,109.40963745117188,190.60560607910156
41.92759323120117,109.34745788574219,190.60546875
42.035186767578125,109.28528594970703,190.60531616210938
42.14289855957031,109.22314453125,190.60519409179688
42.25071716308594,109.1610107421875,190.6050567626953
42.35865020751953,109.0988998413086,190.60491943359375
42.46669387817383,109.03680419921875,190.60479736328125
42.574851989746094,108.97472381591797,190.60467529296875
42.68312072753906,108.91266632080078,190.6045684814453
42.791507720947266,108.85062408447266,190.6044464111328
42.90000915527344,108.7885971069336,190.60433959960938
43.00863265991211,108.72660064697266,190.604248046875
43.12427520751953,108.66068267822266,190.60415649414062
43.23313522338867,108.59871673583984,190.6040802001953
43.343788146972656,108.53582000732422,190.60400390625
43.452877044677734,108.4738998413086,190.60394287109375
43.56208038330078,108.41200256347656,190.60389709472656
43.67147445678711,108.35009002685547,190.60386657714844
43.78091049194336,108.28823852539062,190.6038360595703
43.89046096801758,108.22640991210938,190.60382080078125
44.00783920288086,108.16024780273438,190.60382080078125
44.117618560791016,108.09847259521484,190.6038360595703
44.227516174316406,108.03671264648438,190.60385131835938
44.33751678466797,107.97498321533203,190.60385131835938
44.447628021240234,107.91327667236328,190.6038818359375
44.557857513427734,107.85159301757812,190.60391235351562
44.66819763183594,107.78993225097656,190.60394287109375
44.77864456176758,107.7282943725586,190.60397338867188
44.88920974731445,107.66668701171875,190.60401916503906
45.00407028198242,107.60277557373047,190.6040802001953
45.1148567199707,107.54121398925781,190.60411071777344
45.22574996948242,107.47968292236328,190.6041717529297
45.39173126220703,107.38774108886719,190.60426330566406
45.502906799316406,107.32627868652344,190.60430908203125
45.622344970703125,107.26033782958984,190.60438537597656
45.73374557495117,107.19892120361328,190.60446166992188
45.84525680541992,107.1375503540039,190.60452270507812
45.956878662109375,107.07618713378906,190.60459899902344
46.06861114501953,107.01486206054688,190.60467529296875
46.180450439453125,106.95355987548828,190.60470581054688
46.292396545410156,106.89227294921875,190.60470581054688
46.40445327758789,106.83100891113281,190.6046905517578
46.51660919189453,106.769775390625,190.60462951660156
46.62887954711914,106.70855712890625,190.6045379638672
46.74125671386719,106.64737701416016,190.60440063476562
46.85424041748047,106.58595275878906,190.604248046875
46.966835021972656,106.52482604980469,190.60406494140625
47.07954025268555,106.46373748779297,190.60385131835938
47.19235610961914,106.40267181396484,190.6036376953125
47.305274963378906,106.34164428710938,190.60337829589844
47.424285888671875,106.27741241455078,190.60308837890625
47.537418365478516,106.21644592285156,190.60276794433594
47.650665283203125,106.15550994873047,190.60244750976562
47.76401901245117,106.0946044921875,190.60208129882812
47.877479553222656,106.03374481201172,190.60169982910156
47.99103927612305,105.97293090820312,190.60130310058594
48.104698181152344,105.91216278076172,190.60086059570312
48.21845626831055,105.85144805908203,190.60037231445312
48.33230972290039,105.79080963134766,190.599853515625
48.446266174316406,105.73021697998047,190.59930419921875
48.560333251953125,105.66970825195312,190.59869384765625
48.67451095581055,105.60926055908203,190.59803771972656
48.78879165649414,105.54888153076172,190.5973663330078
48.90318298339844,105.48857879638672,190.5966796875
49.01768112182617,105.42835235595703,190.59593200683594
49.132293701171875,105.36820220947266,190.59518432617188
49.24700927734375,105.3081283569336,190.59442138671875
49.36183166503906,105.2481460571289,190.59364318847656
49.47676086425781,105.18824005126953,190.5928497314453
49.5917854309082,105.12841033935547,190.592041015625
49.706912994384766,105.06866455078125,190.59124755859375
49.82213592529297,105.0090103149414,190.5904083251953
49.937461853027344,104.94942474365234,190.58958435058594
50.052886962890625,104.88993072509766,190.5887451171875
50.16841506958008,104.83052062988281,190.587890625
50.28404235839844,104.77120971679688,190.5870361328125
50.39977264404297,104.71199035644531,190.58616638183594
50.56877517700195,104.62579345703125,190.5849151611328
50.68476867675781,104.56681823730469,190.58404541015625
50.80086898803711,104.50797271728516,190.58319091796875
50.917076110839844,104.44922637939453,190.5823516845703
51.03339385986328,104.3906021118164,190.58155822753906
51.149818420410156,104.33208465576172,190.58078002929688
51.270416259765625,104.27165222167969,190.5800323486328
51.38706588745117,104.2133560180664,190.579345703125
51.503822326660156,104.1551742553711,190.57870483398438
51.62069320678711,104.09710693359375,190.57809448242188
51.7376708984375,104.0391616821289,190.5775604248047
51.85475540161133,103.9813232421875,190.57705688476562
51.976871490478516,103.92119598388672,190.5765838623047
52.09417724609375,103.86360931396484,190.57620239257812
52.211585998535156,103.80614471435547,190.5758514404297
52.329105377197266,103.7488021850586,190.57554626464844
52.44672393798828,103.69158172607422,190.57530212402344
52.57036590576172,103.63162994384766,190.57510375976562
52.68821716308594,103.57467651367188,190.574951171875
52.806190490722656,103.51786041259766,190.57485961914062
52.924285888671875,103.46117401123047,190.57484436035156
53.04286575317383,103.40444946289062,190.5749053955078
53.16119384765625,103.34803009033203,190.5750274658203
53.27963638305664,103.29174041748047,190.57522583007812
53.398193359375,103.235595703125,190.57550048828125
53.5168571472168,103.1795883178711,190.57583618164062
53.63562774658203,103.12371826171875,190.57623291015625
53.763343811035156,103.06385040283203,190.5767364501953
53.8823356628418,103.0082778930664,190.57725524902344
54.0105094909668,102.9486312866211,190.577880859375
54.129730224609375,102.89334869384766,190.5785369873047
54.24905776977539,102.83820343017578,190.57925415039062
54.36848831176758,102.783203125,190.5800018310547
54.48802185058594,102.72836303710938,190.58082580566406
54.607662200927734,102.67366027832031,190.58169555664062
54.72740173339844,102.61910247802734,190.58261108398438
54.84724044799805,102.5646743774414,190.58358764648438
54.97124481201172,102.50857543945312,190.58465576171875
55.091285705566406,102.4544448852539,190.58572387695312
55.21142578125,102.40045166015625,190.58682250976562
55.331661224365234,102.34660339355469,190.5879669189453
55.45199203491211,102.29289245605469,190.58914184570312
55.572410583496094,102.23931121826172,190.59033203125
55.69292449951172,102.18587493896484,190.591552734375
55.81353759765625,102.13257598876953,190.59275817871094
55.9775505065918,102.06037139892578,190.5944366455078
56.09864807128906,102.00727081298828,190.595703125
56.219573974609375,101.95441436767578,190.59695434570312
56.3405876159668,101.90169525146484,190.59820556640625
56.461692810058594,101.84908294677734,190.59945678710938
56.582889556884766,101.79660034179688,190.60069274902344
56.704185485839844,101.74423217773438,190.60194396972656
56.8255729675293,101.6919937133789,190.6031494140625
56.94704818725586,101.6398696899414,190.6043701171875
57.06861114501953,101.5878677368164,190.60557556152344
57.190269470214844,101.5359878540039,190.60675048828125
57.31201171875,101.4842300415039,190.60792541503906
57.433841705322266,101.43258666992188,190.6090850830078
57.565406799316406,101.37699127197266,190.6103057861328
57.697513580322266,101.32137298583984,190.6115264892578
57.81962585449219,101.2701187133789,190.6126251220703
57.941829681396484,101.21900177001953,190.61370849609375
58.06412124633789,101.16800689697266,190.61476135253906
58.186500549316406,101.11714172363281,190.61578369140625
58.3089714050293,101.06639862060547,190.61679077148438
58.43152618408203,101.01580047607422,190.6177520751953
58.554168701171875,100.96532440185547,190.61868286132812
58.67689895629883,100.91498565673828,190.61959838867188
58.80144119262695,100.86407470703125,190.6204833984375
58.924346923828125,100.81400299072266,190.62132263183594
59.04734802246094,100.76407623291016,190.62213134765625
59.170433044433594,100.71428680419922,190.62294006347656
59.293609619140625,100.66462707519531,190.62368774414062
59.41687774658203,100.61512756347656,190.6244354248047
59.54024124145508,100.56575775146484,190.6251678466797
59.663692474365234,100.51654815673828,190.62588500976562
59.79026412963867,100.46626281738281,190.6265869140625
59.91389846801758,100.41735076904297,190.62725830078125
60.037620544433594,100.36856842041016,190.6279296875
60.16143035888672,100.31993865966797,190.62855529785156
60.28532791137695,100.27146911621094,190.62918090820312
60.40932083129883,100.22315979003906,190.62979125976562
60.53340148925781,100.17499542236328,190.63037109375
60.65757369995117,100.1269760131836,190.63095092773438
60.781829833984375,100.07910919189453,190.63150024414062
60.908206939697266,100.03060913085938,190.6320037841797
61.03264617919922,99.98303985595703,190.6324920654297
61.15717315673828,99.93563079833984,190.6329345703125
61.28179931640625,99.88836669921875,190.63336181640625
61.406517028808594,99.84127044677734,190.63377380371094
61.59160232543945,99.77173614501953,190.63436889648438
61.716552734375,99.72503662109375,190.63475036621094
61.84977722167969,99.67546844482422,190.63516235351562
61.97492218017578,99.62911224365234,190.63552856445312
62.10016632080078,99.58292388916016,190.63589477539062
62.22550964355469,99.53691101074219,190.63624572753906
62.353546142578125,99.4901123046875,190.63662719726562
62.48356628417969,99.44281768798828,190.6370086669922
62.60920715332031,99.39730834960938,190.63735961914062
62.73493957519531,99.35195922851562,190.63771057128906
62.86076354980469,99.30675506591797,190.6380157470703
62.98667907714844,99.26170349121094,190.63829040527344
63.1126823425293,99.21680450439453,190.6385040283203
63.2387580871582,99.17207336425781,190.638671875
63.36489486694336,99.12753295898438,190.63880920410156
63.49107360839844,99.08317565917969,190.63893127441406
63.61961364746094,99.03821563720703,190.6390380859375
63.745887756347656,98.9942398071289,190.63912963867188
63.87220001220703,98.9504623413086,190.63919067382812
63.99855422973633,98.90686798095703,190.63922119140625
64.12496185302734,98.86346435546875,190.63922119140625
64.25141143798828,98.82024383544922,190.6392059326172
64.3779067993164,98.77720642089844,190.63912963867188
64.50444030761719,98.73436737060547,190.63905334472656
64.63101959228516,98.69171142578125,190.6389617919922
64.76012420654297,98.6484146118164,190.63882446289062
64.88679504394531,98.60615539550781,190.638671875
65.01350402832031,98.56407165527344,190.6384735107422
65.14025115966797,98.52218627929688,190.6382598876953
65.26703643798828,98.4804916381836,190.63800048828125
65.39386749267578,98.43899536132812,190.63771057128906
65.52074432373047,98.39772033691406,190.63739013671875
65.64765930175781,98.35665130615234,190.63706970214844
65.7746353149414,98.3157958984375,190.63674926757812
65.90164184570312,98.27515411376953,190.63644409179688
66.02870178222656,98.23470306396484,190.63612365722656
66.15579223632812,98.19444274902344,190.6358184814453
66.28292083740234,98.1543960571289,190.63548278808594
66.41007995605469,98.11453247070312,190.63514709472656
66.53728485107422,98.07486724853516,190.63478088378906
66.66453552246094,98.03541564941406,190.63438415527344
66.79181671142578,97.99616241455078,190.63397216796875
66.91913604736328,97.95710754394531,190.63356018066406
67.04650115966797,97.91825866699219,190.63311767578125
67.17390441894531,97.8796157836914,190.63267517089844
67.33482360839844,97.83111572265625,190.63211059570312
67.46379089355469,97.79248809814453,190.6316680908203
67.59577178955078,97.75318145751953,190.63121032714844
67.72333526611328,97.71540069580078,190.63079833984375
67.85094451904297,97.67781829833984,190.63038635253906
67.97858428955078,97.64045715332031,190.6300048828125
68.10626983642578,97.6032943725586,190.62962341308594
68.24152374267578,97.56416320800781,190.6292724609375
68.36929321289062,97.52742767333984,190.62896728515625
68.49707794189453,97.49089050292969,190.62867736816406
68.62490844726562,97.45455932617188,190.62840270996094
68.75276947021484,97.41842651367188,190.62815856933594
68.88066864013672,97.38250732421875,190.62791442871094
69.00860595703125,97.34679412841797,190.62770080566406
69.13666534423828,97.31124114990234,190.6275177001953
69.2649154663086,97.27584075927734,190.6273651123047
69.39334106445312,97.24058532714844,190.6272430419922
69.52191925048828,97.20549011230469,190.6271209716797
69.650634765625,97.17058563232422,190.62704467773438
69.77945709228516,97.13587188720703,190.62698364257812
69.90835571289062,97.10137176513672,190.626953125
70.0375747680664,97.06700897216797,190.626953125
70.16659545898438,97.03292083740234,190.62696838378906
70.29568481445312,96.99903869628906,190.6269989013672
70.42485046386719,96.96533966064453,190.62705993652344
70.5541000366211,96.93184661865234,190.62713623046875
70.68344116210938,96.8985366821289,190.6272430419922
70.81288146972656,96.86543273925781,190.62734985351562
70.94241333007812,96.83250427246094,190.6274871826172
71.07203674316406,96.79976654052734,190.62765502929688
71.2048110961914,96.7664566040039,190.62782287597656
71.33462524414062,96.73408508300781,190.62802124023438
71.46454620361328,96.70188903808594,190.6282196044922
71.59455108642578,96.66987609863281,190.62844848632812
71.72464752197266,96.63804626464844,190.62869262695312
71.8548355102539,96.60637664794922,190.62893676757812
71.98511505126953,96.57489013671875,190.6291961669922
72.11548614501953,96.54357147216797,190.62945556640625
72.2459487915039,96.51243591308594,190.62974548339844
72.37650299072266,96.4814682006836,190.63003540039062
72.50714874267578,96.45067596435547,190.63034057617188
72.63789367675781,96.4200668334961,190.6306610107422
72.76871490478516,96.38961029052734,190.6309814453125
72.8996353149414,96.35933685302734,190.63131713867188
73.03064727783203,96.3292236328125,190.6316680908203
73.2270278930664,96.28443908691406,190.63221740722656
73.35826110839844,96.25474548339844,190.63258361816406
73.48957824707031,96.22521209716797,190.6329803466797
73.6248550415039,96.19498443603516,190.63339233398438
73.75634765625,96.16577911376953,190.63380432128906
73.88793182373047,96.13673400878906,190.6342010498047
74.01959228515625,96.10784149169922,190.63462829589844
74.1513442993164,96.0791015625,190.6350555419922
74.2831802368164,96.05052185058594,190.63546752929688
74.41510772705078,96.0220947265625,190.63589477539062
74.547119140625,95.99382781982422,190.63633728027344
74.6792221069336,95.96570587158203,190.6367645263672
74.8114013671875,95.93773651123047,190.63722229003906
74.94367218017578,95.90992736816406,190.63766479492188
75.0760269165039,95.88226318359375,190.6381378173828
75.21302795410156,95.85380554199219,190.63861083984375
75.34555053710938,95.82644653320312,190.63906860351562
75.47816467285156,95.79920196533203,190.63955688476562
75.61084747314453,95.77207946777344,190.6400146484375
75.74362182617188,95.74504852294922,190.6405029296875
75.87646484375,95.71812438964844,190.6409912109375
76.0093765258789,95.69129180908203,190.64146423339844
76.14237976074219,95.66455841064453,190.64195251464844
76.27545928955078,95.6379165649414,190.64244079589844
76.41116333007812,95.61085510253906,190.64295959472656
76.54438781738281,95.58439636230469,190.6434326171875
76.67770385742188,95.55802154541016,190.6439208984375
76.81108856201172,95.53174591064453,190.64437866210938
76.94454956054688,95.50556182861328,190.6448516845703
77.07808685302734,95.47946166992188,190.64532470703125
77.21170806884766,95.45345306396484,190.6457977294922
77.34541320800781,95.42753601074219,190.646240234375
77.47918701171875,95.40168762207031,190.64671325683594
77.61675262451172,95.37522888183594,190.64718627929688
77.75475311279297,95.34877014160156,190.64767456054688
77.88876342773438,95.32318115234375,190.64813232421875
78.02283477783203,95.29767608642578,190.64859008789062
78.156982421875,95.27224731445312,190.64906311035156
78.29120635986328,95.24687957763672,190.64952087402344
78.42850494384766,95.22103118896484,190.65000915527344
78.56288146972656,95.1958236694336,190.6504669189453
78.70756530761719,95.16876220703125,190.65097045898438
78.84208679199219,95.1436996459961,190.65142822265625
78.97667694091797,95.11869049072266,190.65188598632812
79.11134338378906,95.09375,190.65232849121094
79.30718231201172,95.05760955810547,190.65298461914062
79.44203186035156,95.0328140258789,190.65342712402344
79.57695007324219,95.00808715820312,190.6538848876953
79.7119369506836,94.9833984375,190.65432739257812
79.84700775146484,94.95877838134766,190.65478515625
79.98214721679688,94.9342041015625,190.6552276611328
80.11735534667969,94.90968322753906,190.65570068359375
80.25263214111328,94.88520812988281,190.65615844726562
80.38799285888672,94.86079406738281,190.6566162109375
80.5234146118164,94.83641815185547,190.6571044921875
80.65890502929688,94.81208038330078,190.65756225585938
80.7944564819336,94.78780364990234,190.6580352783203
80.93009185791016,94.76356506347656,190.6585235595703
81.0657958984375,94.73936462402344,190.65899658203125
81.20156860351562,94.7152099609375,190.6595001220703
81.33740997314453,94.69108581542969,190.6599884033203
81.47332000732422,94.6670150756836,190.66049194335938
81.60929107666016,94.6429672241211,190.66099548339844
81.74730682373047,94.61860656738281,190.66151428222656
81.8834228515625,94.5946273803711,190.66201782226562
82.01960754394531,94.57067108154297,190.6625518798828
82.1558609008789,94.54674530029297,190.66307067871094
82.29217529296875,94.5228500366211,190.66360473632812
82.42855072021484,94.49897003173828,190.6641387939453
82.56501007080078,94.4751205444336,190.6646728515625
82.7015151977539,94.45128631591797,190.6652069091797
82.83810424804688,94.42747497558594,190.66575622558594
82.9747543334961,94.4036865234375,190.6663055419922
83.11146545410156,94.37992095947266,190.66685485839844
83.2490234375,94.35603332519531,190.66741943359375
83.3858642578125,94.33230590820312,190.66796875
83.52277374267578,94.30859375,190.6685333251953
83.65975952148438,94.2848892211914,190.66909790039062
83.79680633544922,94.2612075805664,190.66966247558594
83.9533920288086,94.23417663574219,190.67030334472656
84.09056854248047,94.21051788330078,190.67088317871094
84.22782135009766,94.18688201904297,190.67144775390625
84.3651351928711,94.16324615478516,190.67202758789062
84.50251007080078,94.1396255493164,190.672607421875
84.63995361328125,94.11601257324219,190.67318725585938
84.77745056152344,94.09241485595703,190.67376708984375
84.91989135742188,94.0679931640625,190.6743621826172
85.05753326416016,94.04440307617188,190.67495727539062
85.19522857666016,94.02082824707031,190.675537109375
85.33299255371094,93.99725341796875,190.67611694335938
85.52886962890625,93.9637680053711,190.6769561767578
85.66679382324219,93.94021606445312,190.6775360107422
85.80477905273438,93.91665649414062,190.67811584472656
85.94282531738281,93.89310455322266,190.6787109375
86.0809326171875,93.86955261230469,190.67930603027344
86.2191162109375,93.84600067138672,190.67990112304688
86.35735321044922,93.82246398925781,190.6804962158203
86.49565124511719,93.79891967773438,190.6811065673828
86.63654327392578,93.77494812011719,190.68170166015625
86.77527618408203,93.75135803222656,190.6822967529297
86.91377258300781,93.72782135009766,190.6829071044922
87.06128692626953,93.7027587890625,190.68356323242188
87.19992065429688,93.6792221069336,190.6841583251953
87.33861541748047,93.65568542480469,190.6847686767578
87.47736358642578,93.63214874267578,190.6853790283203
87.6161880493164,93.60860443115234,190.68600463867188
87.75507354736328,93.58506774902344,190.68661499023438
87.89403533935547,93.5615234375,190.68722534179688
88.0384750366211,93.53705596923828,190.6878662109375
88.17756652832031,93.51351928710938,190.68849182128906
88.31671142578125,93.4899673461914,190.6891326904297
88.4559326171875,93.46642303466797,190.6897430419922
88.59522247314453,93.44287109375,190.6903839111328
88.73456573486328,93.41932678222656,190.69102478027344
88.87398529052734,93.3957748413086,190.691650390625
89.01346588134766,93.37222290039062,190.69229125976562
89.15302276611328,93.34867858886719,190.6929473876953
89.29263305664062,93.32512664794922,190.69358825683594
89.43610382080078,93.30093383789062,190.6942596435547
89.57585906982422,93.27738189697266,190.69491577148438
89.71566772460938,93.25382995605469,190.69557189941406
89.85554504394531,93.23027038574219,190.6962432861328
89.99549865722656,93.20671844482422,190.6968994140625
90.14395141601562,93.18174743652344,190.69760131835938
90.2840347290039,93.15819549560547,190.69827270507812
90.42418670654297,93.1346435546875,190.69894409179688
90.56439971923828,93.11109924316406,190.69961547851562
90.70467376708984,93.08756256103516,190.70028686523438
90.84502410888672,93.06402587890625,190.70095825195312
90.98544311523438,93.0405044555664,190.70164489746094
91.12593078613281,93.01697540283203,190.7023162841797
91.2664794921875,92.99346160888672,190.7030029296875
91.40708923339844,92.9699478149414,190.7036895751953
91.55183410644531,92.94576263427734,190.7043914794922
91.69258117675781,92.9222640991211,190.705078125
91.88868713378906,92.88954162597656,190.70602416992188
92.02958679199219,92.8660659790039,190.7067108154297
92.17437744140625,92.84194946289062,190.70741271972656
92.31541442871094,92.81847381591797,190.70809936523438
92.45734405517578,92.79487609863281,190.7087860107422
92.60728454589844,92.76995086669922,190.7095184326172
92.74852752685547,92.74650573730469,190.71022033691406
92.88983917236328,92.72306060791016,190.7108917236328
93.03121948242188,92.69962310791016,190.7115936279297
93.17266082763672,92.67619323730469,190.7122802734375
93.31417083740234,92.65277099609375,190.71298217773438
93.45574951171875,92.62935638427734,190.71365356445312
93.5973892211914,92.60594940185547,190.71434020996094
93.74462890625,92.58164978027344,190.71505737304688
93.88640594482422,92.55825805664062,190.7157440185547
94.02825164794922,92.53488159179688,190.71644592285156
94.170166015625,92.51150512695312,190.7171173095703
94.31214904785156,92.48815155029297,190.7178192138672
94.46361541748047,92.4632568359375,190.71853637695312
94.60572814941406,92.4399185180664,190.71922302246094
94.74791717529297,92.41658782958984,190.71990966796875
94.89016723632812,92.39327239990234,190.7205810546875
95.0324935913086,92.36996459960938,190.7212677001953
95.17487335205078,92.34667205810547,190.72195434570312
95.31732177734375,92.32339477539062,190.72264099121094
95.45984649658203,92.30011749267578,190.7233123779297
95.60242462158203,92.27685546875,190.7239990234375
95.75439453125,92.25210571289062,190.7247314453125
95.8971176147461,92.22886657714844,190.72540283203125
96.05070495605469,92.20388793945312,190.72613525390625
96.19357299804688,92.18067932128906,190.72682189941406
96.33650207519531,92.15748596191406,190.7274932861328
96.47949981689453,92.13430786132812,190.72817993164062
96.62257385253906,92.11114501953125,190.72885131835938
96.76595306396484,92.08796691894531,190.7295379638672
96.90916442871094,92.06486511230469,190.73020935058594
97.05243682861328,92.04180145263672,190.7308807373047
97.19579315185547,92.01880645751953,190.7315673828125
97.3419418334961,91.99543762207031,190.7322540283203
97.4854507446289,91.97257232666016,190.73294067382812
97.62902069091797,91.94979095458984,190.73361206054688
97.77266693115234,91.92709350585938,190.7342987060547
97.91639709472656,91.90448760986328,190.73495483398438
98.06019592285156,91.88198852539062,190.73562622070312
98.20407104492188,91.85958862304688,190.73631286621094
98.42493438720703,91.82544708251953,190.7373504638672
98.56900024414062,91.8033218383789,190.73802185058594
98.71315002441406,91.78131866455078,190.73870849609375
98.85736083984375,91.75942993164062,190.7393798828125
99.00164794921875,91.7376480102539,190.74008178710938
99.1460189819336,91.71598815917969,190.74075317382812
99.29046630859375,91.69445037841797,190.74143981933594
99.44021606445312,91.67225646972656,190.74215698242188
99.5848159790039,91.65096282958984,190.74285888671875
99.72948455810547,91.62979888916016,190.74354553222656
99.87423706054688,91.60875701904297,190.74424743652344
100.01905822753906,91.58785247802734,190.7449493408203
100.16395568847656,91.56707763671875,190.7456817626953
100.30892944335938,91.54644775390625,190.7463836669922
100.45398712158203,91.52595520019531,190.7471160888672
100.59912109375,91.50559997558594,190.7478485107422
100.74432373046875,91.48539733886719,190.7485809326172
100.88959503173828,91.46533966064453,190.7493133544922
101.03495025634766,91.44541931152344,190.75006103515625
101.18038940429688,91.42567443847656,190.75082397460938
101.32588958740234,91.40608215332031,190.75157165527344
101.47147369384766,91.38662719726562,190.75233459472656
101.61713409423828,91.36731719970703,190.7530975341797
101.76578521728516,91.34774017333984,190.75389099121094
101.91159057617188,91.32865905761719,190.754638671875
102.0574722290039,91.3096923828125,190.7554168701172
102.20341491699219,91.29082489013672,190.75621032714844
102.34943389892578,91.2720718383789,190.75698852539062
102.49552917480469,91.25341796875,190.75775146484375
102.64169311523438,91.23486328125,190.75852966308594
102.78793334960938,91.21642303466797,190.75930786132812
102.93424224853516,91.19808959960938,190.7600860595703
103.08061981201172,91.17987060546875,190.76087951660156
103.22708129882812,91.1617660522461,190.76165771484375
103.37361145019531,91.14378356933594,190.76242065429688
103.52021026611328,91.12590789794922,190.76319885253906
103.66688537597656,91.10814666748047,190.76394653320312
103.81362915039062,91.09051513671875,190.76470947265625
103.96044921875,91.072998046875,190.76544189453125
104.10733795166016,91.05559539794922,190.7661895751953
104.25430297851562,91.03831481933594,190.7669219970703
104.40133666992188,91.02114868164062,190.7676239013672
104.5484390258789,91.00410461425781,190.76834106445312
104.69561767578125,90.98716735839844,190.76902770996094
104.84286499023438,90.97035217285156,190.7697296142578
105.02782440185547,90.94940948486328,190.7705841064453
105.17523956298828,90.932861328125,190.77125549316406
105.32271575927734,90.91642761230469,190.7718963623047
105.47026824951172,90.90010070800781,190.77255249023438
105.61788940429688,90.88389587402344,190.77320861816406
105.76557922363281,90.86780548095703,190.77383422851562
105.9133529663086,90.8518295288086,190.77447509765625
106.06118774414062,90.83597564697266,190.7751007080078
106.20909118652344,90.82022094726562,190.7757110595703
106.3663101196289,90.8036117553711,190.77635192871094
106.52667999267578,90.78681182861328,190.7770233154297
106.67479705810547,90.77140808105469,190.77761840820312
106.822998046875,90.75611114501953,190.77821350097656
106.97126770019531,90.74093627929688,190.77880859375
107.1202163696289,90.72579956054688,190.77938842773438
107.26862335205078,90.71084594726562,190.77996826171875
107.41709899902344,90.69598388671875,190.78054809570312
107.56564331054688,90.68122863769531,190.78111267089844
107.7142562866211,90.66658020019531,190.78167724609375
107.86294555664062,90.65203857421875,190.78224182128906
108.0116958618164,90.6375961303711,190.78280639648438
108.16051483154297,90.62325286865234,190.78335571289062
108.31428527832031,90.60855102539062,190.783935546875
108.46324157714844,90.59442138671875,190.7845001220703
108.61227416992188,90.58038330078125,190.78504943847656
108.7613754272461,90.56644439697266,190.78558349609375
108.9105453491211,90.55259704589844,190.7861328125
109.05978393554688,90.53885650634766,190.78668212890625
109.20909881591797,90.52520751953125,190.7872314453125
109.35847473144531,90.51165008544922,190.78778076171875
109.5079116821289,90.49818420410156,190.78831481933594
109.65742492675781,90.48480987548828,190.7888641357422
109.80699920654297,90.4715347290039,190.78939819335938
109.9566421508789,90.4583511352539,190.78994750976562
110.10636138916016,90.44527435302734,190.79049682617188
110.25613403320312,90.43230438232422,190.79103088378906
110.4059829711914,90.41944122314453,190.79156494140625
110.55589294433594,90.40670776367188,190.7921142578125
110.70587158203125,90.39408111572266,190.79266357421875
110.85592651367188,90.38157653808594,190.79319763183594
111.00604248046875,90.36919403076172,190.7937469482422
111.15621948242188,90.35694122314453,190.79428100585938
111.30647277832031,90.34480285644531,190.79483032226562
111.4613265991211,90.3324203491211,190.79539489746094
111.62398529052734,90.31954956054688,190.79600524902344
111.83497619628906,90.30308532714844,190.79678344726562
111.98552703857422,90.29147338867188,190.79734802246094
112.13613891601562,90.27998352050781,190.79791259765625
112.28681182861328,90.26860809326172,190.79847717285156
112.4388198852539,90.25726318359375,190.79905700683594
112.58963775634766,90.2461166381836,190.7996368408203
112.74050903320312,90.23509979248047,190.80020141601562
112.89144134521484,90.22418975830078,190.80076599121094
113.04244232177734,90.21338653564453,190.8013458251953
113.19351196289062,90.20268249511719,190.8019256591797
113.34464263916016,90.19206237792969,190.80250549316406
113.49584197998047,90.18152618408203,190.80308532714844
113.6470947265625,90.17105865478516,190.8036651611328
113.80156707763672,90.16046142578125,190.80426025390625
113.95294952392578,90.150146484375,190.80484008789062
114.1043930053711,90.13990020751953,190.80543518066406
114.25590515136719,90.12973022460938,190.80601501464844
114.40747833251953,90.11962127685547,190.80661010742188
114.55911254882812,90.10958099365234,190.80718994140625
114.71080780029297,90.09961700439453,190.8077850341797
114.8625717163086,90.0897216796875,190.80836486816406
115.01438903808594,90.07988739013672,190.80892944335938
115.16938018798828,90.0699234008789,190.8095245361328
115.32131958007812,90.06024932861328,190.81008911132812
115.47332000732422,90.05062866210938,190.81065368652344
115.62538146972656,90.04107666015625,190.81121826171875
115.77750396728516,90.03160095214844,190.811767578125
115.9296875,90.0221939086914,190.81231689453125
116.0819320678711,90.01285552978516,190.81288146972656
116.23422241210938,90.00357818603516,190.81341552734375
116.3865737915039,89.99436950683594,190.81396484375
116.53898620605469,89.9852294921875,190.8144989013672
116.69145965576172,89.97615051269531,190.81503295898438
116.84403991699219,89.9671401977539,190.8155517578125
116.99661254882812,89.95818328857422,190.8160858154297
117.14924621582031,89.94928741455078,190.8166046142578
117.30193328857422,89.94046020507812,190.81712341308594
117.45466613769531,89.93168640136719,190.81764221191406
117.60745239257812,89.9229736328125,190.81813049316406
117.76028442382812,89.91431427001953,190.8186492919922
117.91316223144531,89.90571594238281,190.8191375732422
118.06692504882812,89.8971176147461,190.81964111328125
118.21988677978516,89.88861846923828,190.82012939453125
118.37298583984375,89.88016510009766,190.82061767578125
118.5260238647461,89.87176513671875,190.82110595703125
118.74686431884766,89.85971069335938,190.82177734375
118.89996337890625,89.85139465332031,190.822265625
119.05308532714844,89.8431167602539,190.82273864746094
119.20621490478516,89.83486938476562,190.8231964111328
119.35934448242188,89.82665252685547,190.8236541748047
119.51248168945312,89.81846618652344,190.82411193847656
119.67229461669922,89.80995178222656,190.82456970214844
119.82538604736328,89.80181884765625,190.82501220703125
119.97846221923828,89.79370880126953,190.825439453125
120.13150024414062,89.78562927246094,190.8258514404297
120.28450775146484,89.77757263183594,190.82626342773438
120.43746185302734,89.76953125,190.82666015625
120.59039306640625,89.76152038574219,190.82705688476562
120.7432861328125,89.75352478027344,190.82745361328125
120.89613342285156,89.74554443359375,190.8278350830078
121.04894256591797,89.73758697509766,190.82821655273438
121.20169830322266,89.7296371459961,190.82858276367188
121.3607177734375,89.72138214111328,190.82894897460938
121.5134048461914,89.71345520019531,190.8292999267578
121.66604614257812,89.7055435180664,190.82965087890625
121.81865692138672,89.69763946533203,190.82998657226562
121.97122192382812,89.6897201538086,190.830322265625
122.12374114990234,89.68182373046875,190.8306427001953
122.2762222290039,89.67391967773438,190.8309783935547
122.42864990234375,89.666015625,190.831298828125
122.58466339111328,89.65792083740234,190.8316192626953
122.73695373535156,89.65001678466797,190.83192443847656
122.88914489746094,89.64210510253906,190.8322296142578
123.04122924804688,89.63420104980469,190.83251953125
123.19320678710938,89.62628173828125,190.83282470703125
123.34505462646484,89.61837005615234,190.83311462402344
123.49675750732422,89.6104507446289,190.83338928222656
123.6483154296875,89.60252380371094,190.83367919921875
123.79972076416016,89.59461212158203,190.8339385986328
123.95504760742188,89.58647155761719,190.83421325683594
124.10610961914062,89.57853698730469,190.83445739746094
124.25698852539062,89.57060241699219,190.83468627929688
124.40770721435547,89.56266784667969,190.8349151611328
124.55824279785156,89.55472564697266,190.8351593017578
124.70860290527344,89.54676818847656,190.8353729248047
124.8587875366211,89.53881072998047,190.83558654785156
125.00879669189453,89.53084564208984,190.83578491210938
125.15864562988281,89.52286529541016,190.8359832763672
125.30833435058594,89.51487731933594,190.836181640625
125.45787048339844,89.50686645507812,190.83636474609375
125.76639556884766,89.49030303955078,190.8367462158203
125.91548919677734,89.48225402832031,190.83692932128906
126.06443786621094,89.47419738769531,190.8371124267578
126.21327209472656,89.46611785888672,190.83729553222656
126.36198425292969,89.45802307128906,190.8374786376953
126.51058959960938,89.44991302490234,190.83767700195312
126.6590805053711,89.4417953491211,190.83787536621094
126.80747985839844,89.43367004394531,190.83807373046875
126.9557876586914,89.425537109375,190.83827209472656
127.10399627685547,89.41740417480469,190.8385009765625
127.25212860107422,89.40926361083984,190.83872985839844
127.4001693725586,89.40113067626953,190.83897399902344
127.55354309082031,89.39268493652344,190.83924865722656
127.71363830566406,89.38387298583984,190.8395538330078
127.86141204833984,89.37572479248047,190.83984375
128.00909423828125,89.36756896972656,190.84014892578125
128.1566925048828,89.35942077636719,190.8404541015625
128.30419921875,89.35125732421875,190.84078979492188
128.4516143798828,89.34308624267578,190.8411407470703
128.5989532470703,89.33490753173828,190.8415069580078
128.74620056152344,89.32672882080078,190.8418731689453
128.8933868408203,89.31855010986328,190.84225463867188
129.0437469482422,89.3101806640625,190.84266662597656
129.19073486328125,89.30198669433594,190.84307861328125
129.33766174316406,89.29378509521484,190.84347534179688
129.48446655273438,89.28558349609375,190.84388732910156
129.63121032714844,89.27738189697266,190.8443145751953
129.77786254882812,89.26918029785156,190.8447265625
129.9244384765625,89.26097869873047,190.8451385498047
130.07090759277344,89.25276947021484,190.84555053710938
130.23487854003906,89.24359130859375,190.8459930419922
130.38116455078125,89.23539733886719,190.8463897705078
130.52732849121094,89.22721099853516,190.8468017578125
130.67343139648438,89.21904754638672,190.8472137451172
130.8194122314453,89.21090698242188,190.84762573242188
130.9652862548828,89.20281982421875,190.84803771972656
131.111083984375,89.19477844238281,190.8484649658203
131.25677490234375,89.18682861328125,190.84889221191406
131.40634155273438,89.17874908447266,190.84934997558594
131.5518341064453,89.17098999023438,190.84979248046875
131.6972198486328,89.16334533691406,190.85023498535156
131.84249877929688,89.15580749511719,190.85064697265625
131.98770141601562,89.14839172363281,190.85107421875
132.13278198242188,89.1410903930664,190.85150146484375
132.32484436035156,89.1316146850586,190.85205078125
132.46969604492188,89.12459564208984,190.85244750976562
132.6144256591797,89.11770629882812,190.85284423828125
132.7590789794922,89.11092376708984,190.8532257080078
132.9036102294922,89.1042709350586,190.85360717773438
133.0480499267578,89.09774017333984,190.85397338867188
133.1923828125,89.0913314819336,190.85433959960938
133.33660888671875,89.08505249023438,190.85470581054688
133.49830627441406,89.07815551757812,190.85511779785156
133.642333984375,89.07215881347656,190.85548400878906
133.7862548828125,89.0662841796875,190.8558349609375
133.93006896972656,89.060546875,190.85618591308594
134.0760498046875,89.05487060546875,190.85653686523438
134.2196502685547,89.0494155883789,190.85687255859375
134.36314392089844,89.04412078857422,190.85720825195312
134.5065460205078,89.03894805908203,190.8575439453125
134.64981079101562,89.03390502929688,190.85784912109375
134.79298400878906,89.02897644042969,190.85818481445312
134.9362030029297,89.02413177490234,190.85848999023438
135.0791473388672,89.01937866210938,190.85879516601562
135.2220001220703,89.01469421386719,190.85910034179688
135.36471557617188,89.01008605957031,190.85939025878906
135.50733947753906,89.00553894042969,190.8596954345703
135.6601104736328,89.00074768066406,190.86000061035156
135.802490234375,88.99635314941406,190.8602752685547
135.95550537109375,88.9917221069336,190.86056518554688
136.09764099121094,88.98749542236328,190.86083984375
136.23965454101562,88.98336029052734,190.86109924316406
136.38156127929688,88.97930908203125,190.86135864257812
136.52333068847656,88.97535705566406,190.86160278320312
136.66497802734375,88.97150421142578,190.86183166503906
136.80650329589844,88.96774291992188,190.86207580566406
136.94789123535156,88.96408081054688,190.86228942871094
137.09307861328125,88.96041107177734,190.86251831054688
137.2342071533203,88.95695495605469,190.8627166748047
137.37521362304688,88.9535903930664,190.8629150390625
137.5160675048828,88.95032501220703,190.8630828857422
137.6568145751953,88.94715881347656,190.86325073242188
137.7974090576172,88.94409942626953,190.86341857910156
137.93789672851562,88.94113159179688,190.8635711669922
138.07821655273438,88.93827056884766,190.86370849609375
138.2184295654297,88.93550109863281,190.86386108398438
138.35850524902344,88.93282318115234,190.86398315429688
138.49839782714844,88.93024444580078,190.86410522460938
138.6381378173828,88.9277572631836,190.86422729492188
138.81887817382812,88.92467498779297,190.86436462402344
138.95823669433594,88.92239379882812,190.86448669433594
139.11337280273438,88.91996002197266,190.86459350585938
139.25233459472656,88.91787719726562,190.86468505859375
139.39112854003906,88.91587829589844,190.86477661132812
139.5297393798828,88.9139633178711,190.86488342285156
139.66815185546875,88.9121322631836,190.86495971679688
139.806396484375,88.91038513183594,190.86505126953125
139.9444580078125,88.9087142944336,190.86514282226562
140.0823211669922,88.9071273803711,190.865234375
140.22000122070312,88.90560913085938,190.8653106689453
140.35748291015625,88.90416717529297,190.86541748046875
140.49478149414062,88.90277862548828,190.86550903320312
140.6319122314453,88.9014663696289,190.86561584472656
140.76882934570312,88.90019226074219,190.86572265625
140.9145050048828,88.89889526367188,190.8658447265625
141.05105590820312,88.89772033691406,190.86595153808594
141.18740844726562,88.89659881591797,190.86607360839844
141.33299255371094,88.89544677734375,190.8662109375
141.4689483642578,88.8944091796875,190.86636352539062
141.60470581054688,88.89341735839844,190.8665313720703
141.7402801513672,88.89247131347656,190.86668395996094
141.8756866455078,88.89154815673828,190.86685180664062
142.0108642578125,88.89067077636719,190.86705017089844
142.1458740234375,88.88983154296875,190.86724853515625
142.2806854248047,88.8890151977539,190.86746215820312
142.41529846191406,88.88823699951172,190.86767578125
142.5497283935547,88.88748168945312,190.867919921875
142.6839599609375,88.88675689697266,190.86814880371094
142.81800842285156,88.88605499267578,190.86842346191406
142.9518585205078,88.88538360595703,190.86868286132812
143.0855255126953,88.88472747802734,190.86895751953125
143.218994140625,88.88410186767578,190.86924743652344
143.35902404785156,88.8834457397461,190.8695526123047
143.49209594726562,88.88284301757812,190.86985778808594
143.62498474121094,88.88224792480469,190.8701934814453
143.7576904296875,88.88166046142578,190.87051391601562
143.8901824951172,88.88108825683594,190.870849609375
144.0225067138672,88.88050842285156,190.87118530273438
144.1546173095703,88.87994384765625,190.87152099609375
144.28652954101562,88.87937927246094,190.8718719482422
144.41831970214844,88.87881469726562,190.87222290039062
144.5498504638672,88.87825012207031,190.87257385253906
144.68116760253906,88.877685546875,190.87294006347656
144.81228637695312,88.87712097167969,190.87330627441406
144.9655303955078,88.8764419555664,190.87374877929688
145.09620666503906,88.8758544921875,190.87411499023438
145.22665405273438,88.87525939941406,190.8744659423828
145.3568878173828,88.87466430664062,190.87484741210938
145.4868927001953,88.87403869628906,190.87521362304688
145.61668395996094,88.8734130859375,190.87557983398438
145.7462615966797,88.87277221679688,190.87594604492188
145.8794708251953,88.87210083007812,190.87632751464844
146.00856018066406,88.8714370727539,190.87667846679688
146.13739013671875,88.8707504272461,190.87704467773438
146.26597595214844,88.87005615234375,190.87741088867188
146.394287109375,88.86934661865234,190.8777618408203
146.52235412597656,88.86860656738281,190.87811279296875
146.65017700195312,88.86785125732422,190.8784637451172
146.77772521972656,88.8670883178711,190.87879943847656
146.90501403808594,88.86628723144531,190.87913513183594
147.03392028808594,88.86546325683594,190.87948608398438
147.16067504882812,88.86463165283203,190.8798065185547
147.28717041015625,88.86376953125,190.880126953125
147.41342163085938,88.86288452148438,190.88046264648438
147.54730224609375,88.8619155883789,190.88079833984375
147.67300415039062,88.8609848022461,190.88113403320312
147.79844665527344,88.86003112792969,190.88145446777344
147.92364501953125,88.85903930664062,190.88177490234375
148.05577087402344,88.85797119140625,190.8821258544922
148.180419921875,88.85693359375,190.88246154785156
148.3048095703125,88.8558578491211,190.88278198242188
148.42892456054688,88.85476684570312,190.8831024169922
148.55279541015625,88.85364532470703,190.88343811035156
148.6763916015625,88.85249328613281,190.88375854492188
148.7997589111328,88.85131072998047,190.8841094970703
148.92283630371094,88.85009765625,190.88446044921875
149.04861450195312,88.84882354736328,190.8848114013672
149.1711883544922,88.84754180908203,190.88516235351562
149.29347229003906,88.84623718261719,190.88551330566406
149.41549682617188,88.84489440917969,190.88587951660156
149.53726196289062,88.84352111816406,190.88626098632812
149.6587677001953,88.84212493896484,190.88661193847656
149.780029296875,88.84069061279297,190.8870086669922
149.9049072265625,88.83917236328125,190.8874053955078
150.02560424804688,88.8376693725586,190.88778686523438
150.1460723876953,88.83613586425781,190.88816833496094
150.26626586914062,88.8345718383789,190.88856506347656
150.38619995117188,88.83296966552734,190.88893127441406
150.51171875,88.83125305175781,190.8893585205078
150.6566619873047,88.8292236328125,190.8898162841797
150.77578735351562,88.82750701904297,190.8902130126953
150.8946533203125,88.82575988769531,190.89059448242188
151.0132598876953,88.823974609375,190.8909912109375
151.13162231445312,88.82215118408203,190.89138793945312
151.24972534179688,88.82029724121094,190.89178466796875
151.36793518066406,88.81839752197266,190.8921661376953
151.4855499267578,88.81646728515625,190.89256286621094
151.60292053222656,88.81449890136719,190.8929443359375
151.7200469970703,88.8125,190.89332580566406
151.83694458007812,88.81046295166016,190.89370727539062
151.95358276367188,88.80838775634766,190.89407348632812
152.0699920654297,88.80628204345703,190.8944549560547
152.1861572265625,88.80414581298828,190.8948211669922
152.3076629638672,88.80187225341797,190.8951873779297
152.42337036132812,88.79966735839844,190.89553833007812
152.538818359375,88.79743194580078,190.89588928222656
152.65408325195312,88.795166015625,190.89622497558594
152.7690887451172,88.79286193847656,190.89654541015625
152.8901824951172,88.79039764404297,190.8968963623047
153.0047607421875,88.78802490234375,190.89720153808594
153.11912536621094,88.78561401367188,190.8975067138672
153.23330688476562,88.78317260742188,190.89779663085938
153.3472900390625,88.78070068359375,190.8980712890625
153.4610595703125,88.77818298339844,190.8983612060547
153.5746612548828,88.77564239501953,190.89862060546875
153.6880645751953,88.77306365966797,190.89889526367188
153.8013153076172,88.77044677734375,190.8991241455078
153.9143829345703,88.76778411865234,190.89938354492188
154.0272674560547,88.76509857177734,190.89962768554688
154.13998413085938,88.76237487792969,190.8998565673828
154.25253295898438,88.7596206665039,190.90008544921875
154.36489868164062,88.75682067871094,190.9003143310547
154.4770965576172,88.75399780273438,190.90052795410156
154.5891571044922,88.75112915039062,190.90072631835938
154.70101928710938,88.74823760986328,190.90093994140625
154.81272888183594,88.74533081054688,190.90115356445312
154.92588806152344,88.74234771728516,190.90133666992188
155.03726196289062,88.73939514160156,190.90151977539062
155.1484832763672,88.7364273071289,190.90171813964844
155.259521484375,88.73342895507812,190.90188598632812
155.3704071044922,88.73042297363281,190.9020538330078
155.4811248779297,88.72738647460938,190.90220642089844
155.59169006347656,88.72433471679688,190.90237426757812
155.70208740234375,88.72127532958984,190.9025115966797
155.8528594970703,88.717041015625,190.9027099609375
155.962890625,88.71392822265625,190.90283203125
156.07398986816406,88.71076202392578,190.90296936035156
156.18373107910156,88.70760345458984,190.90309143066406
156.29331970214844,88.7044448852539,190.90321350097656
156.4027862548828,88.70126342773438,190.9033203125
156.51846313476562,88.6978759765625,190.9034423828125
156.6276092529297,88.69467163085938,190.90354919433594
156.7366180419922,88.69145202636719,190.90367126464844
156.84552001953125,88.68821716308594,190.9037628173828
156.95425415039062,88.68497467041016,190.90386962890625
157.0628662109375,88.6817398071289,190.90396118164062
157.17132568359375,88.67849731445312,190.90406799316406
157.2796630859375,88.67527770996094,190.90415954589844
157.38784790039062,88.67205810546875,190.9042510986328
157.49591064453125,88.66886138916016,190.9043426513672
157.60385131835938,88.66568756103516,190.90443420410156
157.7174530029297,88.662353515625,190.9044952392578
157.8250732421875,88.65921020507812,190.90457153320312
157.9325408935547,88.65608978271484,190.90464782714844
158.04884338378906,88.65272521972656,190.90472412109375
158.1559600830078,88.6496353149414,190.90478515625
158.2628936767578,88.6465835571289,190.9048614501953
158.36964416503906,88.6435546875,190.9049072265625
158.47622680664062,88.64054107666016,190.90496826171875
158.58265686035156,88.63755798339844,190.905029296875
158.6888885498047,88.63459777832031,190.90509033203125
158.7949676513672,88.63166809082031,190.90512084960938
158.90087890625,88.6287612915039,190.90518188476562
159.006591796875,88.62588500976562,190.90524291992188
159.1121368408203,88.62303924560547,190.90528869628906
159.21893310546875,88.62017822265625,190.90536499023438
159.3241424560547,88.61738586425781,190.90542602539062
159.42916870117188,88.61463165283203,190.90548706054688
159.53404235839844,88.61190032958984,190.9055633544922
159.63873291015625,88.60920715332031,190.9056396484375
159.74322509765625,88.6065444946289,190.90570068359375
159.84756469726562,88.60391998291016,190.90579223632812
159.95172119140625,88.60133361816406,190.9058837890625
160.05569458007812,88.59877014160156,190.90597534179688
160.16207885742188,88.59618377685547,190.9060821533203
160.2669677734375,88.59368133544922,190.90618896484375
160.37037658691406,88.59126281738281,190.9062957763672
160.4736328125,88.58892822265625,190.90640258789062
160.57669067382812,88.58667755126953,190.9065399169922
160.7047576904297,88.58402252197266,190.9066925048828
160.8074188232422,88.58203125,190.90682983398438
160.909912109375,88.58015441894531,190.90696716308594
161.0264892578125,88.57816314697266,190.9071502685547
161.128662109375,88.57655334472656,190.9073028564453
161.23097229003906,88.5750732421875,190.90748596191406
161.3329315185547,88.57371520996094,190.9076690673828
161.43478393554688,88.57247924804688,190.90786743164062
161.53692626953125,88.57136535644531,190.90806579589844
161.63864135742188,88.57038116455078,190.9082794189453
161.74032592773438,88.56951904296875,190.9084930419922
161.84201049804688,88.56877899169922,190.9087371826172
161.9436798095703,88.56816864013672,190.9089813232422
162.0453338623047,88.56767272949219,190.9092559814453
162.14697265625,88.56731414794922,190.90951538085938
162.2485809326172,88.56707000732422,190.9097900390625
162.35020446777344,88.56696319580078,190.91006469726562
162.4517822265625,88.56697845458984,190.9103546142578
162.55401611328125,88.56713104248047,190.91062927246094
162.65557861328125,88.56739807128906,190.9109344482422
162.7571258544922,88.56781768798828,190.9112091064453
162.85865783691406,88.56835174560547,190.9114990234375
162.96017456054688,88.56903076171875,190.91177368164062
163.06166076660156,88.5698471069336,190.91204833984375
163.16314697265625,88.57080841064453,190.91232299804688
163.2646026611328,88.5718994140625,190.91258239746094
163.36602783203125,88.57312774658203,190.912841796875
163.46743774414062,88.57450866699219,190.9130859375
163.56881713867188,88.5760269165039,190.913330078125
163.6781768798828,88.57782745361328,190.91355895996094
163.7794952392578,88.57965087890625,190.91378784179688
163.88076782226562,88.58161926269531,190.9139862060547
163.9820098876953,88.583740234375,190.9141845703125
164.09042358398438,88.58617401123047,190.9143829345703
164.1920623779297,88.58861541748047,190.91455078125
164.2931671142578,88.59119415283203,190.9147186279297
164.3942413330078,88.59392547607422,190.91485595703125
164.49525451660156,88.59679412841797,190.91500854492188
164.59620666503906,88.59983825683594,190.91514587402344
164.69711303710938,88.60302734375,190.91526794433594
164.79794311523438,88.60636901855469,190.91539001464844
164.8987274169922,88.60985565185547,190.91549682617188
164.9994354248047,88.6135025024414,190.9156036376953
165.10171508789062,88.61736297607422,190.9156951904297
165.20228576660156,88.6213150024414,190.91580200195312
165.3189239501953,88.6260986328125,190.91590881347656
165.41932678222656,88.63037872314453,190.91598510742188
165.51963806152344,88.63481140136719,190.91607666015625
165.619873046875,88.63941192626953,190.91616821289062
165.72000122070312,88.64415740966797,190.916259765625
165.8268585205078,88.6493911743164,190.91635131835938
165.9268035888672,88.65445709228516,190.91644287109375
166.0266876220703,88.65968322753906,190.9165496826172
166.12646484375,88.66506958007812,190.91665649414062
166.22618103027344,88.67060089111328,190.91676330566406
166.32579040527344,88.67630767822266,190.9168701171875
166.42535400390625,88.68215942382812,190.91702270507812
166.5248260498047,88.68815612792969,190.9171600341797
166.62425231933594,88.69427490234375,190.9173126220703
166.72410583496094,88.7005386352539,190.91746520996094
166.8234100341797,88.70687103271484,190.91763305664062
166.93063354492188,88.71379089355469,190.9178466796875
167.0298309326172,88.72026062011719,190.9180450439453
167.1289520263672,88.72679138183594,190.91824340820312
167.22804260253906,88.73339080810547,190.91847229003906
167.32708740234375,88.74005126953125,190.91867065429688
167.4329833984375,88.74724578857422,190.91893005371094
167.53192138671875,88.75404357910156,190.91915893554688
167.63079833984375,88.76089477539062,190.9193878173828
167.72964477539062,88.7678451538086,190.91961669921875
167.82843017578125,88.7748794555664,190.9198455810547
167.9271697998047,88.78202819824219,190.92005920410156
168.02584838867188,88.789306640625,190.92027282714844
168.12448120117188,88.79671478271484,190.9204864501953
168.22305297851562,88.80426788330078,190.92068481445312
168.32369995117188,88.81214904785156,190.9208984375
168.4221649169922,88.82003784179688,190.9210662841797
168.52053833007812,88.82808685302734,190.92124938964844
168.61883544921875,88.83631896972656,190.92141723632812
168.717041015625,88.8447036743164,190.92156982421875
168.81536865234375,88.85327911376953,190.92172241210938
168.91342163085938,88.86199951171875,190.92184448242188
169.0113983154297,88.87089538574219,190.92198181152344
169.10928344726562,88.87994384765625,190.92208862304688
169.21221923828125,88.88965606689453,190.92221069335938
169.3099822998047,88.89905548095703,190.9223175048828
169.4076385498047,88.90862274169922,190.9224395751953
169.5052490234375,88.9183578491211,190.92254638671875
169.602783203125,88.92825317382812,190.9226531982422
169.70643615722656,88.93895721435547,190.9227752685547
169.81935119628906,88.95085144042969,190.92291259765625
169.91665649414062,88.9612808227539,190.92303466796875
170.01390075683594,88.97187042236328,190.92315673828125
170.111083984375,88.98260498046875,190.9232940673828
170.20819091796875,88.99346160888672,190.92344665527344
170.3052520751953,89.00444030761719,190.92359924316406
170.40225219726562,89.01551818847656,190.92376708984375
170.49920654296875,89.02667999267578,190.9239501953125
170.59609985351562,89.03789520263672,190.92413330078125
170.6929473876953,89.0491943359375,190.92431640625
170.78973388671875,89.06056213378906,190.92453002929688
170.886474609375,89.072021484375,190.9247283935547
170.983154296875,89.0835952758789,190.92495727539062
171.07977294921875,89.09530639648438,190.9251708984375
171.1763153076172,89.107177734375,190.92539978027344
171.27279663085938,89.11920928955078,190.92562866210938
171.36920166015625,89.13142395019531,190.92584228515625
171.4655303955078,89.14383697509766,190.92605590820312
171.561767578125,89.15644073486328,190.92626953125
171.65792846679688,89.16926574707031,190.92648315429688
171.76051330566406,89.18318176269531,190.92669677734375
171.8564910888672,89.19644927978516,190.92689514160156
171.95236206054688,89.20993041992188,190.9270782470703
172.04815673828125,89.22364807128906,190.92726135253906
172.1438446044922,89.23758697509766,190.9274444580078
172.23944091796875,89.25177001953125,190.92762756347656
172.3349151611328,89.26618194580078,190.9278106689453
172.43350219726562,89.28133392333984,190.927978515625
172.52877807617188,89.2962417602539,190.9281463623047
172.6239471435547,89.31138610839844,190.92831420898438
172.71897888183594,89.3267822265625,190.92849731445312
172.8139190673828,89.34241485595703,190.9286651611328
172.90875244140625,89.35829162597656,190.9288330078125
173.0034637451172,89.37444305419922,190.92901611328125
173.09803771972656,89.39083099365234,190.92919921875
173.1951904296875,89.407958984375,190.92938232421875
173.28955078125,89.42486572265625,190.92958068847656
173.38377380371094,89.44203186035156,190.92979431152344
173.47787475585938,89.45946502685547,190.9300079345703
173.57186889648438,89.47715759277344,190.93023681640625
173.6657257080078,89.49512481689453,190.9304656982422
173.7594451904297,89.51335144042969,190.9307098388672
173.8530731201172,89.53184509277344,190.9309844970703
173.9465789794922,89.55059051513672,190.93124389648438
174.03997802734375,89.56959533691406,190.93153381347656
174.14395141601562,89.59107971191406,190.93186950683594
174.2371063232422,89.6106185913086,190.9321746826172
174.3301544189453,89.63037109375,190.9324951171875
174.423095703125,89.6503677368164,190.9328155517578
174.5159454345703,89.67058563232422,190.9331512451172
174.6086883544922,89.69100952148438,190.93348693847656
174.70132446289062,89.71162414550781,190.93382263183594
174.79388427734375,89.73242950439453,190.9341583251953
174.88865661621094,89.75392150878906,190.93450927734375
174.9810333251953,89.77506256103516,190.9348602294922
175.07334899902344,89.79635620117188,190.9351806640625
175.16558837890625,89.81777954101562,190.9355010986328
175.2577362060547,89.83930969238281,190.93582153320312
175.34982299804688,89.8609619140625,190.9361114501953
175.4418487548828,89.88272094726562,190.93638610839844
175.5369110107422,89.90534210205078,190.93666076660156
175.62876892089844,89.92736053466797,190.93690490722656
175.72055053710938,89.94953918457031,190.93711853027344
175.81222534179688,89.97188568115234,190.9373016357422
175.90382385253906,89.9944076538086,190.93746948242188
175.99533081054688,90.0171127319336,190.93760681152344
176.0867462158203,90.04000091552734,190.93771362304688
176.180908203125,90.06380462646484,190.9377899169922
176.27210998535156,90.08708953857422,190.93783569335938
176.36318969726562,90.11056518554688,190.9378662109375
176.45419311523438,90.13423156738281,190.93785095214844
176.54505920410156,90.15808868408203,190.9378204345703
176.63584899902344,90.18213653564453,190.93777465820312
176.73004150390625,90.20732116699219,190.93771362304688
176.82061767578125,90.23175811767578,190.9376220703125
176.91107177734375,90.25637817382812,190.93751525878906
177.00143432617188,90.28119659423828,190.93739318847656
177.09169006347656,90.30619812011719,190.937255859375
177.18182373046875,90.33137512207031,190.93711853027344
177.27188110351562,90.35675048828125,190.9369659423828
177.36181640625,90.38229370117188,190.93679809570312
177.45166015625,90.40800476074219,190.93661499023438
177.54141235351562,90.43386840820312,190.93643188476562
177.63108825683594,90.4598617553711,190.9362335205078
177.72067260742188,90.4859848022461,190.93605041503906
177.8101806640625,90.51221466064453,190.93585205078125
177.8996124267578,90.53854370117188,190.93565368652344
177.98898315429688,90.56495666503906,190.93545532226562
178.07827758789062,90.59146881103516,190.93524169921875
178.16749572753906,90.6180648803711,190.93502807617188
178.2761993408203,90.65061950683594,190.9347686767578
178.36524963378906,90.67742156982422,190.93455505371094
178.45425415039062,90.70431518554688,190.93434143066406
178.54315185546875,90.73131561279297,190.93414306640625
178.63198852539062,90.75840759277344,190.9339141845703
178.72073364257812,90.78559112548828,190.93370056152344
178.80943298339844,90.81288146972656,190.93348693847656
178.9014129638672,90.84130859375,190.93324279785156
178.9899444580078,90.86878204345703,190.9330291748047
179.0784149169922,90.8963394165039,190.93280029296875
179.16680908203125,90.92399597167969,190.93255615234375
179.255126953125,90.95172882080078,190.93231201171875
179.34336853027344,90.97953796386719,190.9320831298828
179.43154907226562,91.00743103027344,190.93182373046875
179.51966857910156,91.03539276123047,190.9315643310547
179.6077117919922,91.06343078613281,190.93130493164062
179.69956970214844,91.0927734375,190.9310302734375
179.7874755859375,91.12095642089844,190.93075561523438
179.8753204345703,91.1491928100586,190.93048095703125
179.96311950683594,91.17749786376953,190.93020629882812
180.0560760498047,91.20757293701172,190.9298858642578
180.14373779296875,91.23600769042969,190.9296112060547
180.2313232421875,91.2645034790039,190.92930603027344
180.31886291503906,91.29306030273438,190.92901611328125
180.41171264648438,91.32342529296875,190.92868041992188
180.4990997314453,91.35208892822266,190.92837524414062
180.58645629882812,91.38081359863281,190.92807006835938
180.67373657226562,91.40959930419922,190.92776489257812
180.7609405517578,91.4384536743164,190.92745971679688
180.84808349609375,91.4673843383789,190.9271697998047
180.93515014648438,91.49638366699219,190.92684936523438
181.02215576171875,91.52548217773438,190.9265594482422
181.11160278320312,91.5555191040039,190.92625427246094
181.19845581054688,91.58480834960938,190.9259796142578
181.28521728515625,91.61419677734375,190.92568969726562
181.3719024658203,91.64369201660156,190.92539978027344
181.46347045898438,91.67500305175781,190.92510986328125
181.54995727539062,91.70472717285156,190.92483520507812
181.63638305664062,91.73455810546875,190.924560546875
181.72268676757812,91.76451110839844,190.92430114746094
181.80892944335938,91.79458618164062,190.92405700683594
181.89508056640625,91.82477569580078,190.92381286621094
181.9811248779297,91.85508728027344,190.92355346679688
182.06707763671875,91.88551330566406,190.92330932617188
182.1529541015625,91.91605377197266,190.923095703125
182.26296997070312,91.95540618896484,190.9227752685547
182.3486328125,91.9862289428711,190.9225616455078
182.4342041015625,92.01716613769531,190.92233276367188
182.51968383789062,92.0482406616211,190.922119140625
182.60507202148438,92.07942962646484,190.92190551757812
182.6903533935547,92.11076354980469,190.92169189453125
182.77554321289062,92.14221954345703,190.92147827148438
182.86062622070312,92.1738052368164,190.92127990722656
182.9456329345703,92.20552825927734,190.92108154296875
183.030517578125,92.23738861083984,190.9208984375
183.11532592773438,92.2693862915039,190.92071533203125
183.2000274658203,92.301513671875,190.92054748535156
183.2846221923828,92.33378601074219,190.92037963867188
183.36912536621094,92.3661880493164,190.92022705078125
183.45352172851562,92.39873504638672,190.92007446289062
183.53782653808594,92.43141174316406,190.91993713378906
183.6220245361328,92.46424102783203,190.91978454589844
183.70611572265625,92.49720001220703,190.9196319580078
183.79010009765625,92.5302963256836,190.91949462890625
183.87823486328125,92.56522369384766,190.91934204101562
183.96202087402344,92.59861755371094,190.919189453125
184.04568481445312,92.63215637207031,190.91903686523438
184.12925720214844,92.66583251953125,190.9188690185547
184.21273803710938,92.69965362548828,190.918701171875
184.3002166748047,92.73529815673828,190.9185028076172
184.3834686279297,92.76941680908203,190.91831970214844
184.46661376953125,92.80367279052734,190.91812133789062
184.54965209960938,92.83808898925781,190.91790771484375
184.632568359375,92.87265014648438,190.9176788330078
184.7153778076172,92.9073486328125,190.91744995117188
184.79808044433594,92.94219970703125,190.91720581054688
184.88067626953125,92.9771957397461,190.91696166992188
184.9650115966797,93.01312255859375,190.9166717529297
185.04737854003906,93.04841613769531,190.91639709472656
185.129638671875,93.08385467529297,190.9160919189453
185.2117919921875,93.11945343017578,190.915771484375
185.29380798339844,93.15518951416016,190.9154510498047
185.37966918945312,93.19280242919922,190.9150848388672
185.4614715576172,93.22885131835938,190.9147186279297
185.5431671142578,93.26504516601562,190.9143524169922
185.624755859375,93.3013916015625,190.9139404296875
185.70619201660156,93.337890625,190.9135284423828
185.78753662109375,93.37454223632812,190.9130859375
185.86875915527344,93.41134643554688,190.9126434326172
185.95236206054688,93.44945526123047,190.9121551513672
186.04498291015625,93.49193572998047,190.91160583496094
186.1273956298828,93.52995300292969,190.91110229492188
186.20811462402344,93.56739807128906,190.91058349609375
186.2886962890625,93.60501098632812,190.91004943847656
186.3691864013672,93.64276885986328,190.9095001220703
186.44952392578125,93.6806869506836,190.90895080566406
186.52975463867188,93.7187728881836,190.90838623046875
186.60984802246094,93.75700378417969,190.90780639648438
186.68983459472656,93.79540252685547,190.90721130371094
186.76968383789062,93.83394622802734,190.90660095214844
186.84939575195312,93.8726577758789,190.90599060058594
186.9290008544922,93.9115219116211,190.90536499023438
187.0084686279297,93.9505386352539,190.9047393798828
187.08782958984375,93.9897232055664,190.90408325195312
187.1670379638672,94.02906799316406,190.90342712402344
187.24610900878906,94.06857299804688,190.90277099609375
187.3250732421875,94.10823059082031,190.90211486816406
187.40391540527344,94.1480484008789,190.90142822265625
187.48260498046875,94.18801879882812,190.90074157714844
187.56117248535156,94.22815704345703,190.90003967285156
187.6396026611328,94.26844787597656,190.89930725097656
187.71792602539062,94.30890655517578,190.89859008789062
187.79608154296875,94.34951782226562,190.89785766601562
187.87466430664062,94.39057922363281,190.89712524414062
187.95257568359375,94.43150329589844,190.89637756347656
188.0303497314453,94.47259521484375,190.89561462402344
188.1079864501953,94.51384735107422,190.89486694335938
188.18548583984375,94.55525970458984,190.89410400390625
188.26284790039062,94.5968246459961,190.89332580566406
188.34007263183594,94.6385498046875,190.8925323486328
188.4171905517578,94.68042755126953,190.89175415039062
188.494140625,94.72245788574219,190.89093017578125
188.57098388671875,94.7646484375,190.89012145996094
188.64767456054688,94.8070068359375,190.88929748535156
188.7242431640625,94.84950256347656,190.88844299316406
188.8006591796875,94.89216613769531,190.88760375976562
188.876953125,94.93497467041016,190.88674926757812
188.95310974121094,94.97793579101562,190.88587951660156
189.0291290283203,95.02104949951172,190.88499450683594
189.10501098632812,95.06431579589844,190.88409423828125
189.18077087402344,95.10774230957031,190.88319396972656
189.25637817382812,95.15131378173828,190.8822784423828
189.3360595703125,95.19750213623047,190.88128662109375
189.411376953125,95.24139404296875,190.88035583496094
189.48658752441406,95.28543090820312,190.87939453125
189.5848388671875,95.34333038330078,190.87814331054688
189.66171264648438,95.388916015625,190.8771514892578
189.73643493652344,95.43345642089844,190.8761749267578
189.81101989746094,95.47815704345703,190.8751678466797
189.88548278808594,95.52299499511719,190.87417602539062
189.9597930908203,95.56797790527344,190.8731689453125
190.0339813232422,95.61312103271484,190.8721466064453
190.10801696777344,95.65840911865234,190.87109375
190.18190002441406,95.70384216308594,190.87005615234375
190.25567626953125,95.7494125366211,190.86898803710938
190.32928466796875,95.79513549804688,190.867919921875
190.40277099609375,95.84099578857422,190.86683654785156
190.4761199951172,95.88700866699219,190.86572265625
190.54931640625,95.93315887451172,190.8646240234375
190.62484741210938,95.98101806640625,190.8634490966797
190.69776916503906,96.02745819091797,190.8623046875
190.77056884765625,96.07404327392578,190.86114501953125
190.84320068359375,96.12075805664062,190.85995483398438
190.91571044921875,96.1676254272461,190.85877990722656
190.9880828857422,96.2146224975586,190.85757446289062
191.0631561279297,96.26364135742188,190.85630798339844
191.13523864746094,96.3109359741211,190.8550567626953
191.20716857910156,96.35836791992188,190.85382080078125
191.27896118164062,96.40594482421875,190.85256958007812
191.35731506347656,96.45813751220703,190.85118103027344
191.42880249023438,96.5060043334961,190.8498992919922
191.5001678466797,96.55400848388672,190.84860229492188
191.57138061523438,96.60215759277344,190.84730529785156
191.64242553710938,96.65043640136719,190.84600830078125
191.71334838867188,96.69886779785156,190.84469604492188
191.7841339111328,96.74742889404297,190.84336853027344
191.85475158691406,96.79613494873047,190.842041015625
191.92701721191406,96.84620666503906,190.84068298339844
191.9973602294922,96.89519500732422,190.83932495117188
192.0675506591797,96.94430541992188,190.8379669189453
192.13758850097656,96.9935531616211,190.83660888671875
192.20748901367188,97.04293823242188,190.83523559570312
192.27725219726562,97.09245300292969,190.8338623046875
192.3468475341797,97.14210510253906,190.83245849609375
192.41632080078125,97.19189453125,190.83106994628906
192.48565673828125,97.24181365966797,190.82965087890625
192.55484008789062,97.29185485839844,190.82823181152344
192.62387084960938,97.342041015625,190.82676696777344
192.69276428222656,97.39234924316406,190.8253173828125
192.7615203857422,97.44280242919922,190.82383728027344
192.84713745117188,97.50595092773438,190.8219757080078
192.91554260253906,97.55669403076172,190.82046508789062
192.98382568359375,97.60755920410156,190.81893920898438
193.0590362548828,97.66387939453125,190.81723022460938
193.12701416015625,97.71502685546875,190.81568908691406
193.19482421875,97.76629638671875,190.8141326904297
193.26251220703125,97.81769561767578,190.81256103515625
193.333984375,97.87226104736328,190.8108673095703
193.40135192871094,97.9239273071289,190.80926513671875
193.46856689453125,97.9757308959961,190.8076629638672
193.53562927246094,98.02766418457031,190.80604553222656
193.60255432128906,98.07972717285156,190.80442810058594
193.66932678222656,98.13191223144531,190.8027801513672
193.73849487304688,98.18624114990234,190.80108642578125
193.80494689941406,98.23869323730469,190.7994384765625
193.87127685546875,98.291259765625,190.79779052734375
193.93743896484375,98.34396362304688,190.79612731933594
194.00344848632812,98.39678955078125,190.79446411132812
194.0693359375,98.44975280761719,190.79278564453125
194.1350555419922,98.50282287597656,190.79110717773438
194.2006072998047,98.5560302734375,190.78941345214844
194.26605224609375,98.60934448242188,190.7877197265625
194.33131408691406,98.66280364990234,190.78602600097656
194.39642333984375,98.71636962890625,190.78431701660156
194.46141052246094,98.77006530761719,190.7825927734375
194.52622985839844,98.8238754272461,190.78086853027344
194.59193420410156,98.87867736816406,190.77911376953125
194.6564483642578,98.93273162841797,190.77737426757812
194.7208251953125,98.98690795898438,190.77561950683594
194.7850341796875,99.04119873046875,190.7738800048828
194.84909057617188,99.09561920166016,190.77210998535156
194.9130096435547,99.15015411376953,190.7703399658203
194.9798126220703,99.20741271972656,190.7684783935547
195.04339599609375,99.26219177246094,190.76670837402344
195.1068572998047,99.31708526611328,190.764892578125
195.170166015625,99.3720932006836,190.76309204101562
195.2333221435547,99.42721557617188,190.7612762451172
195.2995147705078,99.48526000976562,190.75933837890625
195.3623504638672,99.54063415527344,190.7575225830078
195.42501831054688,99.59612274169922,190.7556915283203
195.48756408691406,99.65171813964844,190.7538604736328
195.54991149902344,99.70743560791016,190.75204467773438
195.6121368408203,99.76326751708984,190.75021362304688
195.67420959472656,99.81922149658203,190.74839782714844
195.73609924316406,99.87528228759766,190.74658203125
195.8123016357422,99.94466400146484,190.74435424804688
195.8738555908203,100.0009765625,190.7425537109375
195.93527221679688,100.05741119384766,190.74075317382812
195.9965362548828,100.11393737792969,190.7389678955078
196.0576629638672,100.1705551147461,190.73716735839844
196.11866760253906,100.22724151611328,190.73541259765625
196.17959594726562,100.28399658203125,190.733642578125
196.24183654785156,100.34213256835938,190.73182678222656
196.30258178710938,100.39897155761719,190.73008728027344
196.36326599121094,100.4558334350586,190.72833251953125
196.4238739013672,100.51272583007812,190.72659301757812
196.48443603515625,100.56962585449219,190.72486877441406
196.54493713378906,100.62654113769531,190.72314453125
196.60537719726562,100.68347930908203,190.72142028808594
196.66575622558594,100.74044036865234,190.71971130371094
196.72605895996094,100.79743194580078,190.7179718017578
196.78628540039062,100.85444641113281,190.7162322998047
196.84645080566406,100.91149139404297,190.71449279785156
196.90652465820312,100.96857452392578,190.71273803710938
196.96653747558594,101.02568817138672,190.71096801757812
197.02645874023438,101.08283996582031,190.70921325683594
197.08631896972656,101.14002227783203,190.70742797851562
197.14608764648438,101.1972427368164,190.70565795898438
197.20579528808594,101.25448608398438,190.70387268066406
197.26541137695312,101.311767578125,190.70208740234375
197.32562255859375,101.36970520019531,190.70028686523438
197.38511657714844,101.42704010009766,190.69850158691406
197.44528198242188,101.485107421875,190.6967010498047
197.504638671875,101.54248809814453,190.69491577148438
197.56394958496094,101.59989166259766,190.69313049316406
197.62318420410156,101.65731811523438,190.6913604736328
197.68235778808594,101.71475982666016,190.6895751953125
197.74148559570312,101.77220916748047,190.68780517578125
197.80055236816406,101.82966613769531,190.68605041503906
197.85955810546875,101.88714599609375,190.68431091308594
197.91851806640625,101.94463348388672,190.6825714111328
197.97743225097656,102.00212097167969,190.6808624267578
198.03628540039062,102.05963134765625,190.67916870117188
198.0950927734375,102.11714935302734,190.677490234375
198.15383911132812,102.17467498779297,190.67584228515625
198.2125244140625,102.23221588134766,190.6741943359375
198.2779083251953,102.2964096069336,190.67239379882812
198.3364715576172,102.35398864746094,190.67079162597656
198.39495849609375,102.41160583496094,190.6692352294922
198.45335388183594,102.46923828125,190.66769409179688
198.51513671875,102.53032684326172,190.66607666015625
198.57339477539062,102.5880355834961,190.66456604003906
198.6315460205078,102.64579010009766,190.66307067871094
198.6896209716797,102.7035903930664,190.66159057617188
198.74757385253906,102.76142883300781,190.66012573242188
198.80545043945312,102.81932067871094,190.65867614746094
198.8632354736328,102.87725067138672,190.65724182128906
198.92092895507812,102.93523406982422,190.6558074951172
198.97853088378906,102.99327087402344,190.65440368652344
199.03602600097656,103.05134582519531,190.6529998779297
199.09341430664062,103.10946655273438,190.65159606933594
199.15072631835938,103.16764068603516,190.65020751953125
199.2079315185547,103.22586059570312,190.64883422851562
199.26504516601562,103.28413391113281,190.6474609375
199.32203674316406,103.34246063232422,190.6461181640625
199.37893676757812,103.40083312988281,190.644775390625
199.4357452392578,103.45926666259766,190.64344787597656
199.49244689941406,103.51773834228516,190.6421356201172
199.549072265625,103.57626342773438,190.6408233642578
199.60557556152344,103.63484191894531,190.63954162597656
199.6619873046875,103.6934814453125,190.63827514648438
199.7183074951172,103.75215911865234,190.6370086669922
199.77450561523438,103.81089782714844,190.63577270507812
199.83059692382812,103.86968994140625,190.63453674316406
199.88661193847656,103.92853546142578,190.63331604003906
199.94252014160156,103.98743438720703,190.6321258544922
199.99832153320312,104.04639434814453,190.63095092773438
200.0540008544922,104.10540008544922,190.62977600097656
200.1095733642578,104.16447448730469,190.6286163330078
200.16502380371094,104.22361755371094,190.62747192382812
200.22036743164062,104.28280639648438,190.6263427734375
200.27560424804688,104.3420639038086,190.6251983642578
200.33071899414062,104.40137481689453,190.6240692138672
200.3857421875,104.46076965332031,190.62295532226562
200.4406280517578,104.52019500732422,190.621826171875
200.4954071044922,104.57968139648438,190.62071228027344
200.55007934570312,104.63922882080078,190.61956787109375
200.6046600341797,104.6988296508789,190.61842346191406
200.65911865234375,104.75847625732422,190.6172637939453
200.71347045898438,104.81818389892578,190.6160888671875
200.7677001953125,104.8779525756836,190.61488342285156
200.82183837890625,104.9377670288086,190.61367797851562
200.8758544921875,104.99765014648438,190.6124267578125
200.92974853515625,105.0575942993164,190.6111602783203
200.98355102539062,105.11758422851562,190.60987854003906
201.03724670410156,105.17764282226562,190.6085968017578
201.12327575683594,105.27426147460938,190.6064453125
201.17666625976562,105.33445739746094,190.6051025390625
201.22994995117188,105.39472198486328,190.60372924804688
201.2831268310547,105.45504760742188,190.6023406982422
201.336181640625,105.51543426513672,190.60093688964844
201.38909912109375,105.57587432861328,190.59951782226562
201.44192504882812,105.6363754272461,190.59808349609375
201.49468994140625,105.697021484375,190.59664916992188
201.54727172851562,105.75764465332031,190.59518432617188
201.5997314453125,105.81832885742188,190.59373474121094
201.65208435058594,105.87906646728516,190.5922393798828
201.7042999267578,105.93986511230469,190.5907745361328
201.7563934326172,106.00072479248047,190.58929443359375
201.8083953857422,106.0616455078125,190.58779907226562
201.86026000976562,106.12262725830078,190.5863037109375
201.91200256347656,106.18367004394531,190.5847930908203
201.96408081054688,106.2452621459961,190.58326721191406
202.0155792236328,106.3064193725586,190.5817413330078
202.0669708251953,106.36763000488281,190.5802001953125
202.11825561523438,106.42890930175781,190.57862854003906
202.16940307617188,106.49024963378906,190.5770721435547
202.22042846679688,106.55164337158203,190.5754852294922
202.27130126953125,106.61312103271484,190.57386779785156
202.32203674316406,106.67466735839844,190.57223510742188
202.37258911132812,106.73629760742188,190.57058715820312
202.4230194091797,106.79801940917969,190.5689239501953
202.47325134277344,106.85981750488281,190.56723022460938
202.52334594726562,106.92169952392578,190.56552124023438
202.57325744628906,106.98367309570312,190.5637969970703
202.62301635742188,107.04573059082031,190.5620574951172
202.67259216308594,107.10787963867188,190.560302734375
202.72470092773438,107.17353057861328,190.55844116210938
202.7779541015625,107.2409439086914,190.5565185546875
202.8270263671875,107.30335235595703,190.5547332763672
202.87591552734375,107.36585235595703,190.55291748046875
202.92465209960938,107.42842864990234,190.55111694335938
202.97323608398438,107.49109649658203,190.54930114746094
203.02162170410156,107.55384826660156,190.54745483398438
203.0698699951172,107.61668395996094,190.54562377929688
203.117919921875,107.67961120605469,190.54379272460938
203.1658172607422,107.74261474609375,190.54196166992188
203.2143096923828,107.80669403076172,190.54006958007812
203.26187133789062,107.86986541748047,190.5382080078125
203.30926513671875,107.93312072753906,190.53636169433594
203.3564910888672,107.9964599609375,190.53448486328125
203.42027282714844,108.08251190185547,190.53195190429688
203.4670867919922,108.14605712890625,190.5300750732422
203.5157928466797,108.21249389648438,190.5281219482422
203.562255859375,108.27620697021484,190.52622985839844
203.6085662841797,108.33999633789062,190.5243377685547
203.65467834472656,108.40386962890625,190.52244567871094
203.7006378173828,108.46782684326172,190.52053833007812
203.74639892578125,108.53186798095703,190.51861572265625
203.7919921875,108.59600067138672,190.51669311523438
203.83740234375,108.66020202636719,190.5147705078125
203.88265991210938,108.7244873046875,190.51284790039062
203.92837524414062,108.789794921875,190.5108642578125
203.9732666015625,108.854248046875,190.5089111328125
204.01797485351562,108.91879272460938,190.5069580078125
204.06251525878906,108.98340606689453,190.50497436523438
204.10940551757812,109.05178833007812,190.50286865234375
204.153564453125,109.11656951904297,190.50088500976562
204.19757080078125,109.18144226074219,190.49887084960938
204.2444305419922,109.25090789794922,190.4967041015625
204.28805541992188,109.31593322753906,190.49468994140625
204.3315887451172,109.38119506835938,190.49264526367188
204.37484741210938,109.4463882446289,190.4906005859375
204.41790771484375,109.51165008544922,190.48855590820312
204.4608154296875,109.5770034790039,190.4864959716797
204.50352478027344,109.64242553710938,190.48443603515625
204.5460662841797,109.70793151855469,190.48236083984375
204.58840942382812,109.77350616455078,190.4802703857422
204.63221740722656,109.84171295166016,190.47811889648438
204.6741943359375,109.90745544433594,190.4760284423828
204.7159881591797,109.9732666015625,190.4739227294922
204.75758361816406,110.0391616821289,190.47181701660156
204.79901123046875,110.10511779785156,190.46971130371094
204.84024047851562,110.17115783691406,190.4676055908203
204.88128662109375,110.23727416992188,190.46546936035156
204.92214965820312,110.30347442626953,190.4633331298828
204.9639434814453,110.37162780761719,190.46115112304688
205.00439453125,110.43798828125,190.45899963378906
205.04464721679688,110.5044174194336,190.4568634033203
205.084716796875,110.57093811035156,190.4547119140625
205.12457275390625,110.63753509521484,190.45252990722656
205.16424560546875,110.70419311523438,190.45037841796875
205.20372009277344,110.77094268798828,190.44821166992188
205.24298095703125,110.8377685546875,190.44602966308594
205.2820587158203,110.9046630859375,190.44383239746094
205.3209228515625,110.97163391113281,190.44166564941406
205.37326049804688,111.06244659423828,190.43869018554688
205.41168212890625,111.12959289550781,190.43650817871094
205.4498748779297,111.19682312011719,190.43431091308594
205.4878692626953,111.26412200927734,190.43211364746094
205.5270538330078,111.33395385742188,190.42984008789062
205.56463623046875,111.40140533447266,190.42767333984375
205.60202026367188,111.46893310546875,190.4254913330078
205.63922119140625,111.53652954101562,190.42330932617188
205.6762237548828,111.60419464111328,190.421142578125
205.71298217773438,111.67192840576172,190.41896057128906
205.74957275390625,111.73973846435547,190.4167938232422
205.7859649658203,111.8076171875,190.41464233398438
205.82212829589844,111.87556457519531,190.4124755859375
205.859130859375,111.94551849365234,190.41026306152344
205.89488220214844,112.01360321044922,190.40811157226562
205.9304656982422,112.08175659179688,190.4059600830078
205.96580505371094,112.14998626708984,190.40382385253906
206.0009765625,112.21827697753906,190.4016876220703
206.0359344482422,112.28662872314453,190.3995361328125
206.07069396972656,112.35504913330078,190.3973846435547
206.10525512695312,112.42353057861328,190.39524841308594
206.13963317871094,112.49208068847656,190.39309692382812
206.17384338378906,112.560791015625,190.39093017578125
206.20777893066406,112.62947082519531,190.38877868652344
206.24154663085938,112.69820404052734,190.38662719726562
206.2751007080078,112.76700592041016,190.3844451904297
206.30845642089844,112.83586120605469,190.38229370117188
206.34161376953125,112.90477752685547,190.38011169433594
206.37457275390625,112.97376251220703,190.3779296875
206.40731811523438,113.04280090332031,190.37574768066406
206.4398651123047,113.11190032958984,190.37355041503906
206.47271728515625,113.1821060180664,190.371337890625
206.50485229492188,113.2513198852539,190.369140625
206.53680419921875,113.32059478759766,190.366943359375
206.5685577392578,113.38992309570312,190.36474609375
206.60009765625,113.45930480957031,190.36253356933594
206.63143920898438,113.52874755859375,190.36033630371094
206.66421508789062,113.6019287109375,190.35801696777344
206.69769287109375,113.67723083496094,190.35562133789062
206.7283935546875,113.74684143066406,190.35342407226562
206.7589111328125,113.81651306152344,190.35121154785156
206.78921508789062,113.88623046875,190.34901428222656
206.81932067871094,113.95600128173828,190.3468017578125
206.8492431640625,114.02581787109375,190.3446044921875
206.87893676757812,114.09568786621094,190.3424072265625
206.9178466796875,114.18802642822266,190.3394775390625
206.94711303710938,114.25801849365234,190.33724975585938
206.97776794433594,114.33199310302734,190.33489990234375
207.00660705566406,114.4020767211914,190.33267211914062
207.03524780273438,114.47220611572266,190.33045959472656
207.0636749267578,114.54238891601562,190.32823181152344
207.09188842773438,114.61261749267578,190.3260040283203
207.12142944335938,114.68670654296875,190.3236541748047
207.14923095703125,114.75702667236328,190.32144165039062
207.1768341064453,114.827392578125,190.3192138671875
207.20425415039062,114.8978042602539,190.31698608398438
207.23146057128906,114.96825408935547,190.31475830078125
207.25845336914062,115.03874969482422,190.31253051757812
207.28524780273438,115.10928344726562,190.31028747558594
207.31185913085938,115.17987060546875,190.30804443359375
207.3382568359375,115.25048828125,190.30580139160156
207.36488342285156,115.32231140136719,190.3035125732422
207.39089965820312,115.39300537109375,190.30125427246094
207.4167022705078,115.46375274658203,190.29898071289062
207.44229125976562,115.53453063964844,190.2967071533203
207.46768188476562,115.60535430908203,190.29441833496094
207.49288940429688,115.67620849609375,190.29212951660156
207.51950073242188,115.75171661376953,190.28970336914062
207.54632568359375,115.82850646972656,190.28721618652344
207.5708770751953,115.89948272705078,190.28492736816406
207.59524536132812,115.97050476074219,190.2826385498047
207.61941528320312,116.04154968261719,190.28033447265625
207.6433868408203,116.1126480102539,190.2780303955078
207.6671600341797,116.18378448486328,190.27572631835938
207.6907196044922,116.25495910644531,190.27342224121094
207.71409606933594,116.32617950439453,190.2711181640625
207.73727416992188,116.39744567871094,190.268798828125
207.7611846923828,116.47169494628906,190.26637268066406
207.7839813232422,116.54306030273438,190.26405334472656
207.8065643310547,116.6144790649414,190.26173400878906
207.82894897460938,116.68596649169922,190.2593994140625
207.8511505126953,116.75749969482422,190.257080078125
207.8731689453125,116.8291015625,190.25474548339844
207.89501953125,116.90076446533203,190.2523956298828
207.91671752929688,116.97248077392578,190.2500762939453
207.93824768066406,117.04425811767578,190.2477264404297
207.96005249023438,117.11752319335938,190.24533081054688
207.98126220703125,117.1894302368164,190.2429962158203
208.0023193359375,117.26139831542969,190.24061584472656
208.02322387695312,117.33341979980469,190.23826599121094
208.05245971679688,117.43518829345703,190.23489379882812
208.07298278808594,117.50736999511719,190.2324981689453
208.09332275390625,117.5796127319336,190.23011779785156
208.113525390625,117.65192413330078,190.22772216796875
208.13356018066406,117.72428894042969,190.2252960205078
208.15342712402344,117.7967300415039,190.22288513183594
208.1742706298828,117.87337493896484,190.22032165527344
208.19381713867188,117.94593048095703,190.21788024902344
208.2131805419922,118.0185546875,190.21543884277344
208.23374938964844,118.0963363647461,190.21279907226562
208.25440979003906,118.17523956298828,190.2101287841797
208.27330017089844,118.24805450439453,190.2076416015625
208.29202270507812,118.32093048095703,190.20513916015625
208.3106231689453,118.39385986328125,190.20260620117188
208.3302764892578,118.47177124023438,190.19989013671875
208.34854125976562,118.54483032226562,190.1973114013672
208.3679656982422,118.62324523925781,190.19456481933594
208.38589477539062,118.69642639160156,190.19200134277344
208.40365600585938,118.76966094970703,190.18942260742188
208.42129516601562,118.84295654296875,190.18685913085938
208.43875122070312,118.91629791259766,190.1842803955078
208.45603942871094,118.98970794677734,190.18173217773438
208.47320556640625,119.06317138671875,190.1791534423828
208.4901885986328,119.13668823242188,190.1765899658203
208.50741577148438,119.21197509765625,190.17396545410156
208.52407836914062,119.28561401367188,190.17140197753906
208.54058837890625,119.35930633544922,190.16885375976562
208.55694580078125,119.43304443359375,190.16632080078125
208.57411193847656,119.51130676269531,190.1636199951172
208.5901641845703,119.58516693115234,190.16107177734375
208.6060333251953,119.6590805053711,190.15853881835938
208.62176513671875,119.73306274414062,190.15599060058594
208.6382293701172,119.81134033203125,190.15328979492188
208.65362548828125,119.88542938232422,190.15074157714844
208.66888427734375,119.95958709716797,190.14820861816406
208.68399047851562,120.03379821777344,190.1456756591797
208.69891357421875,120.10807037353516,190.14315795898438
208.7136993408203,120.1823959350586,190.14065551757812
208.7283172607422,120.25678253173828,190.1381378173828
208.7427978515625,120.33122253417969,190.13563537597656
208.75753784179688,120.40779876708984,190.13304138183594
208.77171325683594,120.48236083984375,190.13052368164062
208.78575134277344,120.55697631835938,190.12796020507812
208.7996368408203,120.63164520263672,190.12539672851562
208.81338500976562,120.70637512207031,190.12281799316406
208.83355712890625,120.81768035888672,190.11895751953125
208.846923828125,120.89257049560547,190.11636352539062
208.8601531982422,120.96752166748047,190.11376953125
208.87322998046875,121.04254150390625,190.11119079589844
208.88613891601562,121.11762237548828,190.10861206054688
208.89889526367188,121.19275665283203,190.1060333251953
208.9114990234375,121.2679672241211,190.10345458984375
208.9239501953125,121.34322357177734,190.1009063720703
208.93624877929688,121.41854095458984,190.0983428955078
208.94839477539062,121.49393463134766,190.09579467773438
208.96038818359375,121.56937408447266,190.09326171875
208.9722137451172,121.64488983154297,190.0907440185547
208.98391723632812,121.720458984375,190.08822631835938
208.99545288085938,121.79608917236328,190.085693359375
209.00685119628906,121.87176513671875,190.0831756591797
209.01809692382812,121.947509765625,190.08065795898438
209.03062438964844,122.03315734863281,190.07778930664062
209.0415802001953,122.1090316772461,190.0752410888672
209.05238342285156,122.18496704101562,190.07269287109375
209.06324768066406,122.26261901855469,190.07009887695312
209.07371520996094,122.33869934082031,190.06759643554688
209.08404541015625,122.41485595703125,190.0651092529297
209.09422302246094,122.49107360839844,190.06263732910156
209.104248046875,122.56735229492188,190.06019592285156
209.11412048339844,122.64368438720703,190.05776977539062
209.1238555908203,122.72007751464844,190.0553741455078
209.1334228515625,122.79653930664062,190.05296325683594
209.14285278320312,122.87306213378906,190.0505828857422
209.15213012695312,122.94964599609375,190.04820251464844
209.1612548828125,123.02628326416016,190.04583740234375
209.17022705078125,123.10298156738281,190.04347229003906
209.17906188964844,123.17974853515625,190.04110717773438
209.187744140625,123.25657653808594,190.0387725830078
209.19627380371094,123.3334732055664,190.03643798828125
209.2047576904297,123.41145324707031,190.03407287597656
209.21298217773438,123.48847198486328,190.03175354003906
209.22105407714844,123.5655517578125,190.02944946289062
209.22897338867188,123.64269256591797,190.0271453857422
209.23675537109375,123.71990203857422,190.0248565673828
209.244384765625,123.79716491699219,190.02256774902344
209.25189208984375,123.87449645996094,190.020263671875
209.25926208496094,123.95187377929688,190.01792907714844
209.26651000976562,124.02931213378906,190.01556396484375
209.2736053466797,124.10681915283203,190.01318359375
209.2806396484375,124.18504333496094,190.0107421875
209.29017639160156,124.2940902709961,190.0072784423828
209.29757690429688,124.38116455078125,190.0045166015625
209.3040313720703,124.45893859863281,190.00201416015625
209.31033325195312,124.53677368164062,189.99951171875
209.31649780273438,124.61466979980469,189.9970245361328
209.32249450683594,124.69264221191406,189.99453735351562
209.328369140625,124.77067565917969,189.99208068847656
209.3341064453125,124.84876251220703,189.9896240234375
209.33973693847656,124.92692565917969,189.98719787597656
209.3454132080078,125.00738525390625,189.98471069335938
209.35086059570312,125.08566284179688,189.98233032226562
209.35621643066406,125.16399383544922,189.97996520996094
209.3614959716797,125.24238586425781,189.97760009765625
209.36671447753906,125.3208236694336,189.97528076171875
209.37184143066406,125.39933013916016,189.97293090820312
209.37689208984375,125.47789001464844,189.97056579589844
209.3820037841797,125.5590591430664,189.9680938720703
209.3868865966797,125.63774871826172,189.9656524658203
209.39166259765625,125.71649932861328,189.96322631835938
209.39634704589844,125.7953109741211,189.96075439453125
209.40093994140625,125.87419128417969,189.95831298828125
209.40567016601562,125.95696258544922,189.95574951171875
209.41006469726562,126.03597259521484,189.95330810546875
209.41436767578125,126.11502838134766,189.95089721679688
209.41856384277344,126.19414520263672,189.94847106933594
209.4226837158203,126.2732925415039,189.946044921875
209.4267120361328,126.35249328613281,189.943603515625
209.43064880371094,126.43174743652344,189.94113159179688
209.4344940185547,126.51105499267578,189.93865966796875
209.438232421875,126.59043884277344,189.93618774414062
209.44195556640625,126.67106628417969,189.93365478515625
209.4455108642578,126.75057220458984,189.93118286132812
209.44898986816406,126.83014678955078,189.92869567871094
209.452392578125,126.9097900390625,189.92620849609375
209.45570373535156,126.989501953125,189.92372131347656
209.4589385986328,127.06926727294922,189.92123413085938
209.4620819091797,127.14909362792969,189.91876220703125
209.4651336669922,127.2289810180664,189.91627502441406
209.46810913085938,127.30894470214844,189.91380310058594
209.47105407714844,127.39006805419922,189.91131591796875
209.47386169433594,127.47014617919922,189.90884399414062
209.47659301757812,127.55028533935547,189.9064178466797
209.47923278808594,127.63048553466797,189.90399169921875
209.4818115234375,127.71072387695312,189.9015350341797
209.4842987060547,127.79102325439453,189.8990936279297
209.48757934570312,127.90131378173828,189.8957061767578
209.4898681640625,127.98172760009766,189.89320373535156
209.4920654296875,128.06219482421875,189.89071655273438
209.49417114257812,128.14273071289062,189.88821411132812
209.4961700439453,128.22335815429688,189.8857421875
209.4980926513672,128.30406188964844,189.88327026367188
209.4999542236328,128.38482666015625,189.88084411621094
209.501708984375,128.4656524658203,189.87841796875
209.5033721923828,128.54653930664062,189.8760223388672
209.50497436523438,128.6274871826172,189.87364196777344
209.5064697265625,128.70848083496094,189.87127685546875
209.50794982910156,128.79373168945312,189.86880493164062
209.50926208496094,128.87484741210938,189.86647033691406
209.51051330566406,128.9560546875,189.8641357421875
209.51165771484375,129.0372772216797,189.86183166503906
209.51272583007812,129.11859130859375,189.8595428466797
209.51370239257812,129.199951171875,189.8572540283203
209.51458740234375,129.28138732910156,189.85498046875
209.515380859375,129.36288452148438,189.8527069091797
209.51611328125,129.44442749023438,189.8504638671875
209.51673889160156,129.5260467529297,189.84823608398438
209.5172882080078,129.6077117919922,189.84600830078125
209.51773071289062,129.68946838378906,189.8437957763672
209.5181121826172,129.77125549316406,189.8415985107422
209.5183868408203,129.85313415527344,189.8394012451172
209.51858520507812,129.93505859375,189.83721923828125
209.51870727539062,130.0170440673828,189.83505249023438
209.5187225341797,130.1020050048828,189.8328094482422
209.5186767578125,130.18411254882812,189.83062744140625
209.51852416992188,130.2662811279297,189.8284912109375
209.5182647705078,130.3485107421875,189.82630920410156
209.51791381835938,130.435791015625,189.8240203857422
209.51747131347656,130.5181427001953,189.82186889648438
209.51690673828125,130.6005859375,189.8197479248047
209.5162353515625,130.68922424316406,189.8174285888672
209.51548767089844,130.77178955078125,189.81529235839844
209.51467895507812,130.8544158935547,189.8131561279297
209.5137481689453,130.93710327148438,189.8109893798828
209.5127410888672,131.01983642578125,189.808837890625
209.5116424560547,131.10263061523438,189.80670166015625
209.51043701171875,131.18548583984375,189.8045654296875
209.50914001464844,131.26841735839844,189.8024444580078
209.5077362060547,131.3513946533203,189.80032348632812
209.50619506835938,131.4369354248047,189.7981414794922
209.50460815429688,131.52003479003906,189.79605102539062
209.50216674804688,131.63938903808594,189.79306030273438
209.50035095214844,131.72264099121094,189.79100036621094
209.49842834472656,131.80593872070312,189.78895568847656
209.49642944335938,131.88929748535156,189.78689575195312
209.49432373046875,131.97271728515625,189.78488159179688
209.49212646484375,132.0561981201172,189.78285217285156
209.48983764648438,132.1397247314453,189.78082275390625
209.48744201660156,132.2233123779297,189.77882385253906
209.4849090576172,132.3083953857422,189.7767791748047
209.48233032226562,132.39210510253906,189.77476501464844
209.4796600341797,132.47586059570312,189.7727508544922
209.4768829345703,132.55966186523438,189.77073669433594
209.4739990234375,132.64352416992188,189.7687225341797
209.4708709716797,132.73211669921875,189.76658630371094
209.46780395507812,132.81610107421875,189.76455688476562
209.46461486816406,132.90013122558594,189.7625274658203
209.46133422851562,132.9842071533203,189.760498046875
209.45797729492188,133.068359375,189.75845336914062
209.45431518554688,133.15658569335938,189.75631713867188
209.45074462890625,133.2408447265625,189.75425720214844
209.4470672607422,133.32518005371094,189.75218200683594
209.4432830810547,133.40953063964844,189.75010681152344
209.4394073486328,133.4939727783203,189.74803161621094
209.43540954589844,133.57846069335938,189.74595642089844
209.4313201904297,133.6630096435547,189.743896484375
209.42713928222656,133.74761962890625,189.7418212890625
209.4228515625,133.83230590820312,189.73974609375
209.41839599609375,133.91827392578125,189.73765563964844
209.4138946533203,134.0030517578125,189.735595703125
209.40928649902344,134.08790588378906,189.73353576660156
209.404541015625,134.17279052734375,189.73147583007812
209.39967346191406,134.2577362060547,189.7294158935547
209.39466857910156,134.3427276611328,189.72735595703125
209.3892822265625,134.431640625,189.7252197265625
209.38397216796875,134.51673889160156,189.72314453125
209.3785400390625,134.6018829345703,189.72109985351562
209.37294006347656,134.6870880126953,189.7190399169922
209.3671875,134.77232360839844,189.7169952392578
209.36131286621094,134.85763549804688,189.71495056152344
209.3552703857422,134.94297790527344,189.712890625
209.34909057617188,135.0283660888672,189.71083068847656
209.34255981445312,135.11666870117188,189.70870971679688
209.33609008789062,135.20216369628906,189.7066650390625
209.32936096191406,135.289306640625,189.70457458496094
209.3225860595703,135.37490844726562,189.70252990722656
209.31231689453125,135.50160217285156,189.69949340820312
209.30519104003906,135.58731079101562,189.69741821289062
209.29791259765625,135.673095703125,189.69537353515625
209.29049682617188,135.75892639160156,189.6933135986328
209.2829132080078,135.84478759765625,189.69125366210938
209.2751922607422,135.9307098388672,189.68919372558594
209.26730346679688,136.01669311523438,189.6871337890625
209.25929260253906,136.10272216796875,189.68505859375
209.25111389160156,136.1887969970703,189.6829833984375
209.24276733398438,136.27490234375,189.680908203125
209.23365783691406,136.3672637939453,189.6786651611328
209.2249755859375,136.45346069335938,189.67662048339844
209.21612548828125,136.5397186279297,189.674560546875
209.20712280273438,136.62603759765625,189.67251586914062
209.1979522705078,136.71237182617188,189.6704864501953
209.1886444091797,136.7987823486328,189.66845703125
209.1791534423828,136.8852081298828,189.6664276123047
209.16954040527344,136.97169494628906,189.66439819335938
209.15940856933594,137.06126403808594,189.6623077392578
209.1494598388672,137.14784240722656,189.6602783203125
209.13934326171875,137.2344512939453,189.6582489013672
209.1291046142578,137.32110595703125,189.65623474121094
209.11868286132812,137.40780639648438,189.6542205810547
209.10812377929688,137.49453735351562,189.65220642089844
209.09739685058594,137.58131408691406,189.6501922607422
209.08651733398438,137.66812133789062,189.64817810058594
209.07521057128906,137.75697326660156,189.6461181640625
209.06399536132812,137.84385681152344,189.6441192626953
209.05262756347656,137.93080139160156,189.64208984375
209.0410919189453,138.0177764892578,189.6400909423828
209.02940368652344,138.1047821044922,189.63807678222656
209.01756286621094,138.1918487548828,189.63604736328125
209.0055389404297,138.2789306640625,189.634033203125
208.99295043945312,138.3688507080078,189.63194274902344
208.9805908203125,138.4560089111328,189.62989807128906
208.96804809570312,138.54318237304688,189.62786865234375
208.95533752441406,138.6304168701172,189.62583923339844
208.9424591064453,138.71768188476562,189.62379455566406
208.92941284179688,138.8050079345703,189.6217803955078
208.9161834716797,138.89234924316406,189.6197509765625
208.90280151367188,138.97976684570312,189.6177215576172
208.8892364501953,139.0671844482422,189.61572265625
208.87551879882812,139.15464782714844,189.6136932373047
208.86163330078125,139.24212646484375,189.61167907714844
208.8475799560547,139.3296356201172,189.60964965820312
208.82725524902344,139.4543914794922,189.6067657470703
208.81277465820312,139.5419464111328,189.604736328125
208.79812622070312,139.6295166015625,189.60269165039062
208.78329467773438,139.71713256835938,189.6006622314453
208.76829528808594,139.8047637939453,189.5986328125
208.7530975341797,139.89239501953125,189.59657287597656
208.7377166748047,139.9800567626953,189.59454345703125
208.72213745117188,140.06773376464844,189.59249877929688
208.70639038085938,140.15542602539062,189.59043884277344
208.69044494628906,140.24313354492188,189.58839416503906
208.67431640625,140.3308563232422,189.5863494873047
208.65798950195312,140.41860961914062,189.5843048095703
208.64149475097656,140.50633239746094,189.58224487304688
208.62477111816406,140.59410095214844,189.58021545410156
208.60784912109375,140.68186950683594,189.57815551757812
208.5906982421875,140.76962280273438,189.5761260986328
208.57333374023438,140.85736083984375,189.57408142089844
208.55482482910156,140.9495391845703,189.5719451904297
208.5369873046875,141.03724670410156,189.5699005126953
208.51890563964844,141.1249237060547,189.56785583496094
208.49937438964844,141.2181854248047,189.56568908691406
208.4807586669922,141.30580139160156,189.5636444091797
208.46188354492188,141.3933868408203,189.56163024902344
208.44273376464844,141.48092651367188,189.5596160888672
208.42333984375,141.5684051513672,189.55758666992188
208.40367126464844,141.6558380126953,189.5555877685547
208.38375854492188,141.7432098388672,189.5535888671875
208.3635711669922,141.83053588867188,189.5515899658203
208.34312438964844,141.91778564453125,189.54959106445312
208.32119750976562,142.01004028320312,189.54750061035156
208.30020141601562,142.09716796875,189.54551696777344
208.2789306640625,142.18421936035156,189.54354858398438
208.25738525390625,142.2711944580078,189.5415802001953
208.23558044433594,142.35812377929688,189.5396270751953
208.2135009765625,142.44496154785156,189.5376739501953
208.1900634765625,142.53582763671875,189.53564453125
208.16552734375,142.6296844482422,189.53355407714844
208.142578125,142.71627807617188,189.53163146972656
208.11932373046875,142.80279541015625,189.5297088623047
208.09580993652344,142.8892059326172,189.52781677246094
208.07200622558594,142.97557067871094,189.52590942382812
208.0479278564453,143.0618133544922,189.52401733398438
208.0235595703125,143.14797973632812,189.5221405029297
207.99891662597656,143.23406982421875,189.52024841308594
207.97386169433594,143.32044982910156,189.5183563232422
207.9385528564453,143.4402618408203,189.5157470703125
207.9129180908203,143.52598571777344,189.5138702392578
207.8870086669922,143.6116180419922,189.5120086669922
207.8607635498047,143.6971435546875,189.51014709472656
207.83425903320312,143.78256225585938,189.50830078125
207.80702209472656,143.86923217773438,189.5063934326172
207.7799072265625,143.9544219970703,189.50454711914062
207.7525177001953,144.0395050048828,189.502685546875
207.72482299804688,144.12448120117188,189.50082397460938
207.6968536376953,144.2093505859375,189.49896240234375
207.6685791015625,144.29409790039062,189.49710083007812
207.6400146484375,144.37872314453125,189.49522399902344
207.6111602783203,144.46322631835938,189.49334716796875
207.58201599121094,144.547607421875,189.491455078125
207.55169677734375,144.6343536376953,189.489501953125
207.52195739746094,144.718505859375,189.48760986328125
207.49191284179688,144.80252075195312,189.48568725585938
207.46157836914062,144.88641357421875,189.48374938964844
207.4309539794922,144.9701690673828,189.48182678222656
207.40003967285156,145.05380249023438,189.47987365722656
207.3688201904297,145.13731384277344,189.47793579101562
207.3373260498047,145.220703125,189.47596740722656
207.30555725097656,145.303955078125,189.4739990234375
207.2728729248047,145.38877868652344,189.47198486328125
207.24053955078125,145.47181701660156,189.47000122070312
207.20794677734375,145.55471801757812,189.46800231933594
207.17506408691406,145.6374969482422,189.46600341796875
207.1418914794922,145.72015380859375,189.46397399902344
207.1084747314453,145.8026885986328,189.46194458007812
207.07476806640625,145.88511657714844,189.45989990234375
207.04080200195312,145.96742248535156,189.45785522460938
207.00657653808594,146.0496063232422,189.45579528808594
206.9720916748047,146.13168334960938,189.4537353515625
206.93736267089844,146.21365356445312,189.45164489746094
206.90240478515625,146.2955322265625,189.44956970214844
206.86468505859375,146.38311767578125,189.4473114013672
206.8292694091797,146.4647674560547,189.4451904296875
206.79360961914062,146.5463409423828,189.44308471679688
206.75772094726562,146.62779235839844,189.4409637451172
206.71949768066406,146.71389770507812,189.43869018554688
206.6831512451172,146.79513549804688,189.43653869628906
206.64657592773438,146.8762664794922,189.43438720703125
206.6097412109375,146.957275390625,189.43222045898438
206.57269287109375,147.03819274902344,189.43002319335938
206.53541564941406,147.1189727783203,189.4278106689453
206.4876251220703,147.22157287597656,189.42498779296875
206.44979858398438,147.30209350585938,189.4227752685547
206.41172790527344,147.3824920654297,189.4205322265625
206.37339782714844,147.4627685546875,189.4182891845703
206.33485412597656,147.5429229736328,189.416015625
206.2960662841797,147.62295532226562,189.41375732421875
206.2570343017578,147.70286560058594,189.41146850585938
206.21774291992188,147.78265380859375,189.40916442871094
206.17823791503906,147.8623046875,189.4068603515625
206.13848876953125,147.94183349609375,189.404541015625
206.0985107421875,148.021240234375,189.4022216796875
206.05828857421875,148.1005401611328,189.39988708496094
206.017822265625,148.1796875,189.39755249023438
205.97711181640625,148.2587127685547,189.39520263671875
205.93618774414062,148.3376007080078,189.39285278320312
205.89501953125,148.41636657714844,189.39051818847656
205.85362243652344,148.4949951171875,189.38816833496094
205.81198120117188,148.57350158691406,189.3858184814453
205.77011108398438,148.65187072753906,189.38348388671875
205.72801208496094,148.73013305664062,189.38116455078125
205.68568420410156,148.8082275390625,189.3788299560547
205.6431121826172,148.88619995117188,189.37652587890625
205.60031127929688,148.96401977539062,189.37420654296875
205.55404663085938,149.04751586914062,189.3717498779297
205.5107421875,149.1250457763672,189.3694610595703
205.4672088623047,149.20242309570312,189.36715698242188
205.42059326171875,149.28457641601562,189.36474609375
205.3765411376953,149.36160278320312,189.36248779296875
205.3322296142578,149.43849182128906,189.36024475097656
205.28765869140625,149.5152130126953,189.35800170898438
205.24285888671875,149.59176635742188,189.35577392578125
205.19781494140625,149.66818237304688,189.35354614257812
205.15252685546875,149.7444305419922,189.35134887695312
205.1070098876953,149.82052612304688,189.34915161132812
205.06126403808594,149.89646911621094,189.34695434570312
205.01390075683594,149.97450256347656,189.34471130371094
204.96766662597656,150.05015563964844,189.34254455566406
204.92120361328125,150.12564086914062,189.34036254882812
204.87449645996094,150.20098876953125,189.3382110595703
204.82757568359375,150.2761993408203,189.33604431152344
204.78041076660156,150.35125732421875,189.3339080810547
204.7330322265625,150.42616271972656,189.33175659179688
204.6854248046875,150.5009307861328,189.32962036132812
204.6375732421875,150.57553100585938,189.32748413085938
204.58950805664062,150.65000915527344,189.3253631591797
204.5236053466797,150.75135803222656,189.3224639892578
204.47422790527344,150.82669067382812,189.32029724121094
204.42539978027344,150.9006805419922,189.31817626953125
204.37635803222656,150.9745330810547,189.31607055664062
204.32403564453125,151.0528106689453,189.31382751464844
204.2745361328125,151.12635803222656,189.31170654296875
204.22483825683594,151.1997528076172,189.30958557128906
204.17491149902344,151.27301025390625,189.30746459960938
204.12477111816406,151.3461456298828,189.30535888671875
204.0744171142578,151.41909790039062,189.30323791503906
204.02383422851562,151.49192810058594,189.3011016845703
203.97305297851562,151.56460571289062,189.29896545410156
203.92205810546875,151.6371612548828,189.2968292236328
203.870849609375,151.70953369140625,189.29469299316406
203.81942749023438,151.78176879882812,189.29254150390625
203.76779174804688,151.85386657714844,189.29039001464844
203.7159423828125,151.92581176757812,189.2882537841797
203.66387939453125,151.9976043701172,189.2860870361328
203.61160278320312,152.06922912597656,189.28392028808594
203.55914306640625,152.14071655273438,189.28175354003906
203.50643920898438,152.21205139160156,189.27957153320312
203.4535369873047,152.2832489013672,189.2773895263672
203.4004364013672,152.35427856445312,189.27520751953125
203.34710693359375,152.42515563964844,189.27301025390625
203.29359436035156,152.49586486816406,189.27081298828125
203.23983764648438,152.56643676757812,189.2686309814453
203.18589782714844,152.6368408203125,189.26641845703125
203.13172912597656,152.70709228515625,189.26422119140625
203.07736206054688,152.77719116210938,189.26202392578125
203.02279663085938,152.8471221923828,189.2598114013672
202.95912170410156,152.9281463623047,189.25723266601562
202.9040985107422,152.9977264404297,189.25503540039062
202.84884643554688,153.067138671875,189.2528076171875
202.79339599609375,153.13638305664062,189.2506103515625
202.7377471923828,153.20547485351562,189.24839782714844
202.68190002441406,153.2744140625,189.2461700439453
202.62586975097656,153.34320068359375,189.2439727783203
202.5696563720703,153.411865234375,189.24176025390625
202.5116424560547,153.48233032226562,189.23947143554688
202.455078125,153.5507354736328,189.23724365234375
202.39837646484375,153.6190185546875,189.23501586914062
202.3415069580078,153.6872100830078,189.23280334472656
202.2845001220703,153.75531005859375,189.23056030273438
202.2273712158203,153.8232879638672,189.22833251953125
202.1700897216797,153.89117431640625,189.22608947753906
202.0902099609375,153.9853973388672,189.2229766845703
202.03257751464844,154.05303955078125,189.22071838378906
201.9748077392578,154.12059020996094,189.21844482421875
201.91690063476562,154.1880340576172,189.21617126464844
201.85882568359375,154.25537109375,189.21388244628906
201.7923583984375,154.33209228515625,189.2112579345703
201.73399353027344,154.39918518066406,189.20895385742188
201.67547607421875,154.46617126464844,189.20663452148438
201.6167755126953,154.5330352783203,189.2042999267578
201.55795288085938,154.59979248046875,189.2019805908203
201.49899291992188,154.6664581298828,189.19961547851562
201.43988037109375,154.73300170898438,189.197265625
201.38063049316406,154.7994384765625,189.1949005126953
201.32122802734375,154.8657684326172,189.19253540039062
201.2607879638672,154.9329833984375,189.19012451171875
201.2010955810547,154.9990997314453,189.187744140625
201.14126586914062,155.06512451171875,189.18536376953125
201.081298828125,155.13104248046875,189.1829833984375
201.0211944580078,155.1968536376953,189.1806182861328
200.9609375,155.26258850097656,189.17823791503906
200.9005584716797,155.3282012939453,189.17587280273438
200.8400421142578,155.39373779296875,189.17349243164062
200.7793731689453,155.4591827392578,189.17112731933594
200.71759033203125,155.52560424804688,189.168701171875
200.65664672851562,155.59088134765625,189.16635131835938
200.5955810546875,155.6560516357422,189.1639862060547
200.5343780517578,155.7211456298828,189.16162109375
200.47303771972656,155.7861785888672,189.15927124023438
200.4115753173828,155.85110473632812,189.15692138671875
200.34751892089844,155.9185333251953,189.15451049804688
200.2857666015625,155.98329162597656,189.1521759033203
200.22390747070312,156.04800415039062,189.1498565673828
200.16189575195312,156.11260986328125,189.1475372314453
200.0989227294922,156.1780242919922,189.14520263671875
200.0366668701172,156.24249267578125,189.14288330078125
199.97427368164062,156.306884765625,189.14059448242188
199.9117431640625,156.37120056152344,189.13833618164062
199.84909057617188,156.43544006347656,189.13607788085938
199.78631591796875,156.49960327148438,189.13381958007812
199.72341918945312,156.56370544433594,189.131591796875
199.66038513183594,156.6277313232422,189.12936401367188
199.5911102294922,156.69786071777344,189.12693786621094
199.52783203125,156.76173400878906,189.124755859375
199.46438598632812,156.8255157470703,189.12257385253906
199.4008331298828,156.8892059326172,189.12042236328125
199.3101043701172,156.979736328125,189.11737060546875
199.24620056152344,157.04322814941406,189.11524963378906
199.18215942382812,157.10662841796875,189.11314392089844
199.11795043945312,157.16990661621094,189.1110382080078
199.05361938476562,157.2331085205078,189.10894775390625
198.9891357421875,157.29620361328125,189.10687255859375
198.92449951171875,157.35922241210938,189.10479736328125
198.85972595214844,157.42213439941406,189.1027374267578
198.79483032226562,157.4849395751953,189.10069274902344
198.72886657714844,157.54855346679688,189.09861755371094
198.6636505126953,157.61117553710938,189.09658813476562
198.59832763671875,157.6737060546875,189.0945587158203
198.5284423828125,157.74032592773438,189.0924072265625
198.4628143310547,157.80267333984375,189.0904083251953
198.39703369140625,157.86492919921875,189.08839416503906
198.3311309814453,157.9270782470703,189.08641052246094
198.25494384765625,157.99864196777344,189.08412170410156
198.18873596191406,158.06060791015625,189.0821533203125
198.1223602294922,158.12246704101562,189.0802001953125
198.0558624267578,158.1842498779297,189.07827758789062
197.98919677734375,158.24591064453125,189.07635498046875
197.92242431640625,158.3074951171875,189.07444763183594
197.85548400878906,158.36895751953125,189.07254028320312
197.78839111328125,158.43032836914062,189.0706787109375
197.72119140625,158.4916229248047,189.0688018798828
197.65122985839844,158.5551300048828,189.06690979003906
197.58372497558594,158.6162109375,189.06507873535156
197.5160675048828,158.6771697998047,189.06326293945312
197.4482879638672,158.738037109375,189.0614471435547
197.38035583496094,158.79879760742188,189.0596466064453
197.31227111816406,158.8594512939453,189.05787658691406
197.2440643310547,158.92001342773438,189.0561065673828
197.16592407226562,158.9890899658203,189.0540771484375
197.097412109375,159.04942321777344,189.0523223876953
197.0287628173828,159.10963439941406,189.05056762695312
196.9599609375,159.16976928710938,189.048828125
196.8910369873047,159.22975158691406,189.04708862304688
196.8219757080078,159.2896728515625,189.0453338623047
196.7527618408203,159.34945678710938,189.0435791015625
196.6834259033203,159.40911865234375,189.0418243408203
196.61203002929688,159.4703369140625,189.0400390625
196.5424041748047,159.52978515625,189.03826904296875
196.47264099121094,159.58912658691406,189.03651428222656
196.40274047851562,159.6483612060547,189.0347442626953
196.33270263671875,159.70748901367188,189.032958984375
196.23690795898438,159.78797912597656,189.03053283691406
196.16403198242188,159.84890747070312,189.02870178222656
196.093505859375,159.90760803222656,189.02694702148438
196.02284240722656,159.96617126464844,189.02520751953125
195.95205688476562,160.02462768554688,189.02346801757812
195.87701416015625,160.0863037109375,189.0216522216797
195.80592346191406,160.14447021484375,189.01995849609375
195.73472595214844,160.20252990722656,189.0182647705078
195.6633758544922,160.2604522705078,189.0166015625
195.59190368652344,160.31825256347656,189.01492309570312
195.52027893066406,160.37591552734375,189.0132598876953
195.44566345214844,160.4357452392578,189.0115509033203
195.373779296875,160.49313354492188,189.00990295410156
195.30178833007812,160.55038452148438,189.00828552246094
195.2296600341797,160.60748291015625,189.0066375732422
195.1573944091797,160.6644744873047,189.0050048828125
195.08145141601562,160.72409057617188,189.00331115722656
195.00894165039062,160.78079223632812,189.00167846679688
194.93629455566406,160.8373565673828,189.0000457763672
194.86351013183594,160.8937530517578,188.99842834472656
194.79061889648438,160.95001220703125,188.99679565429688
194.7176055908203,161.00613403320312,188.99517822265625
194.64447021484375,161.06210327148438,188.99354553222656
194.5712127685547,161.11793518066406,188.99191284179688
194.49783325195312,161.17361450195312,188.9902801513672
194.42288208007812,161.23020935058594,188.9886016845703
194.3492431640625,161.28558349609375,188.9869842529297
194.2754669189453,161.3407745361328,188.98536682128906
194.2015838623047,161.39584350585938,188.98374938964844
194.12757873535156,161.4507293701172,188.98216247558594
194.05343627929688,161.50547790527344,188.98057556152344
193.97918701171875,161.56007385253906,188.97900390625
193.90481567382812,161.614501953125,188.9774169921875
193.830322265625,161.6687774658203,188.97584533691406
193.75404357910156,161.72412109375,188.9742431640625
193.6793212890625,161.778076171875,188.97267150878906
193.60447692871094,161.83187866210938,188.9711151123047
193.52952575683594,161.88551330566406,188.9695587158203
193.45445251464844,161.9390106201172,188.96798706054688
193.37925720214844,161.99232482910156,188.9664306640625
193.303955078125,162.0454864501953,188.96485900878906
193.22854614257812,162.09848022460938,188.96328735351562
193.15301513671875,162.1513214111328,188.9617156982422
193.07518005371094,162.20550537109375,188.9600830078125
192.9994354248047,162.2580108642578,188.95849609375
192.9010772705078,162.3258056640625,188.95645141601562
192.82508850097656,162.3779296875,188.95486450195312
192.7464599609375,162.4315948486328,188.95323181152344
192.6702423095703,162.48336791992188,188.95164489746094
192.59393310546875,162.5349578857422,188.95004272460938
192.51663208007812,162.58697509765625,188.9484405517578
192.4401092529297,162.63819885253906,188.94683837890625
192.36349487304688,162.68927001953125,188.94525146484375
192.28677368164062,162.74014282226562,188.94363403320312
192.20997619628906,162.7908477783203,188.94203186035156
192.13307189941406,162.84136962890625,188.9404296875
192.05609130859375,162.89170837402344,188.93881225585938
191.9755096435547,162.9441375732422,188.93714904785156
191.89833068847656,162.9940948486328,188.935546875
191.82107543945312,163.0438690185547,188.93392944335938
191.7436981201172,163.0934600830078,188.93231201171875
191.66627502441406,163.14285278320312,188.93069458007812
191.5887451171875,163.1920623779297,188.9290771484375
191.5111541748047,163.24110412597656,188.92742919921875
191.4334716796875,163.28994750976562,188.92581176757812
191.35568237304688,163.33859252929688,188.92417907714844
191.27650451660156,163.3878936767578,188.92250061035156
191.1985626220703,163.43617248535156,188.9208526611328
191.12054443359375,163.48426818847656,188.91917419433594
191.04241943359375,163.53216552734375,188.91751098632812
190.9642333984375,163.57984924316406,188.9158477783203
190.88592529296875,163.6273193359375,188.9141845703125
190.8075714111328,163.6746063232422,188.91250610351562
190.72911071777344,163.7216796875,188.91082763671875
190.6505584716797,163.7685546875,188.90911865234375
190.57196044921875,163.81521606445312,188.90744018554688
190.49325561523438,163.86166381835938,188.90574645996094
190.41445922851562,163.9079132080078,188.904052734375
190.33560180664062,163.95394897460938,188.90235900878906
190.2566375732422,163.99977111816406,188.90066528320312
190.17762756347656,164.04539489746094,188.89898681640625
190.09852600097656,164.09080505371094,188.8972930908203
190.01934814453125,164.13601684570312,188.89559936523438
189.9401092529297,164.18099975585938,188.89389038085938
189.8607940673828,164.22576904296875,188.8922119140625
189.78138732910156,164.27032470703125,188.89053344726562
189.70193481445312,164.3146514892578,188.88885498046875
189.62240600585938,164.3587646484375,188.88719177246094
189.53598022460938,164.4064483642578,188.8853759765625
189.45631408691406,164.45010375976562,188.88369750976562
189.34014892578125,164.5133514404297,188.8812713623047
189.26031494140625,164.55648803710938,188.8795928955078
189.180419921875,164.5994110107422,188.8779296875
189.10044860839844,164.64212036132812,188.8762664794922
189.0204315185547,164.6846160888672,188.8745880126953
188.94032287597656,164.72686767578125,188.87294006347656
188.85922241210938,164.76942443847656,188.8712615966797
188.77899169921875,164.81124877929688,188.86962890625
188.69871520996094,164.85284423828125,188.8679656982422
188.61834716796875,164.8942413330078,188.8663330078125
188.53793334960938,164.93539428710938,188.86468505859375
188.45745849609375,164.97633361816406,188.86305236816406
188.37692260742188,165.01705932617188,188.8614044189453
188.29632568359375,165.05755615234375,188.85977172851562
188.21566772460938,165.0978546142578,188.85813903808594
188.13299560546875,165.13888549804688,188.85646057128906
188.0522003173828,165.1787109375,188.85482788085938
187.97137451171875,165.21832275390625,188.8531951904297
187.89047241210938,165.25770568847656,188.8515625
187.80426025390625,165.29940795898438,188.84983825683594
187.72325134277344,165.3383331298828,188.84820556640625
187.64218139648438,165.37704467773438,188.84658813476562
187.56103515625,165.41552734375,188.84495544433594
187.4798583984375,165.45379638671875,188.84332275390625
187.39862060546875,165.4918212890625,188.84169006347656
187.3173065185547,165.52963256835938,188.84007263183594
187.23594665527344,165.56719970703125,188.8384246826172
187.154541015625,165.6045379638672,188.83680725097656
187.0730743408203,165.64166259765625,188.8351593017578
186.99154663085938,165.6785430908203,188.83352661132812
186.90582275390625,165.717041015625,188.83181762695312
186.8241729736328,165.75344848632812,188.83018493652344
186.7361297607422,165.79241943359375,188.8284149169922
186.6543731689453,165.82833862304688,188.8267822265625
186.5725860595703,165.864013671875,188.8251495361328
186.49072265625,165.8994903564453,188.82351684570312
186.40882873535156,165.93470764160156,188.8218994140625
186.32687377929688,165.96969604492188,188.8202667236328
186.24488830566406,166.00445556640625,188.8186492919922
186.16282653808594,166.0389862060547,188.81703186035156
186.08071899414062,166.07327270507812,188.81541442871094
185.99685668945312,166.1080322265625,188.8137664794922
185.9146728515625,166.14186096191406,188.8121795654297
185.83241271972656,166.17544555664062,188.81057739257812
185.75013732910156,166.20880126953125,188.80897521972656
185.63795471191406,166.25384521484375,188.80682373046875
185.55557250976562,166.28665161132812,188.80523681640625
185.47079467773438,166.32012939453125,188.80360412597656
185.3883056640625,166.35244750976562,188.80201721191406
185.3057861328125,166.384521484375,188.8004608154297
185.2232208251953,166.41636657714844,188.79888916015625
185.14059448242188,166.4479522705078,188.7973175048828
185.0579376220703,166.47930908203125,188.79576110839844
184.97523498535156,166.51040649414062,188.794189453125
184.8925018310547,166.54127502441406,188.7926483154297
184.80972290039062,166.5718994140625,188.7910919189453
184.72689819335938,166.60227966308594,188.78953552246094
184.64404296875,166.63238525390625,188.78799438476562
184.56114196777344,166.6622772216797,188.7864532470703
184.47821044921875,166.69190979003906,188.784912109375
184.3952178955078,166.7213134765625,188.7833709716797
184.31222534179688,166.75045776367188,188.78182983398438
184.2291717529297,166.77938842773438,188.78030395507812
184.14608764648438,166.80804443359375,188.77877807617188
184.06297302246094,166.83645629882812,188.77725219726562
183.9798126220703,166.8646240234375,188.77574157714844
183.89662170410156,166.89254760742188,188.77423095703125
183.8134002685547,166.92022705078125,188.772705078125
183.7301483154297,166.9476776123047,188.7711944580078
183.64686584472656,166.97486877441406,188.7696990966797
183.56353759765625,167.00180053710938,188.76820373535156
183.4801788330078,167.02850341796875,188.76670837402344
183.3968048095703,167.05494689941406,188.76522827148438
183.3134002685547,167.08114624023438,188.7637481689453
183.22996520996094,167.1071014404297,188.76226806640625
183.146484375,167.13282775878906,188.76080322265625
183.06298828125,167.15829467773438,188.75933837890625
182.97947692871094,167.1835174560547,188.7578582763672
182.8959197998047,167.20848083496094,188.7563934326172
182.81234741210938,167.23321533203125,188.75494384765625
182.728759765625,167.2576904296875,188.7534637451172
182.6451416015625,167.28192138671875,188.75201416015625
182.56149291992188,167.30592346191406,188.7505645751953
182.47781372070312,167.3296661376953,188.74911499023438
182.3941192626953,167.3531494140625,188.74766540527344
182.31039428710938,167.37640380859375,188.74623107910156
182.22666931152344,167.39939880371094,188.74478149414062
182.14291381835938,167.42214965820312,188.74334716796875
182.05914306640625,167.44467163085938,188.7418975830078
181.975341796875,167.4669189453125,188.740478515625
181.85781860351562,167.49769592285156,188.73846435546875
181.77398681640625,167.5193634033203,188.737060546875
181.69012451171875,167.54078674316406,188.73562622070312
181.60626220703125,167.5619354248047,188.73422241210938
181.52236938476562,167.58287048339844,188.73280334472656
181.4384765625,167.60353088378906,188.73138427734375
181.353759765625,167.62416076660156,188.72996520996094
181.26983642578125,167.6443328857422,188.7285614013672
181.18589782714844,167.6642608642578,188.72714233398438
181.10195922851562,167.68394470214844,188.7257537841797
181.0179901123047,167.70339965820312,188.72433471679688
180.9340057373047,167.7226104736328,188.7229461669922
180.8500213623047,167.74156188964844,188.72152709960938
180.76600646972656,167.76026916503906,188.72012329101562
180.68197631835938,167.7787322998047,188.7187042236328
180.59791564941406,167.79696655273438,188.71730041503906
180.51382446289062,167.81497192382812,188.7158660888672
180.42970275878906,167.83270263671875,188.71444702148438
180.34555053710938,167.8502197265625,188.71304321289062
180.26138305664062,167.86746215820312,188.7116241455078
180.17715454101562,167.88449096679688,188.710205078125
180.09292602539062,167.90126037597656,188.7088165283203
180.00863647460938,167.91778564453125,188.7073974609375
179.92433166503906,167.93408203125,188.7060089111328
179.8399658203125,167.95013427734375,188.70458984375
179.75559997558594,167.96595764160156,188.70318603515625
179.67115783691406,167.9815216064453,188.70176696777344
179.58670043945312,167.99685668945312,188.7003631591797
179.502197265625,168.01193237304688,188.69895935058594
179.41278076171875,168.02764892578125,188.69747924804688
179.3212432861328,168.04342651367188,188.6959686279297
179.2366180419922,168.05775451660156,188.694580078125
179.15194702148438,168.07186889648438,188.69317626953125
179.0672149658203,168.08572387695312,188.69178771972656
178.98245239257812,168.09934997558594,188.69039916992188
178.8976593017578,168.11273193359375,188.68899536132812
178.8128204345703,168.12588500976562,188.6876220703125
178.72792053222656,168.13877868652344,188.6862335205078
178.64300537109375,168.15145874023438,188.68484497070312
178.5562286376953,168.16416931152344,188.68344116210938
178.47120666503906,168.17637634277344,188.6820526123047
178.3861541748047,168.18833923339844,188.6806640625
178.3006591796875,168.2001190185547,188.6792755126953
178.21551513671875,168.2116241455078,188.67788696289062
178.13034057617188,168.22286987304688,188.67649841308594
178.01416015625,168.2378692626953,188.6746063232422
177.9263916015625,168.24887084960938,188.6731719970703
177.84104919433594,168.2593536376953,188.67178344726562
177.75567626953125,168.26959228515625,188.67039489746094
177.6702423095703,168.2795867919922,188.6689910888672
177.58477783203125,168.28936767578125,188.6676025390625
177.49928283691406,168.29891967773438,188.6661834716797
177.41372680664062,168.30824279785156,188.664794921875
177.32528686523438,168.317626953125,188.663330078125
177.23963928222656,168.32647705078125,188.66192626953125
177.15396118164062,168.33509826660156,188.66050720214844
177.0682373046875,168.34349060058594,188.65908813476562
176.98248291015625,168.3516387939453,188.6576690673828
176.89666748046875,168.3595733642578,188.65625
176.81080627441406,168.36727905273438,188.6548309326172
176.72491455078125,168.374755859375,188.6533966064453
176.6389923095703,168.3820037841797,188.6519775390625
176.55300903320312,168.38900756835938,188.65054321289062
176.4669952392578,168.39578247070312,188.6491241455078
176.38095092773438,168.40234375,188.64768981933594
176.2948455810547,168.40867614746094,188.64627075195312
176.20872497558594,168.414794921875,188.6448516845703
176.11610412597656,168.4210968017578,188.643310546875
176.0299072265625,168.42672729492188,188.6418914794922
175.93719482421875,168.43251037597656,188.6403350830078
175.85089111328125,168.43768310546875,188.63890075683594
175.76316833496094,168.4427032470703,188.637451171875
175.67681884765625,168.44740295410156,188.63600158691406
175.5904083251953,168.45188903808594,188.6345672607422
175.50399780273438,168.45614624023438,188.6331329345703
175.41622924804688,168.46023559570312,188.6316680908203
175.32972717285156,168.46405029296875,188.63021850585938
175.24319458007812,168.46763610839844,188.6287841796875
175.1566162109375,168.4710235595703,188.6273193359375
175.07000732421875,168.47421264648438,188.62586975097656
174.98336791992188,168.4772491455078,188.62440490722656
174.8966827392578,168.4801025390625,188.62294006347656
174.80995178222656,168.48280334472656,188.6214599609375
174.7231903076172,168.48536682128906,188.61997985839844
174.63636779785156,168.48780822753906,188.6184844970703
174.54949951171875,168.4901123046875,188.6169891357422
174.46261596679688,168.49227905273438,188.615478515625
174.37535095214844,168.4943389892578,188.61395263671875
174.28834533691406,168.4962615966797,188.6124267578125
174.20132446289062,168.498046875,188.6108856201172
174.08560180664062,168.5001983642578,188.6088104248047
173.99844360351562,168.50164794921875,188.6072540283203
173.9112548828125,168.50294494628906,188.60565185546875
173.8240203857422,168.50408935546875,188.60406494140625
173.73672485351562,168.50509643554688,188.60244750976562
173.64939880371094,168.5059356689453,188.60081481933594
173.55670166015625,168.5066680908203,188.5990753173828
173.46914672851562,168.50718688964844,188.597412109375
173.38168334960938,168.507568359375,188.59573364257812
173.29415893554688,168.50778198242188,188.59405517578125
173.2065887451172,168.5078582763672,188.59237670898438
173.11898803710938,168.50778198242188,188.59068298339844
173.0313262939453,168.507568359375,188.5889892578125
172.94363403320312,168.50721740722656,188.5872802734375
172.8558807373047,168.5067138671875,188.5855712890625
172.7681121826172,168.50607299804688,188.5838623046875
172.68028259277344,168.5052947998047,188.5821533203125
172.59242248535156,168.50437927246094,188.58042907714844
172.5045166015625,168.5033416748047,188.57870483398438
172.4165496826172,168.50213623046875,188.57699584960938
172.32730102539062,168.50079345703125,188.57525634765625
172.23927307128906,168.4993133544922,188.57354736328125
172.15118408203125,168.4977264404297,188.57183837890625
172.06307983398438,168.4959716796875,188.57008361816406
171.9748992919922,168.49412536621094,188.56834411621094
171.88670349121094,168.4921417236328,188.56658935546875
171.79844665527344,168.4900665283203,188.5648193359375
171.7101287841797,168.48788452148438,188.56304931640625
171.6217803955078,168.48561096191406,188.56124877929688
171.5318145751953,168.48316955566406,188.55943298339844
171.44337463378906,168.48068237304688,188.5576171875
171.35488891601562,168.47808837890625,188.55581665039062
171.266357421875,168.47540283203125,188.5540008544922
171.17779541015625,168.4726104736328,188.55218505859375
171.0891571044922,168.4697265625,188.5503692626953
171.00050354003906,168.46673583984375,188.54855346679688
170.9117889404297,168.46365356445312,188.54673767089844
170.82302856445312,168.46046447753906,188.54493713378906
170.73422241210938,168.45718383789062,188.54312133789062
170.64537048339844,168.4538116455078,188.54132080078125
170.5564727783203,168.4503173828125,188.53952026367188
170.46754455566406,168.44674682617188,188.5377197265625
170.37857055664062,168.44308471679688,188.5359344482422
170.28955078125,168.4393310546875,188.5341339111328
170.2004852294922,168.4354705810547,188.5323486328125
170.06405639648438,168.4293975830078,188.52963256835938
169.97488403320312,168.42530822753906,188.5278778076172
169.8856658935547,168.42112731933594,188.52610778808594
169.79641723632812,168.41685485839844,188.5243377685547
169.70712280273438,168.41250610351562,188.52256774902344
169.61524963378906,168.40792846679688,188.52073669433594
169.52587890625,168.4033966064453,188.51895141601562
169.43646240234375,168.39878845214844,188.5171661376953
169.3470001220703,168.3940887451172,188.51536560058594
169.25750732421875,168.3892822265625,188.5135498046875
169.16795349121094,168.38441467285156,188.5117645263672
169.078369140625,168.3794403076172,188.5099639892578
168.9887237548828,168.37440490722656,188.5081787109375
168.89903259277344,168.3692626953125,188.50637817382812
168.80589294433594,168.3638458251953,188.5045166015625
168.7161102294922,168.35853576660156,188.5027313232422
168.6262969970703,168.35313415527344,188.50094604492188
168.5364227294922,168.34767150878906,188.49917602539062
168.44651794433594,168.3421173095703,188.4973907470703
168.3565673828125,168.33645629882812,188.49560546875
168.26657104492188,168.3307342529297,188.4938201904297
168.17652893066406,168.32493591308594,188.49205017089844
168.08642578125,168.31903076171875,188.4902801513672
167.9962921142578,168.31307983398438,188.48851013183594
167.90611267089844,168.3070068359375,188.48675537109375
167.81588745117188,168.30087280273438,188.48500061035156
167.72561645507812,168.29464721679688,188.48324584960938
167.6352996826172,168.28834533691406,188.4815216064453
167.54493713378906,168.2819366455078,188.47979736328125
167.45452880859375,168.2754669189453,188.4780731201172
167.36407470703125,168.26890563964844,188.47634887695312
167.27357482910156,168.26226806640625,188.47463989257812
167.18304443359375,168.2555389404297,188.47293090820312
167.0924530029297,168.24871826171875,188.4712371826172
167.0018310546875,168.2418212890625,188.46954345703125
166.9111328125,168.23484802246094,188.46788024902344
166.82040405273438,168.22779846191406,188.46620178222656
166.72964477539062,168.22064208984375,188.46453857421875
166.63880920410156,168.2134246826172,188.462890625
166.5479278564453,168.20611572265625,188.4612579345703
166.45703125,168.19871520996094,188.45962524414062
166.36605834960938,168.1912384033203,188.45799255371094
166.27503967285156,168.1836700439453,188.45639038085938
166.1839599609375,168.17601013183594,188.4547576904297
166.09283447265625,168.16827392578125,188.45315551757812
165.95870971679688,168.15673828125,188.4508056640625
165.86746215820312,168.1488037109375,188.44918823242188
165.7761688232422,168.14077758789062,188.44760131835938
165.68006896972656,168.1322479248047,188.4459228515625
165.5886688232422,168.12405395507812,188.44432067871094
165.49720764160156,168.1157684326172,188.44273376464844
165.40570068359375,168.10739135742188,188.44114685058594
165.31414794921875,168.09893798828125,188.43955993652344
165.2176971435547,168.08995056152344,188.4379119873047
165.12469482421875,168.08119201660156,188.43630981445312
165.03297424316406,168.07247924804688,188.43472290039062
164.9412078857422,168.0636749267578,188.43313598632812
164.84939575195312,168.05479431152344,188.4315643310547
164.75750732421875,168.0458221435547,188.4299774169922
164.66558837890625,168.03677368164062,188.4283905029297
164.57362365722656,168.0276336669922,188.42681884765625
164.48158264160156,168.01841735839844,188.4252166748047
164.38949584960938,168.0091094970703,188.42361450195312
164.2965087890625,167.9996337890625,188.42201232910156
164.20433044433594,167.99014282226562,188.42039489746094
164.1121063232422,167.9805908203125,188.41879272460938
164.0198211669922,167.97093200683594,188.41717529296875
163.92747497558594,167.96121215820312,188.41554260253906
163.83509826660156,167.95138549804688,188.41390991210938
163.74264526367188,167.94146728515625,188.41226196289062
163.63746643066406,167.9300994873047,188.410400390625
163.54490661621094,167.92001342773438,188.4087371826172
163.45230102539062,167.9098358154297,188.40707397460938
163.359619140625,167.89956665039062,188.40538024902344
163.26690673828125,167.88922119140625,188.40370178222656
163.1741485595703,167.8787841796875,188.40199279785156
163.08131408691406,167.86825561523438,188.40028381347656
162.9884490966797,167.85763549804688,188.39857482910156
162.8920135498047,167.84652709960938,188.39678955078125
162.7990264892578,167.8357391357422,188.39505004882812
162.7059783935547,167.82485961914062,188.393310546875
162.61288452148438,167.81387329101562,188.39154052734375
162.51332092285156,167.80206298828125,188.38963317871094
162.42010498046875,167.7908935546875,188.38784790039062
162.3268585205078,167.7796630859375,188.3860321044922
162.23353576660156,167.76832580566406,188.3842010498047
162.14016723632812,167.7569122314453,188.38235473632812
162.0467529296875,167.7454071044922,188.38050842285156
161.95326232910156,167.7338104248047,188.37863159179688
161.85595703125,167.72164916992188,188.37667846679688
161.7275848388672,167.70547485351562,188.37408447265625
161.62774658203125,167.69277954101562,188.37203979492188
161.53402709960938,167.68077087402344,188.37010192871094
161.4402618408203,167.66867065429688,188.3681640625
161.34642028808594,167.65647888183594,188.3661651611328
161.25254821777344,167.64422607421875,188.36416625976562
161.15859985351562,167.63185119628906,188.3621368408203
161.06459045410156,167.61940002441406,188.360107421875
160.9705352783203,167.6068572998047,188.3580322265625
160.8697509765625,167.59329223632812,188.3557891845703
160.77557373046875,167.58056640625,188.3536834716797
160.6813507080078,167.56771850585938,188.35154724121094
160.58705139160156,167.55477905273438,188.3494110107422
160.49270629882812,167.54176330566406,188.34725952148438
160.39828491210938,167.5286407470703,188.34507751464844
160.3038330078125,167.5154266357422,188.3428955078125
160.2093048095703,167.50210571289062,188.34068298339844
160.11473083496094,167.48870849609375,188.33843994140625
160.02008056640625,167.47520446777344,188.33616638183594
159.92538452148438,167.46160888671875,188.33389282226562
159.8306121826172,167.4479217529297,188.33160400390625
159.7357940673828,167.43411254882812,188.3292999267578
159.64093017578125,167.4202117919922,188.32699584960938
159.54598999023438,167.40618896484375,188.32472229003906
159.4510040283203,167.39207458496094,188.32247924804688
159.35595703125,167.3778533935547,188.3202362060547
159.26084899902344,167.36354064941406,188.3179931640625
159.1656951904297,167.34912109375,188.31576538085938
159.0704803466797,167.33460998535156,188.3135223388672
158.9752197265625,167.32000732421875,188.31126403808594
158.8798828125,167.30528259277344,188.30902099609375
158.7845001220703,167.29046630859375,188.3067626953125
158.68905639648438,167.2755584716797,188.3044891357422
158.5935516357422,167.26052856445312,188.30223083496094
158.4979705810547,167.24542236328125,188.29995727539062
158.40234375,167.2301788330078,188.2976837158203
158.30575561523438,167.21470642089844,188.29537963867188
158.20999145507812,167.1992645263672,188.29310607910156
158.11415100097656,167.1837158203125,188.2908477783203
158.0182647705078,167.16806030273438,188.28857421875
157.92230224609375,167.15231323242188,188.2863006591797
157.82627868652344,167.13644409179688,188.28402709960938
157.73019409179688,167.1204833984375,188.28173828125
157.63404846191406,167.10438537597656,188.27944946289062
157.53781127929688,167.08819580078125,188.2771759033203
157.4032745361328,167.0653839111328,188.27401733398438
157.30685424804688,167.04891967773438,188.2717742919922
157.21034240722656,167.03233337402344,188.26956176757812
157.11375427246094,167.01564025878906,188.26736450195312
157.01710510253906,166.99884033203125,188.26519775390625
156.920166015625,166.98187255859375,188.26303100585938
156.82339477539062,166.96485900878906,188.26089477539062
156.72653198242188,166.9477081298828,188.25875854492188
156.62962341308594,166.93045043945312,188.25665283203125
156.53262329101562,166.91307067871094,188.25454711914062
156.43556213378906,166.8955841064453,188.25247192382812
156.3384246826172,166.8779754638672,188.25042724609375
156.24122619628906,166.86026000976562,188.24838256835938
156.14395141601562,166.8424072265625,188.24636840820312
156.04661560058594,166.82444763183594,188.24435424804688
155.94918823242188,166.806396484375,188.2423858642578
155.85171508789062,166.7882080078125,188.2404327392578
155.75416564941406,166.7698974609375,188.23849487304688
155.6565399169922,166.75146484375,188.23658752441406
155.55885314941406,166.73292541503906,188.2346954345703
155.4611053466797,166.7142791748047,188.23284912109375
155.36328125,166.69552612304688,188.23101806640625
155.265380859375,166.6766357421875,188.2292022705078
155.1674346923828,166.6576385498047,188.22738647460938
155.0694122314453,166.63851928710938,188.22561645507812
154.97132873535156,166.6193084716797,188.22384643554688
154.8731689453125,166.5999755859375,188.22210693359375
154.7749481201172,166.5805206298828,188.22036743164062
154.67666625976562,166.5609588623047,188.21865844726562
154.57830810546875,166.54129028320312,188.2169647216797
154.47988891601562,166.521484375,188.2152862548828
154.3813934326172,166.50157165527344,188.21363830566406
154.2828369140625,166.48155212402344,188.2119903564453
154.1842041015625,166.46142578125,188.2103729248047
154.08551025390625,166.44117736816406,188.20875549316406
153.980224609375,166.41946411132812,188.20704650878906
153.8813934326172,166.3989715576172,188.20545959472656
153.78245544433594,166.3783721923828,188.20387268066406
153.6834716796875,166.357666015625,188.20230102539062
153.5843963623047,166.3368377685547,188.2007598876953
153.4781951904297,166.31439208984375,188.19908142089844
153.3789825439453,166.2933349609375,188.19754028320312
153.27969360351562,166.27215576171875,188.1959991455078
153.18031311035156,166.2508544921875,188.19447326660156
153.0808563232422,166.2294464111328,188.1929473876953
152.93856811523438,166.19863891601562,188.19078063964844
152.8389434814453,166.17694091796875,188.18927001953125
152.73922729492188,166.1551513671875,188.18777465820312
152.63941955566406,166.1332244873047,188.18629455566406
152.53953552246094,166.11117553710938,188.184814453125
152.4395751953125,166.08900451660156,188.18336486816406
152.33953857421875,166.06671142578125,188.18191528320312
152.23941040039062,166.04429626464844,188.18048095703125
152.13922119140625,166.0217742919922,188.1790771484375
152.03892517089844,165.9991455078125,188.17767333984375
151.9385528564453,165.97642517089844,188.17628479003906
151.8380889892578,165.95362854003906,188.1749267578125
151.73751831054688,165.93077087402344,188.17356872558594
151.63685607910156,165.90785217285156,188.17222595214844
151.53610229492188,165.8848876953125,188.1708984375
151.43524169921875,165.8618621826172,188.16958618164062
151.33428955078125,165.83880615234375,188.1682586669922
151.23294067382812,165.81561279296875,188.16696166992188
151.1317901611328,165.79241943359375,188.16566467285156
151.03053283691406,165.76918029785156,188.16436767578125
150.92918395996094,165.74588012695312,188.16310119628906
150.82774353027344,165.72251892089844,188.16183471679688
150.7261962890625,165.6990966796875,188.16055297851562
150.6245574951172,165.67559814453125,188.1593017578125
150.5181427001953,165.65098571777344,188.15798950195312
150.41610717773438,165.6273193359375,188.15673828125
150.3141632080078,165.60365295410156,188.15548706054688
150.21212768554688,165.57992553710938,188.15423583984375
150.1099853515625,165.55613708496094,188.1529998779297
150.0077362060547,165.5323028564453,188.15174865722656
149.90541076660156,165.50840759277344,188.1505126953125
149.80296325683594,165.48446655273438,188.14927673339844
149.70042419433594,165.46046447753906,188.14804077148438
149.59776306152344,165.43641662597656,188.1468048095703
149.49502563476562,165.41232299804688,188.14559936523438
149.3921661376953,165.38818359375,188.14437866210938
149.28921508789062,165.36399841308594,188.14315795898438
149.1861572265625,165.3397674560547,188.14193725585938
149.0830078125,165.31549072265625,188.14073181152344
148.979736328125,165.2911834716797,188.13951110839844
148.87637329101562,165.26681518554688,188.13832092285156
148.7729034423828,165.24241638183594,188.13711547851562
148.6693115234375,165.21798706054688,188.13592529296875
148.5656280517578,165.19351196289062,188.13475036621094
148.4618377685547,165.1689910888672,188.1335906982422
148.30592346191406,165.1321563720703,188.13186645507812
148.20188903808594,165.1075439453125,188.13070678710938
148.0977325439453,165.08290100097656,188.12957763671875
147.99264526367188,165.05801391601562,188.12844848632812
147.88211059570312,165.0318603515625,188.1272735595703
147.77764892578125,165.00711059570312,188.1261749267578
147.6730499267578,164.9823455810547,188.12509155273438
147.56837463378906,164.95753479003906,188.12400817871094
147.46359252929688,164.93267822265625,188.12294006347656
147.3586883544922,164.90782165527344,188.12188720703125
147.25369262695312,164.88290405273438,188.120849609375
147.14859008789062,164.8579864501953,188.11981201171875
147.04339599609375,164.83303833007812,188.1187744140625
146.93807983398438,164.80804443359375,188.11776733398438
146.83250427246094,164.78298950195312,188.11672973632812
146.72698974609375,164.75794982910156,188.11570739746094
146.6213836669922,164.73289489746094,188.11468505859375
146.51565551757812,164.70779418945312,188.1136932373047
146.40982055664062,164.68267822265625,188.1126708984375
146.30389404296875,164.6575469970703,188.11166381835938
146.19786071777344,164.63238525390625,188.1106719970703
146.09173583984375,164.60719299316406,188.1096649169922
145.98550415039062,164.5819854736328,188.10867309570312
145.87916564941406,164.55674743652344,188.10769653320312
145.77272033691406,164.531494140625,188.10670471191406
145.66616821289062,164.50621032714844,188.105712890625
145.55950927734375,164.4809112548828,188.104736328125
145.45277404785156,164.45558166503906,188.10374450683594
145.3459014892578,164.43023681640625,188.10276794433594
145.23895263671875,164.4048614501953,188.10179138183594
145.13186645507812,164.3794708251953,188.10081481933594
145.0247039794922,164.35406494140625,188.09982299804688
144.9174346923828,164.32862854003906,188.09884643554688
144.81008911132812,164.3031768798828,188.09786987304688
144.70262145996094,164.2777099609375,188.09689331054688
144.59506225585938,164.25221252441406,188.0959014892578
144.48667907714844,164.22653198242188,188.09490966796875
144.37892150878906,164.2010040283203,188.0939483642578
144.2710418701172,164.17544555664062,188.09295654296875
144.1630859375,164.1498565673828,188.09197998046875
144.0550079345703,164.124267578125,188.09100341796875
143.94683837890625,164.09864807128906,188.09002685546875
143.8385772705078,164.07301330566406,188.0890655517578
143.73019409179688,164.04736328125,188.0880889892578
143.62171936035156,164.0216827392578,188.08712768554688
143.43844604492188,163.97837829589844,188.0854949951172
143.3296661376953,163.95272827148438,188.08453369140625
143.22079467773438,163.9271240234375,188.08358764648438
143.1117706298828,163.9015655517578,188.08262634277344
143.00267028808594,163.87606811523438,188.08168029785156
142.89341735839844,163.8506622314453,188.08074951171875
142.7828826904297,163.82504272460938,188.07980346679688
142.67340087890625,163.79981994628906,188.07887268066406
142.56378173828125,163.77467346191406,188.07794189453125
142.4540557861328,163.74961853027344,188.07701110839844
142.3441925048828,163.72463989257812,188.07611083984375
142.23422241210938,163.69976806640625,188.07521057128906
142.12413024902344,163.6750030517578,188.0742950439453
142.01390075683594,163.6503143310547,188.0734100341797
141.903564453125,163.625732421875,188.07252502441406
141.79310607910156,163.6012725830078,188.07164001464844
141.68252563476562,163.576904296875,188.07077026367188
141.57180786132812,163.55262756347656,188.0699462890625
141.4609832763672,163.52842712402344,188.06910705566406
141.35003662109375,163.50430297851562,188.0682830810547
141.23765563964844,163.47996520996094,188.06744384765625
141.11729431152344,163.45396423339844,188.0665740966797
141.00599670410156,163.4300079345703,188.06578063964844
140.89456176757812,163.4060821533203,188.06500244140625
140.7830352783203,163.38223266601562,188.06423950195312
140.67138671875,163.35842895507812,188.0634765625
140.55963134765625,163.33465576171875,188.06272888183594
140.44773864746094,163.31092834472656,188.06198120117188
140.33575439453125,163.28724670410156,188.06124877929688
140.22366333007812,163.2636260986328,188.06051635742188
140.11143493652344,163.24005126953125,188.05979919433594
139.99745178222656,163.21617126464844,188.05906677246094
139.885009765625,163.19268798828125,188.05836486816406
139.7724609375,163.16929626464844,188.0576629638672
139.6597900390625,163.1459197998047,188.0569610595703
139.54698181152344,163.12261962890625,188.0562744140625
139.43408203125,163.099365234375,188.0555877685547
139.32107543945312,163.07618713378906,188.05487060546875
139.20794677734375,163.05307006835938,188.05418395996094
139.09471130371094,163.02999877929688,188.053466796875
138.98135375976562,163.00698852539062,188.05276489257812
138.86790466308594,162.98403930664062,188.0520477294922
138.75341796875,162.9609832763672,188.05133056640625
138.6397247314453,162.93814086914062,188.05059814453125
138.5259246826172,162.91537475585938,188.0498504638672
138.313720703125,162.8731231689453,188.04844665527344
138.1975555419922,162.85012817382812,188.0476531982422
138.0833282470703,162.82757568359375,188.046875
137.9602508544922,162.8033447265625,188.0460205078125
137.8457794189453,162.7808837890625,188.0452423095703
137.73121643066406,162.75845336914062,188.04441833496094
137.6165313720703,162.73602294921875,188.0436248779297
137.5017547607422,162.71363830566406,188.04278564453125
137.38687133789062,162.69125366210938,188.04196166992188
137.27186584472656,162.6688995361328,188.04112243652344
137.15676879882812,162.6465606689453,188.04026794433594
137.04156494140625,162.62423706054688,188.03941345214844
136.92623901367188,162.6019287109375,188.03854370117188
136.81080627441406,162.5796356201172,188.0376434326172
136.69528198242188,162.55735778808594,188.03677368164062
136.5796356201172,162.53509521484375,188.03587341308594
136.46388244628906,162.5128631591797,188.0349884033203
136.34803771972656,162.49061584472656,188.03408813476562
136.23207092285156,162.46839904785156,188.03317260742188
136.1160125732422,162.4462127685547,188.03224182128906
135.99984741210938,162.42401123046875,188.03131103515625
135.8805694580078,162.40126037597656,188.0303497314453
135.76419067382812,162.37908935546875,188.02938842773438
135.64768981933594,162.35691833496094,188.0284423828125
135.53109741210938,162.3347625732422,188.0274658203125
135.4143829345703,162.3126220703125,188.02650451660156
135.29757690429688,162.29046630859375,188.02554321289062
135.18064880371094,162.26832580566406,188.02456665039062
135.0636444091797,162.24618530273438,188.0236053466797
134.94651794433594,162.22406005859375,188.0226287841797
134.8292999267578,162.20191955566406,188.02163696289062
134.71197509765625,162.17977905273438,188.0206756591797
134.59454345703125,162.15762329101562,188.01966857910156
134.4770050048828,162.13546752929688,188.0186767578125
134.359375,162.11331176757812,188.01766967773438
134.24163818359375,162.09117126464844,188.0166778564453
134.123779296875,162.06900024414062,188.01571655273438
134.00584411621094,162.0468292236328,188.0147247314453
133.88780212402344,162.02464294433594,188.01376342773438
133.7696533203125,162.00245666503906,188.01280212402344
133.65142822265625,161.98025512695312,188.0118408203125
133.5330810546875,161.95803833007812,188.01089477539062
133.41464233398438,161.93582153320312,188.00994873046875
133.29611206054688,161.91358947753906,188.00901794433594
133.17747497558594,161.89134216308594,188.00807189941406
133.00144958496094,161.85833740234375,188.00669860839844
132.882568359375,161.83604431152344,188.00576782226562
132.74815368652344,161.81085205078125,188.00474548339844
132.62904357910156,161.78851318359375,188.00384521484375
132.5098419189453,161.7661590576172,188.0029296875
132.39041137695312,161.74375915527344,188.00201416015625
132.27101135253906,161.72137451171875,188.0010986328125
132.1495361328125,161.69859313964844,188.00018310546875
132.02993774414062,161.6761474609375,187.999267578125
131.9046630859375,161.6526336669922,187.9983367919922
131.78488159179688,161.63014221191406,187.9974822998047
131.66497802734375,161.60763549804688,187.99661254882812
131.54498291015625,161.58509826660156,187.99575805664062
131.4248809814453,161.56253051757812,187.99490356445312
131.3046875,161.53993225097656,187.9940948486328
131.18438720703125,161.51730346679688,187.99327087402344
131.05682373046875,161.49331665039062,187.99241638183594
130.93634033203125,161.4706268310547,187.99160766601562
130.81573486328125,161.4479217529297,187.99081420898438
130.69505310058594,161.42518615722656,187.99002075195312
130.5742645263672,161.4024200439453,187.9892578125
130.45338439941406,161.37962341308594,187.98849487304688
130.33241271972656,161.35679626464844,187.98773193359375
130.21133422851562,161.33392333984375,187.98696899414062
130.0901641845703,161.31105041503906,187.98622131347656
129.9689178466797,161.28811645507812,187.98545837402344
129.84754943847656,161.26516723632812,187.9847412109375
129.72323608398438,161.2416229248047,187.98399353027344
129.6016845703125,161.2185821533203,187.9832763671875
129.48004150390625,161.19549560546875,187.9825439453125
129.35830688476562,161.17234802246094,187.98182678222656
129.23648071289062,161.1491241455078,187.98109436035156
129.1145782470703,161.12583923339844,187.9803924560547
128.99258422851562,161.10247802734375,187.9796600341797
128.87051391601562,161.0790557861328,187.97894287109375
128.7483367919922,161.0555419921875,187.9782257080078
128.62608337402344,161.03196716308594,187.9774932861328
128.50375366210938,161.00830078125,187.9767608642578
128.38133239746094,160.9845733642578,187.9760284423828
128.2588348388672,160.96075439453125,187.97528076171875
128.13601684570312,160.9368133544922,187.9745330810547
128.0133514404297,160.912841796875,187.9738006591797
127.88131713867188,160.886962890625,187.9729766845703
127.75847625732422,160.86282348632812,187.9722137451172
127.63555145263672,160.83859252929688,187.97145080566406
127.46502685546875,160.8048553466797,187.97036743164062
127.34191131591797,160.78042602539062,187.96958923339844
127.21871948242188,160.7559051513672,187.96881103515625
127.09542846679688,160.7312774658203,187.968017578125
126.97207641601562,160.7065887451172,187.96722412109375
126.84148406982422,160.6803436279297,187.9663848876953
126.70747375488281,160.6533660888672,187.9655303955078
126.58385467529297,160.62841796875,187.96473693847656
126.46015167236328,160.60340881347656,187.9639434814453
126.33634948730469,160.5783233642578,187.96315002441406
126.21247863769531,160.55320739746094,187.9623565673828
126.08134460449219,160.5265655517578,187.9615020751953
125.95728302001953,160.50132751464844,187.960693359375
125.83313751220703,160.47605895996094,187.95986938476562
125.70889282226562,160.45071411132812,187.9590606689453
125.58457946777344,160.4253387451172,187.95822143554688
125.46017456054688,160.39988708496094,187.95738220214844
125.33567810058594,160.3743896484375,187.95654296875
125.21109008789062,160.34881591796875,187.9556884765625
125.07962799072266,160.32179260253906,187.9547882080078
124.95486450195312,160.29611206054688,187.9539337158203
124.83003234863281,160.27037048339844,187.9530792236328
124.69483947753906,160.24241638183594,187.95216369628906
124.56982421875,160.216552734375,187.9513397216797
124.44471740722656,160.19061279296875,187.9504852294922
124.31953430175781,160.16461181640625,187.94964599609375
124.19426727294922,160.13856506347656,187.9487762451172
124.06891632080078,160.11244201660156,187.9479217529297
123.93785095214844,160.08509826660156,187.94700622558594
123.81233215332031,160.05885314941406,187.9461212158203
123.68672180175781,160.0325469970703,187.94520568847656
123.56103515625,160.00621032714844,187.94430541992188
123.43525695800781,159.97979736328125,187.94338989257812
123.30940246582031,159.95333862304688,187.94247436523438
123.18346405029297,159.9268035888672,187.94155883789062
123.05744171142578,159.90023803710938,187.94061279296875
122.93132019042969,159.87359619140625,187.939697265625
122.80512237548828,159.84690856933594,187.9387664794922
122.67884063720703,159.82017517089844,187.93785095214844
122.5524673461914,159.79336547851562,187.93692016601562
122.42601013183594,159.7665252685547,187.93601989746094
122.2994613647461,159.7396240234375,187.9351043701172
122.1728286743164,159.71267700195312,187.93418884277344
122.0461196899414,159.68568420410156,187.93325805664062
121.91931915283203,159.6586151123047,187.9323272705078
121.721923828125,159.616455078125,187.9308624267578
121.59492492675781,159.5892791748047,187.92991638183594
121.46784210205078,159.5620574951172,187.928955078125
121.34066772460938,159.53477478027344,187.9280242919922
121.21340942382812,159.50746154785156,187.9270782470703
121.08607482910156,159.48008728027344,187.9261474609375
120.95720672607422,159.4523468017578,187.9252166748047
120.8259048461914,159.424072265625,187.92428588867188
120.69830322265625,159.39657592773438,187.9233856201172
120.57061767578125,159.3690185546875,187.92250061035156
120.4428482055664,159.3414306640625,187.92160034179688
120.31499481201172,159.3137969970703,187.92071533203125
120.18706512451172,159.28616333007812,187.9198455810547
120.05904388427734,159.2584686279297,187.91896057128906
119.93093872070312,159.2307586669922,187.9180908203125
119.80274963378906,159.20303344726562,187.91720581054688
119.67447662353516,159.17527770996094,187.9163360595703
119.54610443115234,159.1475067138672,187.9154815673828
119.4151840209961,159.11917114257812,187.91458129882812
119.28587341308594,159.0911865234375,187.91371154785156
119.15723419189453,159.06336975097656,187.91285705566406
119.02851104736328,159.0355224609375,187.91200256347656
118.88998413085938,159.0055694580078,187.91107177734375
118.75039672851562,158.97540283203125,187.91015625
118.62137603759766,158.947509765625,187.90931701660156
118.49227905273438,158.91961669921875,187.90847778320312
118.36308288574219,158.89170837402344,187.9076385498047
118.23379516601562,158.86380004882812,187.90679931640625
118.10442352294922,158.83587646484375,187.90597534179688
117.97496795654297,158.8079376220703,187.9051513671875
117.84541320800781,158.77999877929688,187.90431213378906
117.71577453613281,158.75204467773438,187.90350341796875
117.5860366821289,158.72410583496094,187.90267944335938
117.45452880859375,158.69578552246094,187.90184020996094
117.32461547851562,158.66783142089844,187.90101623535156
117.19461822509766,158.63986206054688,187.90023803710938
117.06453704833984,158.6118927001953,187.89944458007812
116.93443298339844,158.58395385742188,187.8986358642578
116.80433654785156,158.55601501464844,187.89784240722656
116.67426300048828,158.52810668945312,187.8970489501953
116.52546691894531,158.4962158203125,187.89613342285156
116.39540100097656,158.4683380126953,187.89532470703125
116.26535034179688,158.4405059814453,187.89450073242188
116.13529205322266,158.41270446777344,187.89369201660156
116.00524139404297,158.38490295410156,187.89283752441406
115.82395935058594,158.34620666503906,187.89166259765625
115.69390869140625,158.31849670410156,187.89080810546875
115.56387329101562,158.29080200195312,187.8899383544922
115.433837890625,158.26312255859375,187.88905334472656
115.30380249023438,158.23548889160156,187.88815307617188
115.17217254638672,158.20753479003906,187.88723754882812
115.04214477539062,158.17996215820312,187.8863067626953
114.91211700439453,158.15240478515625,187.88539123535156
114.78208923339844,158.1248779296875,187.88446044921875
114.64346313476562,158.0955810546875,187.8834686279297
114.5134506225586,158.06814575195312,187.88255310058594
114.38343811035156,158.0407257080078,187.88162231445312
114.25342559814453,158.01333618164062,187.88067626953125
114.1234130859375,157.98599243164062,187.87973022460938
113.993408203125,157.95867919921875,187.8787841796875
113.86341094970703,157.93138122558594,187.87783813476562
113.73341369628906,157.9041290283203,187.87689208984375
113.60342407226562,157.87689208984375,187.8759307861328
113.47344207763672,157.8496551513672,187.87496948242188
113.34346771240234,157.82244873046875,187.87399291992188
113.2135009765625,157.7952423095703,187.87301635742188
113.08353424072266,157.76803588867188,187.87203979492188
112.95358276367188,157.74085998535156,187.8710479736328
112.82363891601562,157.71368408203125,187.8700408935547
112.67396545410156,157.68240356445312,187.86891174316406
112.54402923583984,157.65525817871094,187.86790466308594
112.41410827636719,157.6281280517578,187.8668975830078
112.28419494628906,157.60101318359375,187.8658905029297
112.15428924560547,157.57391357421875,187.86489868164062
112.0243911743164,157.54681396484375,187.8638916015625
111.89449310302734,157.51974487304688,187.86289978027344
111.76459503173828,157.49269104003906,187.8618927001953
111.63471984863281,157.4656524658203,187.8608856201172
111.50484466552734,157.4385986328125,187.85987854003906
111.37174224853516,157.41090393066406,187.85885620117188
111.24188232421875,157.38389587402344,187.85784912109375
111.11203002929688,157.3568878173828,187.85684204101562
110.98214721679688,157.3298797607422,187.85585021972656
110.85211944580078,157.3028564453125,187.85487365722656
110.72193145751953,157.2758026123047,187.85391235351562
110.59159088134766,157.2487030029297,187.8529510498047
110.46114349365234,157.22161865234375,187.85202026367188
110.33060455322266,157.1945037841797,187.85108947753906
110.20003509521484,157.16737365722656,187.8501434326172
110.06944274902344,157.14027404785156,187.84922790527344
109.8855209350586,157.10208129882812,187.84796142578125
109.75487518310547,157.07496643066406,187.84706115722656
109.62418365478516,157.04783630371094,187.84617614746094
109.4934310913086,157.02069091796875,187.8452911376953
109.35482788085938,156.99192810058594,187.84434509277344
109.22393035888672,156.96475219726562,187.8434600830078
109.09296417236328,156.9375762939453,187.84259033203125
108.96192169189453,156.91038513183594,187.84170532226562
108.830810546875,156.8831787109375,187.84085083007812
108.69962310791016,156.85594177246094,187.83998107910156
108.56837463378906,156.8286895751953,187.83912658691406
108.4370346069336,156.8014373779297,187.83827209472656
108.30563354492188,156.77413940429688,187.83743286132812
108.17250061035156,156.74649047851562,187.83657836914062
108.04094696044922,156.71917724609375,187.8357391357422
107.90933227539062,156.6918182373047,187.83489990234375
107.77763366699219,156.66445922851562,187.83409118652344
107.64586639404297,156.63706970214844,187.83326721191406
107.51402282714844,156.60968017578125,187.8324432373047
107.36847686767578,156.57940673828125,187.83154296875
107.23648071289062,156.5519561767578,187.83074951171875
107.10440826416016,156.52447509765625,187.8299560546875
106.9722671508789,156.49697875976562,187.82916259765625
106.84005737304688,156.46945190429688,187.82838439941406
106.70777130126953,156.44190979003906,187.82760620117188
106.5754165649414,156.41433715820312,187.8268585205078
106.4429931640625,156.38674926757812,187.8260955810547
106.31048583984375,156.359130859375,187.82534790039062
106.17552185058594,156.3309783935547,187.8245849609375
106.0428695678711,156.30331420898438,187.8238525390625
105.91015625,156.27561950683594,187.8231201171875
105.7773666381836,156.24790954589844,187.82240295410156
105.6445083618164,156.2201690673828,187.8217010498047
105.51158142089844,156.19239807128906,187.82098388671875
105.37857818603516,156.1645965576172,187.82028198242188
105.2455062866211,156.13677978515625,187.819580078125
105.11235809326172,156.1089324951172,187.81890869140625
104.97914123535156,156.0810546875,187.81822204589844
104.84585571289062,156.05316162109375,187.8175506591797
104.7125015258789,156.0252227783203,187.81686401367188
104.57907104492188,155.99728393554688,187.8162078857422
104.44557189941406,155.9692840576172,187.81553649902344
104.31199645996094,155.94126892089844,187.8148651123047
104.17835998535156,155.9132537841797,187.814208984375
104.04464721679688,155.8851776123047,187.81353759765625
103.85852813720703,155.84609985351562,187.81260681152344
103.72463989257812,155.81796264648438,187.81195068359375
103.59069061279297,155.78981018066406,187.811279296875
103.4566650390625,155.76161193847656,187.8106231689453
103.30259704589844,155.7292022705078,187.80984497070312
103.16841888427734,155.70095825195312,187.80918884277344
103.03417205810547,155.67269897460938,187.80850219726562
102.89985656738281,155.64439392089844,187.8078155517578
102.76546478271484,155.61605834960938,187.80712890625
102.63101196289062,155.58770751953125,187.8064422607422
102.49647521972656,155.559326171875,187.80575561523438
102.36187744140625,155.53089904785156,187.80503845214844
102.22216033935547,155.50140380859375,187.80430603027344
102.08741760253906,155.47293090820312,187.8035888671875
101.95259857177734,155.44442749023438,187.80287170410156
101.81771087646484,155.41587829589844,187.80213928222656
101.68274688720703,155.3873291015625,187.80142211914062
101.54771423339844,155.35874938964844,187.80067443847656
101.41261291503906,155.3301239013672,187.79994201660156
101.27745056152344,155.3014678955078,187.7991943359375
101.14220428466797,155.27279663085938,187.79844665527344
101.00401306152344,155.2434844970703,187.7976837158203
100.86862182617188,155.21475219726562,187.7969207763672
100.73316192626953,155.18597412109375,187.79615783691406
100.59764099121094,155.1571807861328,187.79539489746094
100.4620361328125,155.1283721923828,187.7946319580078
100.32637023925781,155.09951782226562,187.7938690185547
100.18476104736328,155.06939697265625,187.79306030273438
100.04749298095703,155.04017639160156,187.7922821044922
99.91160583496094,155.01121520996094,187.79151916503906
99.77564239501953,154.9822540283203,187.79074096679688
99.63961029052734,154.9532470703125,187.7899627685547
99.50350952148438,154.92422485351562,187.7891845703125
99.36732482910156,154.8951416015625,187.78839111328125
99.2310791015625,154.86605834960938,187.78761291503906
99.09475708007812,154.83692932128906,187.7868194580078
98.95237731933594,154.80650329589844,187.7860107421875
98.81591033935547,154.77731323242188,187.78521728515625
98.66883850097656,154.74583435058594,187.7843780517578
98.53221893310547,154.7165985107422,187.78358459472656
98.3955307006836,154.6873321533203,187.78282165527344
98.25877380371094,154.65802001953125,187.78204345703125
98.12194061279297,154.62867736816406,187.78126525878906
97.98504638671875,154.59930419921875,187.780517578125
97.84806823730469,154.56991577148438,187.77975463867188
97.64237976074219,154.5257110595703,187.7786102294922
97.50521850585938,154.49624633789062,187.77784729003906
97.36799621582031,154.46673583984375,187.77708435058594
97.230712890625,154.4371795654297,187.7763214111328
97.08740234375,154.40628051757812,187.7755126953125
96.9499740600586,154.37661743164062,187.77474975585938
96.81212615966797,154.34683227539062,187.77398681640625
96.67456817626953,154.31704711914062,187.77322387695312
96.53695678710938,154.28720092773438,187.7724609375
96.39926147460938,154.25730895996094,187.77169799804688
96.26151275634766,154.2273406982422,187.77093505859375
96.12370300292969,154.19732666015625,187.7701873779297
95.9858169555664,154.16725158691406,187.76942443847656
95.84786987304688,154.13711547851562,187.7686767578125
95.7098617553711,154.10691833496094,187.76791381835938
95.57179260253906,154.07666015625,187.76715087890625
95.4317398071289,154.04592895507812,187.766357421875
95.29354858398438,154.0155487060547,187.76560974121094
95.1552963256836,153.985107421875,187.76483154296875
95.01697540283203,153.95458984375,187.76405334472656
94.87860107421875,153.9240264892578,187.76329040527344
94.74015808105469,153.8933868408203,187.7625274658203
94.59620666503906,153.86146545410156,187.76174926757812
94.4576416015625,153.83067321777344,187.76100158691406
94.31901550292969,153.79983520507812,187.76026916503906
94.18032836914062,153.76893615722656,187.759521484375
94.04157257080078,153.73797607421875,187.75875854492188
93.90275573730469,153.7069854736328,187.7580108642578
93.76388549804688,153.67593383789062,187.7572479248047
93.62493896484375,153.64483642578125,187.75648498535156
93.48593139648438,153.6136932373047,187.7557373046875
93.34414672851562,153.58187866210938,187.75497436523438
93.20502471923828,153.55062866210938,187.7542266845703
93.06583404541016,153.5193328857422,187.75347900390625
92.92659759521484,153.4879913330078,187.7527313232422
92.78729248046875,153.4565887451172,187.75198364257812
92.64793395996094,153.42514038085938,187.75123596191406
92.50852966308594,153.39361572265625,187.75050354003906
92.36908721923828,153.36207580566406,187.749755859375
92.2295913696289,153.33045959472656,187.7490234375
92.09007263183594,153.29879760742188,187.74827575683594
91.95051574707031,153.26710510253906,187.74752807617188
91.8109359741211,153.23533630371094,187.7467498779297
91.67131805419922,153.2035369873047,187.74598693847656
91.53166961669922,153.17169189453125,187.74522399902344
91.33971405029297,153.12783813476562,187.744140625
91.19741821289062,153.09527587890625,187.74334716796875
91.0577163696289,153.06326293945312,187.74258422851562
90.91802978515625,153.03121948242188,187.74179077148438
90.77833557128906,152.99911499023438,187.7410125732422
90.63865661621094,152.96697998046875,187.74021911621094
90.4990005493164,152.93482971191406,187.7394256591797
90.35936737060547,152.90261840820312,187.7386016845703
90.21977233886719,152.87037658691406,187.73779296875
90.08020782470703,152.83811950683594,187.73696899414062
89.93560791015625,152.80465698242188,187.73609924316406
89.79613494873047,152.7723388671875,187.7352752685547
89.65670013427734,152.739990234375,187.7344207763672
89.51730346679688,152.70761108398438,187.7335662841797
89.366455078125,152.6725311279297,187.73263549804688
89.2271499633789,152.6400909423828,187.73178100585938
89.07760620117188,152.60523986816406,187.7308349609375
88.93838500976562,152.57275390625,187.72996520996094
88.7992172241211,152.5402374267578,187.72906494140625
88.66011047363281,152.50770568847656,187.72817993164062
88.52106475830078,152.47515869140625,187.727294921875
88.382080078125,152.44259643554688,187.72640991210938
88.24317932128906,152.41000366210938,187.72549438476562
88.10435485839844,152.37741088867188,187.72457885742188
87.96560668945312,152.3448028564453,187.7236785888672
87.82429504394531,152.31155395507812,187.72276306152344
87.68573760986328,152.27891540527344,187.72183227539062
87.54727172851562,152.24627685546875,187.72091674804688
87.40889739990234,152.21363830566406,187.7200164794922
87.2706298828125,152.1809844970703,187.71908569335938
87.1324462890625,152.1483154296875,187.71817016601562
86.98404693603516,152.11322021484375,187.71717834472656
86.84606170654297,152.08053588867188,187.71624755859375
86.6976318359375,152.0453643798828,187.7152557373047
86.55984497070312,152.01268005371094,187.71432495117188
86.42215728759766,151.97998046875,187.71339416503906
86.28456115722656,151.94729614257812,187.71246337890625
86.14706420898438,151.91458129882812,187.71153259277344
86.00965881347656,151.8818817138672,187.71060180664062
85.87234497070312,151.84915161132812,187.7096710205078
85.7351303100586,151.8164520263672,187.708740234375
85.5980224609375,151.7837371826172,187.7078094482422
85.46101379394531,151.75100708007812,187.70687866210938
85.32228088378906,151.7178497314453,187.70594787597656
85.18549346923828,151.6851348876953,187.7050323486328
84.99474334716797,151.6394500732422,187.70375061035156
84.8537826538086,151.60568237304688,187.70281982421875
84.71739959716797,151.57296752929688,187.70191955566406
84.5811538696289,151.54025268554688,187.70101928710938
84.44503021240234,151.50755310058594,187.7001190185547
84.30904388427734,151.474853515625,187.69921875
84.17317962646484,151.44216918945312,187.69834899902344
84.03746032714844,151.40948486328125,187.6974639892578
83.90187072753906,151.37681579589844,187.69659423828125
83.76138305664062,151.34292602539062,187.69569396972656
83.62606048583984,151.31027221679688,187.69485473632812
83.49087524414062,151.27760314941406,187.6940155029297
83.35581970214844,151.2449493408203,187.6931915283203
83.22090148925781,151.21231079101562,187.6923828125
83.08610534667969,151.17967224121094,187.6915740966797
82.95145416259766,151.1470489501953,187.69081115722656
82.80908966064453,151.11253356933594,187.69000244140625
82.66362762451172,151.0772705078125,187.68919372558594
82.52938079833984,151.04470825195312,187.6884765625
82.39527130126953,151.01214599609375,187.68777465820312
82.26129150390625,150.97959899902344,187.68710327148438
82.12744140625,150.94708251953125,187.6864471435547
81.99349212646484,150.91453552246094,187.6858367919922
81.85990142822266,150.88204956054688,187.6852264404297
81.72645568847656,150.84959411621094,187.6846466064453
81.59312438964844,150.81715393066406,187.68409729003906
81.45572662353516,150.78372192382812,187.6835479736328
81.3226547241211,150.7513427734375,187.68304443359375
81.1897201538086,150.718994140625,187.68255615234375
81.0569076538086,150.68667602539062,187.6820831298828
80.9242172241211,150.65438842773438,187.68165588378906
80.79165649414062,150.62213134765625,187.6812286376953
80.65922546386719,150.58993530273438,187.6808319091797
80.52691650390625,150.5577392578125,187.68045043945312
80.38874053955078,150.52415466308594,187.68006896972656
80.2566909790039,150.49203491210938,187.67971801757812
80.12476348876953,150.4599609375,187.67938232421875
79.99296569824219,150.42791748046875,187.67906188964844
79.86128997802734,150.3959197998047,187.67874145507812
79.72975158691406,150.3639373779297,187.67843627929688
79.59832763671875,150.33200073242188,187.67813110351562
79.46702575683594,150.30010986328125,187.67784118652344
79.33584594726562,150.26824951171875,187.67755126953125
79.18709564208984,150.2321319580078,187.67723083496094
79.05618286132812,150.20034790039062,187.6769561767578
78.87083435058594,150.15538024902344,187.67657470703125
78.74021911621094,150.12368774414062,187.6763153076172
78.60965728759766,150.09202575683594,187.67605590820312
78.47928619384766,150.06044006347656,187.67578125
78.34904479980469,150.02886962890625,187.67552185058594
78.21892547607422,149.9973602294922,187.67527770996094
78.08893585205078,149.96588134765625,187.67501831054688
77.95906829833984,149.93446350097656,187.67474365234375
77.82933807373047,149.903076171875,187.67449951171875
77.69972229003906,149.87173461914062,187.67422485351562
77.57024383544922,149.84046936035156,187.67396545410156
77.44088745117188,149.80921936035156,187.6737060546875
77.31053161621094,149.77774047851562,187.67344665527344
77.18143463134766,149.74661254882812,187.67318725585938
77.05248260498047,149.71551513671875,187.67294311523438
76.92365264892578,149.68447875976562,187.6727294921875
76.79496002197266,149.6534881591797,187.67250061035156
76.66639709472656,149.62255859375,187.6723175048828
76.5379638671875,149.59165954589844,187.67213439941406
76.40966796875,149.5608367919922,187.67198181152344
76.28150177001953,149.53005981445312,187.6718292236328
76.15161895751953,149.49888610839844,187.67172241210938
76.02371978759766,149.46823120117188,187.671630859375
75.89594268798828,149.43760681152344,187.67152404785156
75.76830291748047,149.4070587158203,187.67144775390625
75.64079284667969,149.37657165527344,187.67135620117188
75.50301361083984,149.34365844726562,187.6712646484375
75.36517333984375,149.31072998046875,187.67115783691406
75.23807525634766,149.28042602539062,187.67108154296875
75.11109924316406,149.2501678466797,187.67098999023438
74.98426818847656,149.219970703125,187.67091369628906
74.85755920410156,149.18983459472656,187.67083740234375
74.73098754882812,149.1597442626953,187.67076110839844
74.60453796386719,149.12973022460938,187.67071533203125
74.47821044921875,149.09976196289062,187.67066955566406
74.35202026367188,149.0698699951172,187.67063903808594
74.22595977783203,149.0400390625,187.67063903808594
74.0990219116211,149.01002502441406,187.670654296875
73.97322082519531,148.98033142089844,187.6707000732422
73.84754943847656,148.95069885253906,187.6707763671875
73.72198486328125,148.92112731933594,187.67086791992188
73.59656524658203,148.8916015625,187.67098999023438
73.47126770019531,148.86216735839844,187.67111206054688
73.34610748291016,148.83277893066406,187.6712188720703
73.22107696533203,148.80345153808594,187.67137145996094
73.03309631347656,148.7594451904297,187.67161560058594
72.90641784667969,148.72982788085938,187.6717987060547
72.78184509277344,148.7007293701172,187.6719970703125
72.65740966796875,148.6717071533203,187.67222595214844
72.52455139160156,148.64077758789062,187.67250061035156
72.40038299560547,148.6118927001953,187.6727752685547
72.2763442993164,148.5830841064453,187.673095703125
72.15242767333984,148.55433654785156,187.67343139648438
72.02865600585938,148.52565002441406,187.67376708984375
71.9050064086914,148.49703979492188,187.6741485595703
71.7800521850586,148.46817016601562,187.674560546875
71.65666198730469,148.439697265625,187.6750030517578
71.53340148925781,148.4113006591797,187.6754608154297
71.41027069091797,148.3829803466797,187.6759490966797
71.28474426269531,148.3541259765625,187.67648315429688
71.16187286376953,148.32594299316406,187.67703247070312
71.03914642333984,148.29782104492188,187.67758178710938
70.91655731201172,148.269775390625,187.67816162109375
70.79410552978516,148.24180603027344,187.6787872314453
70.67181396484375,148.21389770507812,187.67941284179688
70.5496826171875,148.18606567382812,187.68008422851562
70.42770385742188,148.1583251953125,187.68077087402344
70.3058853149414,148.1306610107422,187.6814727783203
70.18423461914062,148.1030731201172,187.68218994140625
70.062744140625,148.0755615234375,187.6829376220703
69.9414291381836,148.04811096191406,187.68368530273438
69.82028198242188,148.020751953125,187.68447875976562
69.69933319091797,147.9934844970703,187.68528747558594
69.57857513427734,147.96627807617188,187.6860809326172
69.4580078125,147.9391632080078,187.68692016601562
69.33763122558594,147.91213989257812,187.687744140625
69.21746063232422,147.8851776123047,187.68858337402344
69.09749603271484,147.8583221435547,187.6894073486328
68.97775268554688,147.83154296875,187.6902618408203
68.85822296142578,147.8048553466797,187.6911163330078
68.73892211914062,147.77825927734375,187.6919708251953
68.61984252929688,147.75172424316406,187.69281005859375
68.50099182128906,147.72528076171875,187.69366455078125
68.38237762451172,147.69894409179688,187.6945037841797
68.26400756835938,147.67266845703125,187.69534301757812
68.14588928222656,147.64649963378906,187.6961669921875
68.02799987792969,147.62042236328125,187.6969757080078
67.91036987304688,147.5944366455078,187.69778442382812
67.79296875,147.5685272216797,187.69859313964844
67.67581939697266,147.54270935058594,187.6993865966797
67.5037612915039,147.50485229492188,187.70054626464844
67.38050079345703,147.477783203125,187.70135498046875
67.26421356201172,147.4522705078125,187.70211791992188
67.14817810058594,147.42684936523438,187.70285034179688
67.03237915039062,147.4015350341797,187.70358276367188
66.9168472290039,147.3762969970703,187.7042999267578
66.80155944824219,147.35113525390625,187.7050018310547
66.68655395507812,147.32608032226562,187.7056884765625
66.57182312011719,147.3011016845703,187.7063446044922
66.4573745727539,147.27622985839844,187.70700073242188
66.34320068359375,147.25146484375,187.7076416015625
66.22932434082031,147.22677612304688,187.70826721191406
66.1157455444336,147.20217895507812,187.7088623046875
66.0024642944336,147.1776885986328,187.70944213867188
65.88949584960938,147.1532745361328,187.71002197265625
65.77532196044922,147.12864685058594,187.7105712890625
65.66116333007812,147.1040496826172,187.71112060546875
65.54916381835938,147.0799560546875,187.71165466308594
65.43748474121094,147.0559539794922,187.712158203125
65.32611846923828,147.03204345703125,187.71266174316406
65.215087890625,147.00823974609375,187.71315002441406
65.10438537597656,146.98452758789062,187.71363830566406
64.99403381347656,146.9609375,187.714111328125
64.8840103149414,146.9374237060547,187.7145538330078
64.77287292480469,146.91372680664062,187.71499633789062
64.66353607177734,146.8904266357422,187.71543884277344
64.5545425415039,146.8672332763672,187.71588134765625
64.44589233398438,146.84414672851562,187.71630859375
64.33758544921875,146.82115173339844,187.7167205810547
64.22964477539062,146.79827880859375,187.71713256835938
64.12203979492188,146.77548217773438,187.71754455566406
64.01478576660156,146.75282287597656,187.71795654296875
63.907867431640625,146.73023986816406,187.7183380126953
63.801300048828125,146.70777893066406,187.71873474121094
63.694549560546875,146.685302734375,187.7191162109375
63.588680267333984,146.6630401611328,187.71949768066406
63.483154296875,146.640869140625,187.71987915039062
63.37797164916992,146.6188201904297,187.7202606201172
63.273128509521484,146.5968780517578,187.7206268310547
63.16862106323242,146.5750274658203,187.7209930419922
63.06446075439453,146.5532684326172,187.72134399414062
62.960636138916016,146.53163146972656,187.72169494628906
62.85715866088867,146.5100860595703,187.72203063964844
62.75242614746094,146.48831176757812,187.72238159179688
62.64964294433594,146.46697998046875,187.72268676757812
62.49289321899414,146.4344940185547,187.72317504882812
62.390968322753906,146.41343688964844,187.7234649658203
62.28937911987305,146.3924560546875,187.72377014160156
62.188133239746094,146.37158203125,187.7240447998047
62.08723068237305,146.35081481933594,187.72430419921875
61.986671447753906,146.3301544189453,187.7245635986328
61.88644790649414,146.3096160888672,187.7248077392578
61.786556243896484,146.28916931152344,187.72503662109375
61.68699264526367,146.26881408691406,187.72525024414062
61.58584213256836,146.24819946289062,187.72544860839844
61.486942291259766,146.2280731201172,187.7256622314453
61.38837814331055,146.2080535888672,187.725830078125
61.283512115478516,146.18682861328125,187.72601318359375
61.18562316894531,146.16705322265625,187.72618103027344
61.08805847167969,146.1473846435547,187.72633361816406
60.99081802368164,146.12782287597656,187.72647094726562
60.89390563964844,146.1083984375,187.72659301757812
60.79731750488281,146.0890655517578,187.72669982910156
60.7010612487793,146.0698699951172,187.72679138183594
60.60514450073242,146.05076599121094,187.72686767578125
60.509559631347656,146.03179931640625,187.7269287109375
60.414302825927734,146.012939453125,187.7269744873047
60.317501068115234,145.9938507080078,187.7270050048828
60.22289276123047,145.97523498535156,187.72702026367188
60.12860870361328,145.9567108154297,187.72702026367188
60.02839660644531,145.93710327148438,187.72698974609375
59.93478012084961,145.91883850097656,187.72694396972656
59.84149932861328,145.90069580078125,187.72686767578125
59.74854278564453,145.88265991210938,187.72679138183594
59.65590286254883,145.86474609375,187.7266845703125
59.56359100341797,145.84695434570312,187.72654724121094
59.47159194946289,145.82928466796875,187.72640991210938
59.37990188598633,145.81175231933594,187.72625732421875
59.28852844238281,145.79434204101562,187.72607421875
59.192501068115234,145.776123046875,187.7258758544922
59.10173034667969,145.75897216796875,187.72567749023438
59.01123046875,145.74197387695312,187.7254638671875
58.92098617553711,145.72509765625,187.72525024414062
58.83096694946289,145.70834350585938,187.7250518798828
58.74116134643555,145.69174194335938,187.72482299804688
58.65155029296875,145.67523193359375,187.72457885742188
58.562137603759766,145.65887451171875,187.72434997558594
58.47291946411133,145.64260864257812,187.72412109375
58.382469177246094,145.626220703125,187.723876953125
58.29362869262695,145.6102294921875,187.7236328125
58.15864944458008,145.5860595703125,187.7232666015625
58.07027816772461,145.57034301757812,187.72300720214844
57.982093811035156,145.55474853515625,187.72274780273438
57.89411163330078,145.53927612304688,187.72250366210938
57.806331634521484,145.52391052246094,187.72222900390625
57.71875762939453,145.5086669921875,187.72195434570312
57.63140869140625,145.4935302734375,187.72166442871094
57.544281005859375,145.478515625,187.7213592529297
57.45738983154297,145.463623046875,187.72103881835938
57.37074661254883,145.44883728027344,187.720703125
57.28434753417969,145.4341583251953,187.72036743164062
57.19380569458008,145.41888427734375,187.71998596191406
57.107913970947266,145.40444946289062,187.71961975097656
57.02226638793945,145.39015197753906,187.71922302246094
56.93687438964844,145.37594604492188,187.71884155273438
56.851741790771484,145.3618621826172,187.7184295654297
56.76686477661133,145.347900390625,187.71800231933594
56.68225860595703,145.3340606689453,187.71759033203125
56.59790802001953,145.32034301757812,187.71714782714844
56.513816833496094,145.30673217773438,187.7167205810547
56.42997741699219,145.29324340820312,187.71627807617188
56.34452438354492,145.27957153320312,187.71583557128906
56.26121520996094,145.26629638671875,187.7154083251953
56.17816925048828,145.25315856933594,187.71498107910156
56.09541702270508,145.24012756347656,187.71456909179688
56.012939453125,145.2272186279297,187.7141571044922
55.930747985839844,145.21441650390625,187.71372985839844
55.84885025024414,145.20172119140625,187.7133331298828
55.76724624633789,145.18914794921875,187.7129364013672
55.685943603515625,145.1766815185547,187.71253967285156
55.604942321777344,145.16433715820312,187.712158203125
55.52425003051758,145.15206909179688,187.71177673339844
55.4438591003418,145.13995361328125,187.71141052246094
55.36376953125,145.12791442871094,187.71102905273438
55.28398132324219,145.11598205566406,187.710693359375
55.20449447631836,145.1041717529297,187.71034240722656
55.12530517578125,145.09246826171875,187.71002197265625
55.04642868041992,145.08087158203125,187.70970153808594
54.96785354614258,145.0693817138672,187.70941162109375
54.88957214355469,145.05796813964844,187.70913696289062
54.81157684326172,145.04669189453125,187.7088623046875
54.73285675048828,145.03533935546875,187.7086181640625
54.65541076660156,145.02426147460938,187.7083740234375
54.578216552734375,145.0132598876953,187.70816040039062
54.50128173828125,145.00238037109375,187.7079620361328
54.38638687133789,144.9862060546875,187.7076873779297
54.310020446777344,144.9755401611328,187.70753479003906
54.23135757446289,144.96461486816406,187.7073974609375
54.15542221069336,144.95413208007812,187.70729064941406
54.079689025878906,144.9437255859375,187.7071990966797
53.99906539916992,144.93270874023438,187.7071075439453
53.92375564575195,144.9224853515625,187.70704650878906
53.84864044189453,144.91233825683594,187.70700073242188
53.773719787597656,144.9022674560547,187.70697021484375
53.6989860534668,144.8922882080078,187.70697021484375
53.62445068359375,144.88238525390625,187.70697021484375
53.550106048583984,144.87254333496094,187.7069854736328
53.475948333740234,144.86279296875,187.70701599121094
53.4019889831543,144.8531036376953,187.70704650878906
53.327022552490234,144.84335327148438,187.70709228515625
53.253448486328125,144.8338165283203,187.70712280273438
53.174720764160156,144.8236846923828,187.70716857910156
53.10154342651367,144.81430053710938,187.7071990966797
53.028564453125,144.80499267578125,187.7072296142578
52.955780029296875,144.79574584960938,187.707275390625
52.87898635864258,144.7860565185547,187.70730590820312
52.806610107421875,144.7769775390625,187.70733642578125
52.73444366455078,144.76797485351562,187.70736694335938
52.6624755859375,144.75901794433594,187.70741271972656
52.59070587158203,144.7501678466797,187.7074432373047
52.519134521484375,144.74134826660156,187.70745849609375
52.447757720947266,144.7326202392578,187.70748901367188
52.376583099365234,144.72396850585938,187.70750427246094
52.305606842041016,144.71536254882812,187.70751953125
52.23358917236328,144.70668029785156,187.70753479003906
52.163021087646484,144.69821166992188,187.70753479003906
52.0926513671875,144.6898193359375,187.70751953125
52.02247619628906,144.6814727783203,187.70750427246094
51.952491760253906,144.67318725585938,187.7074737548828
51.8827018737793,144.66497802734375,187.70742797851562
51.8130989074707,144.65682983398438,187.70738220214844
51.74367904663086,144.6487274169922,187.70733642578125
51.6744270324707,144.6407012939453,187.70729064941406
51.603179931640625,144.63246154785156,187.7072296142578
51.53424835205078,144.6245574951172,187.70716857910156
51.4654541015625,144.61669921875,187.70712280273438
51.39678955078125,144.60890197753906,187.70706176757812
51.32823181152344,144.60116577148438,187.70703125
51.2597770690918,144.59347534179688,187.70700073242188
51.19140625,144.58584594726562,187.70697021484375
51.09345245361328,144.574951171875,187.70692443847656
51.02522277832031,144.56744384765625,187.70692443847656
50.95703125,144.55995178222656,187.70689392089844
50.88886260986328,144.5525360107422,187.70687866210938
50.82072067260742,144.5451202392578,187.70684814453125
50.75260925292969,144.53778076171875,187.7068328857422
50.68452835083008,144.5304718017578,187.70681762695312
50.61647415161133,144.523193359375,187.70680236816406
50.54844665527344,144.51596069335938,187.706787109375
50.480438232421875,144.50877380371094,187.706787109375
50.41245651245117,144.50161743164062,187.70675659179688
50.34450149536133,144.4945068359375,187.7067413330078
50.27656936645508,144.48744201660156,187.7067108154297
50.20866012573242,144.4803924560547,187.70668029785156
50.140777587890625,144.47340393066406,187.70663452148438
50.07291793823242,144.4664306640625,187.7065887451172
49.99974060058594,144.45895385742188,187.70651245117188
49.93193817138672,144.4520721435547,187.70643615722656
49.86415481567383,144.44520568847656,187.70635986328125
49.79150390625,144.43789672851562,187.70623779296875
49.72377014160156,144.43112182617188,187.70611572265625
49.656070709228516,144.42437744140625,187.7059783935547
49.58838653564453,144.4176483154297,187.70584106445312
49.520729064941406,144.41098022460938,187.7056884765625
49.453094482421875,144.4043426513672,187.70553588867188
49.38547897338867,144.39773559570312,187.7053680419922
49.31788635253906,144.39117431640625,187.7052001953125
49.25032043457031,144.38462829589844,187.7050323486328
49.18277359008789,144.37815856933594,187.70484924316406
49.11524963378906,144.3717041015625,187.7046661376953
49.04774856567383,144.36532592773438,187.70448303222656
48.98026657104492,144.3590087890625,187.7042999267578
48.912681579589844,144.352783203125,187.70413208007812
48.84524917602539,144.34664916992188,187.70394897460938
48.777835845947266,144.3406524658203,187.70375061035156
48.710445404052734,144.3347625732422,187.70358276367188
48.64308166503906,144.32901000976562,187.7034149169922
48.57573699951172,144.32337951660156,187.7032470703125
48.508419036865234,144.31785583496094,187.70309448242188
48.44112777709961,144.31248474121094,187.70294189453125
48.37385940551758,144.30722045898438,187.70278930664062
48.30661392211914,144.3020782470703,187.70263671875
48.23938751220703,144.2970428466797,187.70249938964844
48.17218780517578,144.29212951660156,187.70236206054688
48.105010986328125,144.2873077392578,187.70223999023438
48.00054168701172,144.28005981445312,187.7020721435547
47.93265914916992,144.27548217773438,187.70196533203125
47.86557388305664,144.2710723876953,187.701904296875
47.79851531982422,144.26678466796875,187.70184326171875
47.731483459472656,144.2626190185547,187.70181274414062
47.66447067260742,144.25856018066406,187.7017822265625
47.59748458862305,144.254638671875,187.7017822265625
47.530517578125,144.25082397460938,187.70181274414062
47.46145248413086,144.2470245361328,187.70187377929688
47.39453125,144.24346923828125,187.7019500732422
47.32764434814453,144.2400360107422,187.70204162597656
47.26077651977539,144.23672485351562,187.70216369628906
47.19272994995117,144.23348999023438,187.7023162841797
47.125911712646484,144.2304229736328,187.70249938964844
47.059120178222656,144.2274932861328,187.7026824951172
46.99235534667969,144.22471618652344,187.702880859375
46.92561721801758,144.2220458984375,187.70310974121094
46.85890579223633,144.21949768066406,187.70335388183594
46.79222106933594,144.21710205078125,187.70359802246094
46.72555923461914,144.21482849121094,187.703857421875
46.65892791748047,144.2126922607422,187.70413208007812
46.59231948852539,144.21067810058594,187.70440673828125
46.52574157714844,144.20880126953125,187.70469665527344
46.459190368652344,144.2070770263672,187.70498657226562
46.39266586303711,144.2054443359375,187.70526123046875
46.326168060302734,144.20396423339844,187.70556640625
46.259700775146484,144.2025909423828,187.7058563232422
46.193260192871094,144.2013397216797,187.70616149902344
46.1268424987793,144.20022583007812,187.70645141601562
46.060462951660156,144.19921875,187.7067413330078
45.994102478027344,144.19834899902344,187.70703125
45.92777633666992,144.19760131835938,187.70730590820312
45.86085510253906,144.1969451904297,187.70758056640625
45.794586181640625,144.19642639160156,187.70785522460938
45.72834777832031,144.19602966308594,187.70811462402344
45.662139892578125,144.19573974609375,187.70835876464844
45.59596633911133,144.1956024169922,187.70858764648438
45.52981185913086,144.195556640625,187.7088165283203
45.461055755615234,144.19564819335938,187.7090606689453
45.39497375488281,144.1958465576172,187.70925903320312
45.328914642333984,144.19618225097656,187.70947265625
45.26288986206055,144.19664001464844,187.70965576171875
45.19689178466797,144.19720458984375,187.70985412597656
45.13093185424805,144.1978759765625,187.7100372314453
45.064998626708984,144.1986541748047,187.710205078125
44.97316360473633,144.19989013671875,187.71044921875
44.90729522705078,144.2008514404297,187.71060180664062
44.83720016479492,144.20196533203125,187.7107696533203
44.771392822265625,144.2030792236328,187.71092224121094
44.70561599731445,144.20425415039062,187.71104431152344
44.639869689941406,144.2055206298828,187.71116638183594
44.57415008544922,144.20684814453125,187.7113037109375
44.508460998535156,144.20826721191406,187.71141052246094
44.44279861450195,144.20973205566406,187.71151733398438
44.37717056274414,144.21131896972656,187.71160888671875
44.31157684326172,144.21298217773438,187.71170043945312
44.24600601196289,144.21473693847656,187.71177673339844
44.18047332763672,144.21656799316406,187.71185302734375
44.114967346191406,144.21849060058594,187.7119140625
44.04949188232422,144.22048950195312,187.7119598388672
43.98353958129883,144.2226104736328,187.7119903564453
43.91812515258789,144.2247772216797,187.71202087402344
43.85274124145508,144.22705078125,187.71202087402344
43.787391662597656,144.2294158935547,187.71200561523438
43.72207260131836,144.23184204101562,187.71200561523438
43.65678405761719,144.23435974121094,187.71197509765625
43.588600158691406,144.23707580566406,187.71197509765625
43.52263641357422,144.23980712890625,187.71194458007812
43.45744705200195,144.24258422851562,187.7119140625
43.39228820800781,144.2454376220703,187.71188354492188
43.32716369628906,144.24838256835938,187.7118682861328
43.26206970214844,144.2514190673828,187.7118377685547
43.19701385498047,144.2545166015625,187.71182250976562
43.13198471069336,144.25772094726562,187.7117919921875
43.06698989868164,144.260986328125,187.71177673339844
42.99946212768555,144.2644805908203,187.71176147460938
42.93453598022461,144.2678985595703,187.71173095703125
42.86963653564453,144.2714385986328,187.71170043945312
42.80477523803711,144.27505493164062,187.711669921875
42.739952087402344,144.27877807617188,187.7116241455078
42.6751594543457,144.28262329101562,187.71160888671875
42.61040496826172,144.28660583496094,187.71157836914062
42.54570007324219,144.2907257080078,187.71156311035156
42.48103713989258,144.2949981689453,187.71153259277344
42.416419982910156,144.29946899414062,187.7115020751953
42.3475341796875,144.30438232421875,187.7114715576172
42.283023834228516,144.30918884277344,187.71144104003906
42.217010498046875,144.3142852783203,187.71142578125
42.15260314941406,144.31944274902344,187.71141052246094
42.0882453918457,144.3247528076172,187.71141052246094
41.994041442871094,144.33287048339844,187.71141052246094
41.9298095703125,144.33860778808594,187.71142578125
41.86562728881836,144.34451293945312,187.71144104003906
41.801490783691406,144.35060119628906,187.7114715576172
41.73741149902344,144.35684204101562,187.71148681640625
41.67243957519531,144.3633270263672,187.71153259277344
41.608463287353516,144.36988830566406,187.71157836914062
41.54453659057617,144.37660217285156,187.71160888671875
41.48066711425781,144.3834991455078,187.711669921875
41.416847229003906,144.39056396484375,187.7117156982422
41.35307693481445,144.39776611328125,187.7117919921875
41.28936004638672,144.40516662597656,187.7118682861328
41.22569274902344,144.41270446777344,187.71194458007812
41.162078857421875,144.42042541503906,187.71205139160156
41.09851837158203,144.42831420898438,187.71217346191406
41.03392028808594,144.43650817871094,187.71231079101562
40.9704704284668,144.4447479248047,187.7124481201172
40.90707778930664,144.45314025878906,187.71261596679688
40.838199615478516,144.46246337890625,187.71279907226562
40.77492141723633,144.47122192382812,187.71298217773438
40.71169662475586,144.48011779785156,187.71316528320312
40.648536682128906,144.48919677734375,187.71334838867188
40.58543014526367,144.49842834472656,187.71351623535156
40.52238082885742,144.50784301757812,187.7136993408203
40.45939636230469,144.5174102783203,187.71388244628906
40.392433166503906,144.52777099609375,187.71408081054688
40.329566955566406,144.5376739501953,187.71426391601562
40.263465881347656,144.54827880859375,187.71444702148438
40.20071792602539,144.5585174560547,187.71463012695312
40.13802719116211,144.5689239501953,187.71481323242188
40.075401306152344,144.57949829101562,187.7149658203125
40.012840270996094,144.5902557373047,187.7151336669922
39.95034408569336,144.60118103027344,187.71527099609375
39.887908935546875,144.61227416992188,187.71542358398438
39.82554244995117,144.62353515625,187.71556091308594
39.758853912353516,144.6357879638672,187.71568298339844
39.696617126464844,144.64739990234375,187.71578979492188
39.63444900512695,144.6591796875,187.71588134765625
39.57234191894531,144.671142578125,187.71597290039062
39.51030349731445,144.68325805664062,187.7160186767578
39.44832992553711,144.69557189941406,187.716064453125
39.38642883300781,144.70803833007812,187.7161102294922
39.3245964050293,144.72068786621094,187.7161407470703
39.262840270996094,144.73353576660156,187.71617126464844
39.201168060302734,144.74656677246094,187.71617126464844
39.10686492919922,144.76693725585938,187.71617126464844
39.0453987121582,144.78050231933594,187.71615600585938
38.98401641845703,144.79425048828125,187.71612548828125
38.92271423339844,144.8082275390625,187.71609497070312
38.86150360107422,144.82237243652344,187.71604919433594
38.791648864746094,144.83880615234375,187.7159881591797
38.730621337890625,144.85340881347656,187.7159423828125
38.669677734375,144.86819458007812,187.7158966064453
38.608829498291016,144.88320922851562,187.71585083007812
38.54806137084961,144.89840698242188,187.71580505371094
38.48737716674805,144.91380310058594,187.7157745361328
38.426788330078125,144.9293975830078,187.71572875976562
38.36627960205078,144.94517517089844,187.71568298339844
38.304229736328125,144.96160888671875,187.71563720703125
38.24390411376953,144.97779846191406,187.71559143066406
38.18367004394531,144.9941864013672,187.71556091308594
38.12352752685547,145.0107879638672,187.7155303955078
38.063480377197266,145.027587890625,187.7154998779297
38.00352478027344,145.04457092285156,187.71546936035156
37.943660736083984,145.061767578125,187.7154541015625
37.883888244628906,145.0791473388672,187.71543884277344
37.823707580566406,145.0968780517578,187.71543884277344
37.764129638671875,145.1146697998047,187.71542358398438
37.70460510253906,145.13265991210938,187.71542358398438
37.64521789550781,145.1508331298828,187.71542358398438
37.58592224121094,145.16921997070312,187.71542358398438
37.52672576904297,145.1877899169922,187.71542358398438
37.46763229370117,145.20654296875,187.7154083251953
37.40863037109375,145.22549438476562,187.7154083251953
37.3497314453125,145.24465942382812,187.7154083251953
37.290931701660156,145.2639923095703,187.71539306640625
37.232234954833984,145.28353881835938,187.71539306640625
37.17362976074219,145.3032684326172,187.7153778076172
37.11513137817383,145.32318115234375,187.71536254882812
37.05579376220703,145.3436279296875,187.71533203125
36.997501373291016,145.3639373779297,187.7152862548828
36.939327239990234,145.3844757080078,187.71522521972656
36.88126754760742,145.4051971435547,187.71517944335938
36.82332229614258,145.42616271972656,187.715087890625
36.765506744384766,145.4473114013672,187.71499633789062
36.70780944824219,145.4687042236328,187.71487426757812
36.65024948120117,145.49032592773438,187.71475219726562
36.59282302856445,145.5121612548828,187.714599609375
36.53554153442383,145.53427124023438,187.7144317626953
36.47840881347656,145.5565948486328,187.71426391601562
36.38954162597656,145.59194946289062,187.71400451660156
36.332820892333984,145.61492919921875,187.7138214111328
36.27626419067383,145.63816833496094,187.7136688232422
36.219879150390625,145.66165161132812,187.71353149414062
36.16366958618164,145.68539428710938,187.71339416503906
36.107635498046875,145.7093963623047,187.7133026123047
36.05177307128906,145.73367309570312,187.71319580078125
35.9960823059082,145.7581787109375,187.71310424804688
35.94055938720703,145.78292846679688,187.71304321289062
35.88521194458008,145.8079376220703,187.71298217773438
35.826011657714844,145.83505249023438,187.71295166015625
35.77102279663086,145.86058044433594,187.71292114257812
35.71621322631836,145.8863525390625,187.71290588378906
35.661582946777344,145.91238403320312,187.71290588378906
35.60358428955078,145.9403839111328,187.71292114257812
35.549320220947266,145.9669189453125,187.71295166015625
35.495235443115234,145.99371337890625,187.71298217773438
35.43718338012695,146.02284240722656,187.71302795410156
35.38347625732422,146.05014038085938,187.71307373046875
35.3299446105957,146.07766723632812,187.71311950683594
35.2765998840332,146.10545349121094,187.7131805419922
35.22343826293945,146.13348388671875,187.7132568359375
35.170467376708984,146.16175842285156,187.7133026123047
35.117671966552734,146.1902618408203,187.71334838867188
35.065067291259766,146.21900939941406,187.71340942382812
35.01264572143555,146.2480010986328,187.7134552001953
34.96041488647461,146.27720642089844,187.7135009765625
34.90837478637695,146.30667114257812,187.71353149414062
34.85652542114258,146.33636474609375,187.7135467529297
34.804866790771484,146.3662872314453,187.71356201171875
34.753395080566406,146.39645385742188,187.7135467529297
34.702110290527344,146.4268341064453,187.7135467529297
34.651004791259766,146.4574432373047,187.71348571777344
34.600101470947266,146.48826599121094,187.71343994140625
34.54939651489258,146.51931762695312,187.71334838867188
34.498897552490234,146.55059814453125,187.71324157714844
34.44859313964844,146.58212280273438,187.713134765625
34.39849090576172,146.61386108398438,187.71299743652344
34.34528732299805,146.64797973632812,187.71286010742188
34.29560470581055,146.68020629882812,187.7127227783203
34.246131896972656,146.71267700195312,187.7125701904297
34.196868896484375,146.74537658691406,187.71241760253906
34.1478157043457,146.77830505371094,187.7122802734375
34.09897994995117,146.81146240234375,187.71212768554688
34.050357818603516,146.8448486328125,187.7119598388672
33.97924041748047,146.89434814453125,187.7117462158203
33.93113708496094,146.92828369140625,187.71157836914062
33.88325119018555,146.9624481201172,187.71141052246094
33.8345832824707,146.99754333496094,187.7112274169922
33.7871208190918,147.0321502685547,187.71104431152344
33.73986053466797,147.0669708251953,187.71084594726562
33.69279479980469,147.1019744873047,187.71063232421875
33.64591979980469,147.13717651367188,187.71043395996094
33.59680938720703,147.17442321777344,187.71022033691406
33.5503044128418,147.21002197265625,187.71002197265625
33.50397491455078,147.2457733154297,187.7097930908203
33.45780563354492,147.2816925048828,187.7095947265625
33.411781311035156,147.31776428222656,187.70938110351562
33.365901947021484,147.35398864746094,187.7091522216797
33.32015609741211,147.3903350830078,187.70892333984375
33.27425765991211,147.42701721191406,187.7086639404297
33.228759765625,147.46359252929688,187.70840454101562
33.18337631225586,147.50027465820312,187.7081298828125
33.13809585571289,147.5370635986328,187.70782470703125
33.092918395996094,147.57394409179688,187.70751953125
33.04783630371094,147.61090087890625,187.7071990966797
33.00284194946289,147.64791870117188,187.70684814453125
32.95793151855469,147.6850128173828,187.7064971923828
32.91001510620117,147.72474670410156,187.7061004638672
32.86528015136719,147.76197814941406,187.70570373535156
32.81730651855469,147.80209350585938,187.7052459716797
32.772762298583984,147.8394775390625,187.7047882080078
32.728309631347656,147.87693786621094,187.70433044433594
32.6839599609375,147.91448974609375,187.70384216308594
32.63972091674805,147.9521484375,187.7033233642578
32.5955924987793,147.98988342285156,187.70278930664062
32.55157470703125,148.0277099609375,187.70223999023438
32.50768280029297,148.0656280517578,187.70166015625
32.46390151977539,148.1036376953125,187.70106506347656
32.41874694824219,148.14305114746094,187.70045471191406
32.37519454956055,148.18125915527344,187.6998291015625
32.33174514770508,148.2195587158203,187.69921875
32.28839111328125,148.25791931152344,187.6986083984375
32.2451286315918,148.2963409423828,187.69798278808594
32.19932556152344,148.33718872070312,187.6973419189453
32.15624237060547,148.37574768066406,187.69671630859375
32.113094329833984,148.41452026367188,187.6960906982422
32.0701789855957,148.4532012939453,187.69546508789062
32.02735137939453,148.49192810058594,187.6948699951172
31.984609603881836,148.53070068359375,187.69424438476562
31.923969268798828,148.58595275878906,187.69338989257812
31.877853393554688,148.62814331054688,187.69273376464844
31.835399627685547,148.66712951660156,187.69216918945312
31.793027877807617,148.7061767578125,187.6916046142578
31.750734329223633,148.74526977539062,187.6910400390625
31.708520889282227,148.784423828125,187.6905059814453
31.666391372680664,148.82362365722656,187.6899871826172
31.62434196472168,148.86288452148438,187.68946838378906
31.582380294799805,148.9021759033203,187.68894958496094
31.540502548217773,148.94154357910156,187.68846130371094
31.4968318939209,148.98272705078125,187.68795776367188
31.45512580871582,149.02218627929688,187.68748474121094
31.413501739501953,149.0616912841797,187.68702697753906
31.371959686279297,149.1012725830078,187.6865997314453
31.33049774169922,149.14088439941406,187.68618774414062
31.28911781311035,149.18055725097656,187.685791015625
31.247821807861328,149.22027587890625,187.6854248046875
31.206607818603516,149.26004028320312,187.68507385253906
31.165477752685547,149.29986572265625,187.68475341796875
31.123428344726562,149.34071350097656,187.68443298339844
31.08246612548828,149.38064575195312,187.68414306640625
31.041593551635742,149.42062377929688,187.68386840820312
31.00082015991211,149.46067810058594,187.6836395263672
30.96015739440918,149.50079345703125,187.68341064453125
30.919607162475586,149.54098510742188,187.68321228027344
30.879169464111328,149.5812530517578,187.68304443359375
30.838851928710938,149.62161254882812,187.68287658691406
30.798656463623047,149.66204833984375,187.68272399902344
30.758588790893555,149.70257568359375,187.6826171875
30.718658447265625,149.74317932128906,187.68251037597656
30.678874969482422,149.7838897705078,187.68243408203125
30.639238357543945,149.82469177246094,187.682373046875
30.59975242614746,149.8656005859375,187.6823272705078
30.5604248046875,149.90660095214844,187.6822967529297
30.52125358581543,149.9477081298828,187.68228149414062
30.482240676879883,149.98892211914062,187.6822967529297
30.44338607788086,150.03024291992188,187.6822967529297
30.404693603515625,150.07164001464844,187.68234252929688
30.363767623901367,150.11575317382812,187.68238830566406
30.32539176940918,150.15736389160156,187.6824493408203
30.287168502807617,150.19908142089844,187.68252563476562
30.249095916748047,150.24090576171875,187.6826171875
30.211179733276367,150.28282165527344,187.68270874023438
30.171537399291992,150.32693481445312,187.68283081054688
30.133941650390625,150.36904907226562,187.6829376220703
30.079504013061523,150.43051147460938,187.68312072753906
30.04229736328125,150.47288513183594,187.68324279785156
30.0052490234375,150.51531982421875,187.68338012695312
29.96835708618164,150.55787658691406,187.6835174560547
29.93161964416504,150.60052490234375,187.6836700439453
29.895042419433594,150.6432647705078,187.683837890625
29.858625411987305,150.68609619140625,187.68399047851562
29.822364807128906,150.72903442382812,187.68414306640625
29.78626251220703,150.77206420898438,187.68429565429688
29.75031852722168,150.81520080566406,187.68446350097656
29.71453094482422,150.85841369628906,187.6846160888672
29.67841339111328,150.90231323242188,187.68478393554688
29.642946243286133,150.9457244873047,187.68495178222656
29.60763931274414,150.98919677734375,187.6851043701172
29.572486877441406,151.0327911376953,187.68524169921875
29.537490844726562,151.0764617919922,187.6853790283203
29.502647399902344,151.12022399902344,187.68553161621094
29.467960357666016,151.16409301757812,187.68563842773438
29.433429718017578,151.2080078125,187.68577575683594
29.39906120300293,151.25204467773438,187.68588256835938
29.364850997924805,151.29615783691406,187.6859893798828
29.330793380737305,151.34036254882812,187.6860809326172
29.296894073486328,151.3846435546875,187.6861572265625
29.263147354125977,151.42901611328125,187.6862335205078
29.229557037353516,151.47344970703125,187.68629455566406
29.196117401123047,151.5179901123047,187.68634033203125
29.162843704223633,151.56260681152344,187.68638610839844
29.129722595214844,151.6072998046875,187.6864013671875
29.096755981445312,151.65208435058594,187.6864013671875
29.063945770263672,151.6969451904297,187.6864013671875
29.031293869018555,151.7418670654297,187.68638610839844
28.998802185058594,151.78689575195312,187.68638610839844
28.966468811035156,151.83200073242188,187.6863555908203
28.933000564575195,151.87899780273438,187.6863250732422
28.900997161865234,151.9242706298828,187.68629455566406
28.869152069091797,151.9696044921875,187.686279296875
28.837467193603516,152.0150146484375,187.6862335205078
28.80594253540039,152.06051635742188,187.68618774414062
28.774580001831055,152.1060791015625,187.68614196777344
28.74201202392578,152.1537322998047,187.68609619140625
28.71097755432129,152.199462890625,187.68606567382812
28.680110931396484,152.24526977539062,187.68601989746094
28.649402618408203,152.29112243652344,187.68597412109375
28.6182918548584,152.3379364013672,187.68592834472656
28.587909698486328,152.3839569091797,187.6858673095703
28.547330856323242,152.4459228515625,187.685791015625
28.517335891723633,152.49212646484375,187.68572998046875
28.48750114440918,152.53839111328125,187.6856689453125
28.455923080444336,152.5877227783203,187.6855926513672
28.426429748535156,152.63414001464844,187.68553161621094
28.397098541259766,152.68063354492188,187.68544006347656
28.367935180664062,152.7271728515625,187.68536376953125
28.337080001831055,152.77682495117188,187.68528747558594
28.308271408081055,152.82351684570312,187.68519592285156
28.279640197753906,152.8703155517578,187.68511962890625
28.251182556152344,152.9171600341797,187.68502807617188
28.2228946685791,152.96409606933594,187.68495178222656
28.194778442382812,153.01109313964844,187.68484497070312
28.166839599609375,153.05816650390625,187.6847381591797
28.139070510864258,153.1053009033203,187.68463134765625
28.111482620239258,153.1525115966797,187.6845245361328
28.084068298339844,153.1997833251953,187.6844024658203
28.056825637817383,153.24713134765625,187.68429565429688
28.029752731323242,153.29454040527344,187.6841583251953
28.002851486206055,153.34201049804688,187.6840362548828
27.976119995117188,153.38955688476562,187.68392944335938
27.94955825805664,153.43716430664062,187.6837921142578
27.92317008972168,153.48483276367188,187.6836700439453
27.8964786529541,153.53343200683594,187.6835174560547
27.870437622070312,153.58123779296875,187.68338012695312
27.844568252563477,153.6290740966797,187.68324279785156
27.818872451782227,153.677001953125,187.68309020996094
27.79334831237793,153.7249755859375,187.68296813964844
27.76799774169922,153.7730255126953,187.68284606933594
27.742826461791992,153.82113647460938,187.68272399902344
27.71782684326172,153.8693084716797,187.68260192871094
27.692996978759766,153.9175262451172,187.68251037597656
27.664525985717773,153.97332763671875,187.68238830566406
27.640071868896484,154.02166748046875,187.6822967529297
27.615793228149414,154.070068359375,187.6822052001953
27.591686248779297,154.1185302734375,187.68212890625
27.567750930786133,154.16705322265625,187.6820526123047
27.543991088867188,154.21563720703125,187.68199157714844
27.520404815673828,154.26425170898438,187.6819305419922
27.496992111206055,154.3129425048828,187.681884765625
27.4737491607666,154.36166381835938,187.68182373046875
27.45022964477539,154.41140747070312,187.68179321289062
27.42732810974121,154.46023559570312,187.68174743652344
27.40459442138672,154.50912475585938,187.6817169189453
27.382028579711914,154.5580596923828,187.68165588378906
27.351945877075195,154.62393188476562,187.6815643310547
27.329755783081055,154.67298889160156,187.6814727783203
27.30773162841797,154.7220916748047,187.68136596679688
27.285871505737305,154.77122497558594,187.6812286376953
27.264188766479492,154.82041931152344,187.68109130859375
27.242679595947266,154.86965942382812,187.6809539794922
27.22134780883789,154.9189453125,187.68080139160156
27.200191497802734,154.96829223632812,187.68067932128906
27.179210662841797,155.01766967773438,187.6805419921875
27.158401489257812,155.0670928955078,187.68043518066406
27.13776969909668,155.11654663085938,187.68031311035156
27.1173152923584,155.1660614013672,187.68023681640625
27.09703254699707,155.21560668945312,187.6801300048828
27.076921463012695,155.26519775390625,187.6800537109375
27.056978225708008,155.3148193359375,187.6799774169922
27.036266326904297,155.36685180664062,187.67991638183594
27.01667022705078,155.41653442382812,187.67984008789062
26.997243881225586,155.46629333496094,187.67977905273438
26.97799301147461,155.5160675048828,187.67971801757812
26.958911895751953,155.5658721923828,187.67967224121094
26.939998626708984,155.61572265625,187.67962646484375
26.921255111694336,155.66561889648438,187.67958068847656
26.902677536010742,155.7155303955078,187.67953491210938
26.884267807006836,155.76548767089844,187.6794891357422
26.86602783203125,155.81549072265625,187.67945861816406
26.847957611083984,155.86553955078125,187.67941284179688
26.830055236816406,155.9156036376953,187.6793670654297
26.81202507019043,155.96658325195312,187.67935180664062
26.794479370117188,156.0167236328125,187.67930603027344
26.77712059020996,156.06690979003906,187.6792755126953
26.75995445251465,156.1171417236328,187.6792449951172
26.742982864379883,156.16741943359375,187.67919921875
26.726219177246094,156.2177276611328,187.67916870117188
26.70965576171875,156.26806640625,187.67913818359375
26.693294525146484,156.31846618652344,187.6791229248047
26.677135467529297,156.36888122558594,187.67909240722656
26.661182403564453,156.41932678222656,187.6790771484375
26.64531898498535,156.47021484375,187.67906188964844
26.629785537719727,156.52073669433594,187.67906188964844
26.61446189880371,156.57130432128906,187.67904663085938
26.59934425354004,156.6219024658203,187.6790313720703
26.584400177001953,156.67263793945312,187.67901611328125
26.569690704345703,156.72329711914062,187.6790008544922
26.555187225341797,156.77398681640625,187.678955078125
26.540891647338867,156.82470703125,187.67892456054688
26.52039909362793,156.8988494873047,187.6788330078125
26.506637573242188,156.9496307373047,187.6787567138672
26.493101119995117,157.0004425048828,187.67868041992188
26.479785919189453,157.05128479003906,187.6786346435547
26.46668815612793,157.10215759277344,187.67855834960938
26.45380973815918,157.153076171875,187.6785125732422
26.441160202026367,157.20401000976562,187.67848205566406
26.428730010986328,157.25498962402344,187.67845153808594
26.41652488708496,157.3059844970703,187.67843627929688
26.404541015625,157.3570098876953,187.67843627929688
26.39277458190918,157.4080810546875,187.67843627929688
26.381223678588867,157.4591522216797,187.6784210205078
26.369895935058594,157.51025390625,187.6784210205078
26.35879135131836,157.56138610839844,187.6784210205078
26.347904205322266,157.61256408691406,187.6784210205078
26.337230682373047,157.6637725830078,187.67840576171875
26.3267765045166,157.7150115966797,187.6783905029297
26.31654167175293,157.7662811279297,187.6783905029297
26.306520462036133,157.81761169433594,187.6783905029297
26.2963924407959,157.87071228027344,187.6783905029297
26.28681755065918,157.922119140625,187.6783905029297
26.276710510253906,157.9777069091797,187.67840576171875
26.267576217651367,158.02920532226562,187.6784210205078
26.258649826049805,158.08078002929688,187.67845153808594
26.24993133544922,158.1323699951172,187.678466796875
26.241416931152344,158.1840057373047,187.6785125732422
26.233108520507812,158.23570251464844,187.6785430908203
26.225006103515625,158.2874298095703,187.6785888671875
26.21711540222168,158.33921813964844,187.6786346435547
26.209430694580078,158.39102172851562,187.6786651611328
26.201953887939453,158.44287109375,187.6787109375
26.194679260253906,158.49476623535156,187.67877197265625
26.18754005432129,158.54721069335938,187.67881774902344
26.18067741394043,158.59918212890625,187.67884826660156
26.174022674560547,158.6511993408203,187.6789093017578
26.16757583618164,158.7032470703125,187.678955078125
26.16132926940918,158.75534057617188,187.6790008544922
26.15528678894043,158.8074493408203,187.6790313720703
26.149446487426758,158.85960388183594,187.67904663085938
26.14381217956543,158.9117889404297,187.67906188964844
26.138378143310547,158.96400451660156,187.67906188964844
26.133153915405273,159.01626586914062,187.67906188964844
26.128137588500977,159.0685577392578,187.67904663085938
26.123323440551758,159.12086486816406,187.6790313720703
26.118715286254883,159.1732177734375,187.67901611328125
26.11284065246582,159.2436065673828,187.678955078125
26.10871696472168,159.29603576660156,187.6789093017578
26.104799270629883,159.34849548339844,187.67886352539062
26.101085662841797,159.40098571777344,187.6787872314453
26.097578048706055,159.4534912109375,187.6787109375
26.094276428222656,159.50604248046875,187.6786346435547
26.09117889404297,159.5586395263672,187.67852783203125
26.088293075561523,159.61123657226562,187.67840576171875
26.085615158081055,159.66384887695312,187.6782989501953
26.082971572875977,159.72023010253906,187.6781463623047
26.080717086791992,159.77288818359375,187.67800903320312
26.07866859436035,159.82559204101562,187.67784118652344
26.076824188232422,159.87828063964844,187.6776580810547
26.075185775756836,159.93101501464844,187.67745971679688
26.073759078979492,159.9837646484375,187.67724609375
26.072553634643555,160.03652954101562,187.67701721191406
26.071563720703125,160.08932495117188,187.67677307128906
26.070791244506836,160.14215087890625,187.6765594482422
26.070232391357422,160.19500732421875,187.67633056640625
26.069889068603516,160.24789428710938,187.6761016845703
26.06975555419922,160.30081176757812,187.6759033203125
26.06983184814453,160.35374450683594,187.6757049560547
26.07012367248535,160.40670776367188,187.67550659179688
26.07062530517578,160.45968627929688,187.67530822753906
26.071428298950195,160.51889038085938,187.67510986328125
26.07237434387207,160.57191467285156,187.6749267578125
26.07352638244629,160.6249542236328,187.67474365234375
26.074878692626953,160.67800903320312,187.67457580566406
26.076427459716797,160.73110961914062,187.67442321777344
26.078155517578125,160.7842254638672,187.67425537109375
26.080062866210938,160.83738708496094,187.6741180419922
26.08213233947754,160.8905792236328,187.6739501953125
26.08434295654297,160.94378662109375,187.673828125
26.086687088012695,160.99703979492188,187.67369079589844
26.08945083618164,161.05667114257812,187.6735382080078
26.092037200927734,161.1100311279297,187.67343139648438
26.094715118408203,161.1634063720703,187.6732940673828
26.097476959228516,161.2168426513672,187.67318725585938
26.100322723388672,161.2703399658203,187.67306518554688
26.103422164916992,161.3269500732422,187.67294311523438
26.106691360473633,161.38502502441406,187.67282104492188
26.109806060791016,161.43865966796875,187.6726837158203
26.113018035888672,161.4923553466797,187.6725616455078
26.116331100463867,161.54611206054688,187.67242431640625
26.119752883911133,161.5998992919922,187.67227172851562
26.12560272216797,161.6881561279297,187.6719970703125
26.12932777404785,161.74209594726562,187.6717987060547
26.133169174194336,161.79608154296875,187.67160034179688
26.13713264465332,161.85011291503906,187.67137145996094
26.141212463378906,161.90420532226562,187.671142578125
26.14541244506836,161.95834350585938,187.6708984375
26.14973258972168,162.01254272460938,187.67063903808594
26.154165267944336,162.06678771972656,187.6703643798828
26.15871238708496,162.12109375,187.6700897216797
26.16337776184082,162.17543029785156,187.6697998046875
26.16815757751465,162.22982788085938,187.66949462890625
26.17305564880371,162.28427124023438,187.669189453125
26.17806625366211,162.3387908935547,187.6688690185547
26.18319320678711,162.3933563232422,187.6685791015625
26.188434600830078,162.44796752929688,187.6682586669922
26.19379234313965,162.5026397705078,187.66796875
26.199268341064453,162.55738830566406,187.6676788330078
26.204864501953125,162.61216735839844,187.66738891601562
26.2105770111084,162.66702270507812,187.66712951660156
26.21640396118164,162.721923828125,187.66685485839844
26.222352981567383,162.77688598632812,187.66659545898438
26.22842025756836,162.83189392089844,187.6663360595703
26.234609603881836,162.88694763183594,187.6660919189453
26.240928649902344,162.94207763671875,187.6658477783203
26.24737548828125,162.9972381591797,187.66563415527344
26.253948211669922,163.05247497558594,187.66542053222656
26.260648727416992,163.10775756835938,187.6652374267578
26.267478942871094,163.16310119628906,187.66505432128906
26.274438858032227,163.21849060058594,187.66488647460938
26.28197479248047,163.27735900878906,187.6647491455078
26.28920555114746,163.33287048339844,187.6646270751953
26.296567916870117,163.38841247558594,187.66453552246094
26.30406379699707,163.44400024414062,187.66444396972656
26.311689376831055,163.49966430664062,187.66436767578125
26.319448471069336,163.55535888671875,187.66432189941406
26.32733917236328,163.61111450195312,187.66429138183594
26.335359573364258,163.6669158935547,187.6642608642578
26.343517303466797,163.72276306152344,187.6642608642578
26.351806640625,163.77867126464844,187.66427612304688
26.360231399536133,163.83462524414062,187.664306640625
26.36878776550293,163.89064025878906,187.66433715820312
26.377477645874023,163.94668579101562,187.66439819335938
26.387130737304688,164.00802612304688,187.66445922851562
26.396099090576172,164.06417846679688,187.66452026367188
26.405197143554688,164.12037658691406,187.6645965576172
26.418203353881836,164.19947814941406,187.66470336914062
26.427745819091797,164.25665283203125,187.664794921875
26.437273025512695,164.3130340576172,187.6648712158203
26.446935653686523,164.36947631835938,187.66497802734375
26.456743240356445,164.42593383789062,187.6650848388672
26.466699600219727,164.48245239257812,187.66522216796875
26.47681427001953,164.53900146484375,187.6653594970703
26.487083435058594,164.59559631347656,187.66549682617188
26.497509002685547,164.6522216796875,187.66566467285156
26.508087158203125,164.7088623046875,187.66583251953125
26.51881980895996,164.7655487060547,187.66600036621094
26.53006362915039,164.82408142089844,187.66616821289062
26.54111099243164,164.88082885742188,187.66636657714844
26.552316665649414,164.93760681152344,187.6665496826172
26.563676834106445,164.99440002441406,187.666748046875
26.575193405151367,165.0512237548828,187.66696166992188
26.586862564086914,165.10806274414062,187.6671600341797
26.600326538085938,165.1727294921875,187.66737365722656
26.612337112426758,165.22962951660156,187.66758728027344
26.624507904052734,165.2865447998047,187.6678009033203
26.6368350982666,165.34349060058594,187.6680145263672
26.649330139160156,165.40048217773438,187.66824340820312
26.661985397338867,165.45750427246094,187.66848754882812
26.6747989654541,165.5145263671875,187.66873168945312
26.687768936157227,165.57159423828125,187.66896057128906
26.70090103149414,165.62867736816406,187.66921997070312
26.71453094482422,165.6872100830078,187.6694793701172
26.72799301147461,165.7443389892578,187.66973876953125
26.741621017456055,165.80148315429688,187.67001342773438
26.75541114807129,165.858642578125,187.67030334472656
26.769367218017578,165.9158172607422,187.67059326171875
26.783489227294922,165.9730224609375,187.67088317871094
26.798458099365234,166.03294372558594,187.67120361328125
26.814128875732422,166.09495544433594,187.67153930664062
26.828765869140625,166.15219116210938,187.671875
26.84356117248535,166.20944213867188,187.67221069335938
26.858524322509766,166.26670837402344,187.6725311279297
26.874683380126953,166.32786560058594,187.67288208007812
26.889989852905273,166.38514709472656,187.6732177734375
26.90546417236328,166.4424591064453,187.67355346679688
26.921104431152344,166.499755859375,187.6738739013672
26.936912536621094,166.5570831298828,187.67420959472656
26.95288848876953,166.61441040039062,187.674560546875
26.969722747802734,166.6741485595703,187.67494201660156
26.98604965209961,166.73150634765625,187.67530822753906
27.010400772094727,166.81593322753906,187.6758575439453
27.028228759765625,166.87696838378906,187.67628479003906
27.045156478881836,166.934326171875,187.6766815185547
27.062253952026367,166.99166870117188,187.67709350585938
27.079517364501953,167.0489959716797,187.67752075195312
27.096946716308594,167.1063232421875,187.6779327392578
27.114545822143555,167.1636199951172,187.67837524414062
27.132314682006836,167.2209014892578,187.67881774902344
27.150249481201172,167.27818298339844,187.6792449951172
27.16893196105957,167.33726501464844,187.67971801757812
27.18720817565918,167.39451599121094,187.68017578125
27.205650329589844,167.4517364501953,187.6806182861328
27.22426414489746,167.50894165039062,187.6810760498047
27.2430477142334,167.5661163330078,187.6815185546875
27.262008666992188,167.62327575683594,187.68199157714844
27.281137466430664,167.680419921875,187.6824493408203
27.30043601989746,167.737548828125,187.6829071044922
27.319908142089844,167.79464721679688,187.68338012695312
27.339550018310547,167.85171508789062,187.683837890625
27.35982894897461,167.91009521484375,187.684326171875
27.379817962646484,167.96713256835938,187.68479919433594
27.399986267089844,168.02415466308594,187.68527221679688
27.420324325561523,168.0811309814453,187.6857452392578
27.440832138061523,168.1381072998047,187.68624877929688
27.461511611938477,168.19505310058594,187.6867218017578
27.482358932495117,168.25196838378906,187.68722534179688
27.503374099731445,168.30886840820312,187.6876983642578
27.52456283569336,168.36572265625,187.68820190429688
27.545923233032227,168.4225616455078,187.6886749267578
27.56744956970215,168.47938537597656,187.68917846679688
27.589147567749023,168.53616333007812,187.6896514892578
27.611013412475586,168.59291076660156,187.6901397705078
27.633052825927734,168.64962768554688,187.69061279296875
27.65526008605957,168.70631408691406,187.6911163330078
27.67764663696289,168.76296997070312,187.69158935546875
27.700204849243164,168.81956481933594,187.6920928955078
27.722936630249023,168.8761444091797,187.6925811767578
27.745838165283203,168.93267822265625,187.6930694580078
27.768911361694336,168.9891815185547,187.69357299804688
27.792156219482422,169.045654296875,187.69407653808594
27.815765380859375,169.1024932861328,187.694580078125
27.83938217163086,169.15884399414062,187.69508361816406
27.86319351196289,169.21514892578125,187.69557189941406
27.891292572021484,169.2808837890625,187.6961669921875
27.915546417236328,169.33700561523438,187.6966552734375
27.951393127441406,169.4188995361328,187.6973876953125
27.976173400878906,169.4747772216797,187.69789123535156
28.001174926757812,169.5305633544922,187.69839477539062
28.026391983032227,169.5862274169922,187.6988983154297
28.05183219909668,169.6417999267578,187.6993865966797
28.077491760253906,169.69725036621094,187.6998748779297
28.10336685180664,169.7526092529297,187.7003631591797
28.12945556640625,169.80784606933594,187.7008514404297
28.155765533447266,169.8629913330078,187.7013397216797
28.1832218170166,169.91993713378906,187.70184326171875
28.21218490600586,169.9793701171875,187.70237731933594
28.239168167114258,170.03416442871094,187.70286560058594
28.266376495361328,170.08883666992188,187.703369140625
28.29380226135254,170.14340209960938,187.703857421875
28.32144546508789,170.19784545898438,187.70437622070312
28.349306106567383,170.25216674804688,187.7048797607422
28.377384185791016,170.30638122558594,187.7053985595703
28.40567970275879,170.3604736328125,187.70590209960938
28.434192657470703,170.41444396972656,187.70643615722656
28.46293830871582,170.46827697753906,187.7069549560547
28.491901397705078,170.52200317382812,187.70748901367188
28.521080017089844,170.57557678222656,187.70803833007812
28.550477981567383,170.62904357910156,187.7085723876953
28.580095291137695,170.682373046875,187.70912170410156
28.60993003845215,170.7355499267578,187.70965576171875
28.639982223510742,170.7886199951172,187.710205078125
28.67025375366211,170.84152221679688,187.71075439453125
28.70073890686035,170.894287109375,187.71131896972656
28.731714248657227,170.9473876953125,187.71188354492188
28.762609481811523,170.9998321533203,187.71241760253906
28.793703079223633,171.05210876464844,187.7129669189453
28.824995040893555,171.10421752929688,187.71351623535156
28.856489181518555,171.15615844726562,187.71405029296875
28.88818359375,171.20791625976562,187.71458435058594
28.92007064819336,171.25949096679688,187.71510314941406
28.9521541595459,171.31092834472656,187.7156219482422
28.98443031311035,171.36216735839844,187.71612548828125
29.01690101623535,171.41323852539062,187.71661376953125
29.049570083618164,171.46412658691406,187.7171173095703
29.082433700561523,171.5148468017578,187.71759033203125
29.115495681762695,171.56539916992188,187.7180633544922
29.14875030517578,171.6157684326172,187.71852111816406
29.18219566345215,171.66595458984375,187.71897888183594
29.21582794189453,171.71597290039062,187.71942138671875
29.249650955200195,171.76580810546875,187.7198486328125
29.30121421813965,171.8408966064453,187.72047424316406
29.335525512695312,171.89027404785156,187.72085571289062
29.37055015563965,171.94020080566406,187.7212371826172
29.405248641967773,171.98919677734375,187.7216033935547
29.440139770507812,172.03799438476562,187.7219696044922
29.477584838867188,172.08984375,187.7223358154297
29.51287841796875,172.1382293701172,187.72268676757812
29.54836082458496,172.1864471435547,187.7230224609375
29.58403778076172,172.2344512939453,187.72332763671875
29.619909286499023,172.2822723388672,187.72364807128906
29.65596580505371,172.32989501953125,187.72393798828125
29.69221305847168,172.3773193359375,187.72422790527344
29.728647232055664,172.42453002929688,187.72451782226562
29.76527214050293,172.4715576171875,187.7247772216797
29.802085876464844,172.51837158203125,187.7250518798828
29.83909034729004,172.5649871826172,187.72531127929688
29.87628746032715,172.61138916015625,187.7255859375
29.913667678833008,172.6575927734375,187.72584533691406
29.951234817504883,172.70358276367188,187.7261199951172
29.988985061645508,172.74937438964844,187.72637939453125
30.02691650390625,172.79495239257812,187.7266387939453
30.065027236938477,172.84033203125,187.72691345214844
30.103322982788086,172.88551330566406,187.72715759277344
30.14179801940918,172.93045043945312,187.7274169921875
30.180456161499023,172.97520446777344,187.72764587402344
30.21929359436035,173.019775390625,187.72789001464844
30.258319854736328,173.06411743164062,187.72813415527344
30.29753303527832,173.10826110839844,187.72837829589844
30.33693504333496,173.15219116210938,187.72860717773438
30.37653350830078,173.19590759277344,187.72885131835938
30.416322708129883,173.2394256591797,187.72911071777344
30.456314086914062,173.2827606201172,187.72938537597656
30.49648094177246,173.32586669921875,187.72964477539062
30.536832809448242,173.36878967285156,187.72991943359375
30.57737159729004,173.41151428222656,187.73019409179688
30.61809730529785,173.45407104492188,187.73043823242188
30.659015655517578,173.49639892578125,187.73069763183594
30.70012092590332,173.53855895996094,187.73094177246094
30.74141502380371,173.58050537109375,187.731201171875
30.78289794921875,173.62229919433594,187.73143005371094
30.824573516845703,173.6638641357422,187.73167419433594
30.866439819335938,173.70526123046875,187.73193359375
30.908504486083984,173.74644470214844,187.73216247558594
30.950759887695312,173.7874298095703,187.73243713378906
30.99320411682129,173.82823181152344,187.73268127441406
31.050554275512695,173.88279724121094,187.73304748535156
31.094945907592773,173.924560546875,187.73330688476562
31.13802146911621,173.96470642089844,187.73358154296875
31.181278228759766,174.00466918945312,187.73382568359375
31.224716186523438,174.04444885253906,187.73406982421875
31.268335342407227,174.08404541015625,187.73431396484375
31.312135696411133,174.1234588623047,187.73455810546875
31.356115341186523,174.16265869140625,187.73480224609375
31.400279998779297,174.20167541503906,187.7350311279297
31.4456729888916,174.24142456054688,187.73526000976562
31.49102210998535,174.28074645996094,187.73550415039062
31.535751342773438,174.31918334960938,187.73573303222656
31.580657958984375,174.35745239257812,187.7359619140625
31.62574577331543,174.3955078125,187.73619079589844
31.671010971069336,174.43341064453125,187.7364044189453
31.716449737548828,174.4711151123047,187.73663330078125
31.762060165405273,174.5086669921875,187.73684692382812
31.807830810546875,174.54605102539062,187.737060546875
31.853757858276367,174.5832977294922,187.73727416992188
31.900516510009766,174.62094116210938,187.7374725341797
31.946748733520508,174.65792846679688,187.7376708984375
31.99312973022461,174.69479370117188,187.73785400390625
32.03965377807617,174.73155212402344,187.73805236816406
32.08633041381836,174.76824951171875,187.73825073242188
32.133148193359375,174.8048553466797,187.73843383789062
32.18010330200195,174.8413543701172,187.7386016845703
32.227195739746094,174.8778076171875,187.73878479003906
32.27442932128906,174.91416931152344,187.73895263671875
32.321807861328125,174.95042419433594,187.73910522460938
32.369327545166016,174.9866180419922,187.73924255371094
32.416996002197266,175.02268981933594,187.73936462402344
32.464813232421875,175.0586700439453,187.73948669433594
32.51277542114258,175.0945587158203,187.7395782470703
32.56089401245117,175.1303253173828,187.73965454101562
32.60916519165039,175.166015625,187.73973083496094
32.6575927734375,175.20159912109375,187.73977661132812
32.7061767578125,175.23707580566406,187.73983764648438
32.75491714477539,175.27244567871094,187.7398681640625
32.803810119628906,175.30770874023438,187.73989868164062
32.85285186767578,175.3428955078125,187.7399139404297
32.90203857421875,175.37794494628906,187.7399444580078
32.95136642456055,175.41290283203125,187.73995971679688
33.00083923339844,175.44775390625,187.73995971679688
33.05045700073242,175.48251342773438,187.73997497558594
33.10022735595703,175.51715087890625,187.739990234375
33.1734619140625,175.56776428222656,187.74000549316406
33.223575592041016,175.60215759277344,187.74000549316406
33.27382278442383,175.6364288330078,187.74002075195312
33.324214935302734,175.67062377929688,187.74002075195312
33.374752044677734,175.70469665527344,187.74002075195312
33.42543029785156,175.73867797851562,187.7400360107422
33.47624969482422,175.77255249023438,187.7400665283203
33.52721405029297,175.80630493164062,187.74008178710938
33.578311920166016,175.83995056152344,187.7401123046875
33.62955093383789,175.87350463867188,187.7401580810547
33.68128967285156,175.90716552734375,187.74021911621094
33.732810974121094,175.94049072265625,187.7402801513672
33.788368225097656,175.97621154785156,187.7403564453125
33.840171813964844,176.0093231201172,187.7404327392578
33.892112731933594,176.04232788085938,187.7405242919922
33.94418716430664,176.07522583007812,187.7406005859375
33.996395111083984,176.10800170898438,187.74069213867188
34.048728942871094,176.14068603515625,187.7407684326172
34.101200103759766,176.1732635498047,187.74085998535156
34.153804779052734,176.2057342529297,187.74095153808594
34.206539154052734,176.23809814453125,187.74105834960938
34.26041793823242,176.27099609375,187.74118041992188
34.313419342041016,176.3031463623047,187.7412872314453
34.36655807495117,176.33523559570312,187.74142456054688
34.419822692871094,176.3671875,187.74156188964844
34.47321701049805,176.39906311035156,187.74169921875
34.5267448425293,176.4308319091797,187.74183654785156
34.58039474487305,176.4624786376953,187.74197387695312
34.63417434692383,176.49403381347656,187.7421112060547
34.688079833984375,176.52549743652344,187.74224853515625
34.74211883544922,176.5568389892578,187.74240112304688
34.798255920410156,176.58921813964844,187.74253845214844
34.852561950683594,176.620361328125,187.74270629882812
34.9071159362793,176.6514434814453,187.74285888671875
34.9616813659668,176.682373046875,187.74301147460938
35.016380310058594,176.71319580078125,187.74317932128906
35.071197509765625,176.74391174316406,187.74334716796875
35.12614440917969,176.77452087402344,187.74351501464844
35.18120574951172,176.8050079345703,187.74368286132812
35.236392974853516,176.83541870117188,187.74383544921875
35.291709899902344,176.8656768798828,187.74398803710938
35.34714889526367,176.89584350585938,187.744140625
35.402713775634766,176.92588806152344,187.7443084716797
35.46083450317383,176.9571533203125,187.74447631835938
35.51666259765625,176.9869842529297,187.74462890625
35.5938835144043,177.0279541015625,187.74485778808594
35.6500129699707,177.05752563476562,187.74502563476562
35.706268310546875,177.0869903564453,187.74517822265625
35.76264572143555,177.1163330078125,187.74534606933594
35.81915283203125,177.14556884765625,187.74549865722656
35.87578582763672,177.17465209960938,187.74563598632812
35.932552337646484,177.20358276367188,187.74578857421875
35.98945236206055,177.2323760986328,187.74591064453125
36.04648208618164,177.26100158691406,187.7460479736328
36.103641510009766,177.2895050048828,187.74618530273438
36.16093444824219,177.3178253173828,187.74630737304688
36.222835540771484,177.3481903076172,187.74644470214844
36.28041076660156,177.37619018554688,187.74656677246094
36.33811569213867,177.40403747558594,187.7467041015625
36.395957946777344,177.43173217773438,187.746826171875
36.45729446411133,177.46084594726562,187.7469482421875
36.515411376953125,177.48822021484375,187.74708557128906
36.57365417480469,177.5154266357422,187.7471923828125
36.63203048706055,177.54244995117188,187.74732971191406
36.69053268432617,177.56932067871094,187.7474365234375
36.74916458129883,177.59603881835938,187.74755859375
36.807926177978516,177.62255859375,187.74769592285156
36.8668212890625,177.64892578125,187.74781799316406
36.925846099853516,177.6751251220703,187.74794006347656
36.98500061035156,177.70114135742188,187.7480926513672
37.044281005859375,177.7269744873047,187.74822998046875
37.10369110107422,177.75265502929688,187.74838256835938
37.163230895996094,177.7781524658203,187.74853515625
37.222896575927734,177.80348205566406,187.74868774414062
37.282691955566406,177.82862854003906,187.74884033203125
37.34261703491211,177.8535919189453,187.74899291992188
37.402671813964844,177.87838745117188,187.74916076660156
37.462852478027344,177.9029998779297,187.74932861328125
37.523162841796875,177.9274444580078,187.74949645996094
37.58429718017578,177.95201110839844,187.74966430664062
37.64486312866211,177.97610473632812,187.74984741210938
37.70555877685547,178.00003051757812,187.75001525878906
37.76637649536133,178.02381896972656,187.75018310546875
37.82731628417969,178.04742431640625,187.75033569335938
37.88838195800781,178.0708770751953,187.75048828125
37.949562072753906,178.09413146972656,187.7506561279297
38.010868072509766,178.1172332763672,187.75079345703125
38.072303771972656,178.14016723632812,187.7509307861328
38.13385772705078,178.1629180908203,187.75108337402344
38.19553756713867,178.1855010986328,187.75120544433594
38.287994384765625,178.2189483642578,187.7513885498047
38.3499755859375,178.2410888671875,187.75152587890625
38.41207504272461,178.26303100585938,187.7516326904297
38.474300384521484,178.28482055664062,187.7517547607422
38.536651611328125,178.30642700195312,187.75186157226562
38.600833892822266,178.3284454345703,187.75196838378906
38.663429260253906,178.34970092773438,187.75205993652344
38.72615051269531,178.37078857421875,187.7521209716797
38.78899002075195,178.39169311523438,187.752197265625
38.85520553588867,178.41346740722656,187.75225830078125
38.91830062866211,178.4340057373047,187.7523193359375
38.98151397705078,178.454345703125,187.75238037109375
39.044857025146484,178.47450256347656,187.75242614746094
39.10832214355469,178.4944610595703,187.7524871826172
39.17190170288086,178.51425170898438,187.75254821777344
39.2356071472168,178.53384399414062,187.7526092529297
39.29943084716797,178.55325317382812,187.75265502929688
39.363372802734375,178.57247924804688,187.75271606445312
39.428810119628906,178.5919189453125,187.7527618408203
39.493228912353516,178.61080932617188,187.75282287597656
39.55752944946289,178.62945556640625,187.7528533935547
39.621952056884766,178.64791870117188,187.7528839111328
39.68648910522461,178.6661834716797,187.7529296875
39.75114822387695,178.6842498779297,187.75296020507812
39.81592559814453,178.7021484375,187.75299072265625
39.880821228027344,178.71981811523438,187.7530059814453
39.945831298828125,178.7373046875,187.75303649902344
40.010963439941406,178.754638671875,187.7530517578125
40.07621383666992,178.7717742919922,187.75306701660156
40.141578674316406,178.7887420654297,187.75306701660156
40.207061767578125,178.8055877685547,187.75306701660156
40.27265930175781,178.822265625,187.75306701660156
40.33837890625,178.83880615234375,187.75306701660156
40.404212951660156,178.85523986816406,187.75306701660156
40.47016525268555,178.87158203125,187.75306701660156
40.536231994628906,178.8878173828125,187.75306701660156
40.6024169921875,178.90399169921875,187.75306701660156
40.6687126159668,178.9200897216797,187.75306701660156
40.73511505126953,178.93612670898438,187.75306701660156
40.8016357421875,178.95213317871094,187.75306701660156
40.86825180053711,178.96810913085938,187.75303649902344
40.93497848510742,178.98403930664062,187.75302124023438
41.00180435180664,178.99996948242188,187.75296020507812
41.06873321533203,179.01588439941406,187.75291442871094
41.135765075683594,179.03176879882812,187.75283813476562
41.236209869384766,179.05552673339844,187.75270080566406
41.30350875854492,179.0713653564453,187.75257873535156
41.37092208862305,179.0872039794922,187.75245666503906
41.43844223022461,179.10299682617188,187.7523193359375
41.506065368652344,179.11874389648438,187.75218200683594
41.57380294799805,179.13446044921875,187.7519989013672
41.64164733886719,179.150146484375,187.7518310546875
41.70960235595703,179.16578674316406,187.75161743164062
41.77766799926758,179.181396484375,187.75140380859375
41.850379943847656,179.19798278808594,187.7511444091797
41.91866683959961,179.21351623535156,187.75088500976562
41.987064361572266,179.22900390625,187.75062561035156
42.055564880371094,179.24444580078125,187.75035095214844
42.12852478027344,179.26084899902344,187.75006103515625
42.20304870605469,179.27755737304688,187.74974060058594
42.27188491821289,179.2929229736328,187.74945068359375
42.34082794189453,179.30828857421875,187.74916076660156
42.409873962402344,179.3236083984375,187.74887084960938
42.47902297973633,179.33892822265625,187.74859619140625
42.55223846435547,179.35507202148438,187.748291015625
42.62159729003906,179.370361328125,187.7480010986328
42.69105911254883,179.38560485839844,187.74774169921875
42.760623931884766,179.4008331298828,187.7474822998047
42.83029556274414,179.41604614257812,187.7472381591797
42.90007019042969,179.43121337890625,187.7469940185547
42.96995162963867,179.4463348388672,187.74676513671875
43.03993606567383,179.46141052246094,187.7465362548828
43.110023498535156,179.47642517089844,187.74632263183594
43.18021774291992,179.4914093017578,187.74612426757812
43.25209045410156,179.50662231445312,187.74591064453125
43.32250213623047,179.52146911621094,187.7457275390625
43.39302444458008,179.5362548828125,187.7455291748047
43.463661193847656,179.55099487304688,187.74537658691406
43.53440856933594,179.56565856933594,187.74522399902344
43.605262756347656,179.58026123046875,187.74508666992188
43.67623519897461,179.5948028564453,187.74496459960938
43.747314453125,179.60926818847656,187.74485778808594
43.818511962890625,179.62364196777344,187.74476623535156
43.88982391357422,179.637939453125,187.7447052001953
43.96124267578125,179.6521453857422,187.74462890625
44.032772064208984,179.66629028320312,187.7445831298828
44.10441207885742,179.68032836914062,187.7445526123047
44.17616653442383,179.6942596435547,187.74452209472656
44.24802780151367,179.7081298828125,187.7445068359375
44.320011138916016,179.72189331054688,187.74449157714844
44.42242431640625,179.7412872314453,187.7445068359375
44.49467849731445,179.7548370361328,187.74452209472656
44.56704330444336,179.768310546875,187.7445526123047
44.639522552490234,179.78167724609375,187.7445831298828
44.71212387084961,179.79495239257812,187.74464416503906
44.78767395019531,179.8086700439453,187.7447052001953
44.860504150390625,179.82176208496094,187.7447509765625
44.93345260620117,179.8347625732422,187.7448272705078
45.00651168823242,179.84767150878906,187.74490356445312
45.07968521118164,179.86050415039062,187.74497985839844
45.15296936035156,179.8732147216797,187.74505615234375
45.22637176513672,179.88584899902344,187.74514770507812
45.299888610839844,179.8983917236328,187.74522399902344
45.37351989746094,179.91082763671875,187.7453155517578
45.447265625,179.92318725585938,187.74539184570312
45.521121978759766,179.9354248046875,187.7454833984375
45.595096588134766,179.94757080078125,187.74557495117188
45.66918182373047,179.95960998535156,187.74563598632812
45.743385314941406,179.9715576171875,187.7457275390625
45.821434020996094,179.98394775390625,187.7458038330078
45.895870208740234,179.9956512451172,187.74586486816406
45.97043228149414,180.00721740722656,187.74594116210938
46.04510498046875,180.0186767578125,187.74600219726562
46.11989212036133,180.02999877929688,187.74609375
46.200401306152344,180.0420379638672,187.7461700439453
46.27542495727539,180.05311584472656,187.74624633789062
46.35057067871094,180.06407165527344,187.746337890625
46.42582702636719,180.0749053955078,187.74639892578125
46.503700256347656,180.0859832763672,187.74647521972656
46.57918930053711,180.09657287597656,187.74655151367188
46.6547966003418,180.1070556640625,187.74661254882812
46.73051452636719,180.117431640625,187.7466583251953
46.80634307861328,180.127685546875,187.7467041015625
46.882286071777344,180.1378173828125,187.74673461914062
46.95834732055664,180.14785766601562,187.74676513671875
47.034523010253906,180.15780639648438,187.7467803955078
47.110809326171875,180.1676788330078,187.7467803955078
47.18721008300781,180.177490234375,187.7467803955078
47.26371765136719,180.187255859375,187.7467803955078
47.34033966064453,180.1969757080078,187.7467803955078
47.417076110839844,180.20668029785156,187.7467498779297
47.49435043334961,180.21640014648438,187.74671936035156
47.571311950683594,180.22604370117188,187.74668884277344
47.64838790893555,180.23565673828125,187.74664306640625
47.72557830810547,180.24525451660156,187.74659729003906
47.83190155029297,180.2583770751953,187.74647521972656
47.910484313964844,180.2680206298828,187.74639892578125
47.98806381225586,180.27748107910156,187.74630737304688
48.06575393676758,180.28688049316406,187.7461700439453
48.14356231689453,180.2962646484375,187.7460479736328
48.22148895263672,180.3055877685547,187.7458953857422
48.299537658691406,180.31488037109375,187.74574279785156
48.377708435058594,180.32411193847656,187.74557495117188
48.45599365234375,180.33331298828125,187.74539184570312
48.53438949584961,180.3424835205078,187.7451934814453
48.61290740966797,180.3516082763672,187.7449951171875
48.69153594970703,180.3606719970703,187.7447967529297
48.77027130126953,180.36972045898438,187.74456787109375
48.84912872314453,180.37872314453125,187.74432373046875
48.92809295654297,180.3876953125,187.7440948486328
49.0105094909668,180.39698791503906,187.7438201904297
49.08970642089844,180.4058837890625,187.7435760498047
49.16901779174805,180.4147186279297,187.74330139160156
49.248435974121094,180.4235382080078,187.7430419921875
49.32797622680664,180.43231201171875,187.74276733398438
49.40762710571289,180.44105529785156,187.74249267578125
49.48739242553711,180.44973754882812,187.74220275878906
49.56727981567383,180.45838928222656,187.74192810058594
49.647274017333984,180.46701049804688,187.74163818359375
49.727386474609375,180.47560119628906,187.74136352539062
49.807613372802734,180.48416137695312,187.74107360839844
49.89793014526367,180.49374389648438,187.7407684326172
49.97840118408203,180.50221252441406,187.740478515625
50.058982849121094,180.5106658935547,187.74017333984375
50.139678955078125,180.51907348632812,187.7399139404297
50.220489501953125,180.52745056152344,187.7396240234375
50.30141067504883,180.53579711914062,187.73934936523438
50.3824462890625,180.5441131591797,187.73907470703125
50.46359634399414,180.55239868164062,187.73880004882812
50.54484939575195,180.56063842773438,187.738525390625
50.62740707397461,180.5689697265625,187.73825073242188
50.70888900756836,180.5771484375,187.7379913330078
50.79107666015625,180.58534240722656,187.73773193359375
50.87279510498047,180.59344482421875,187.7374725341797
50.954620361328125,180.6015167236328,187.7372283935547
51.036563873291016,180.6095428466797,187.7369842529297
51.11861801147461,180.61753845214844,187.73675537109375
51.20077896118164,180.62550354003906,187.7365264892578
51.28306579589844,180.6334228515625,187.73629760742188
51.36546325683594,180.6413116455078,187.73606872558594
51.486454010009766,180.65281677246094,187.7357635498047
51.56912612915039,180.66062927246094,187.73556518554688
51.65190887451172,180.6683807373047,187.73536682128906
51.73480987548828,180.6761016845703,187.73516845703125
51.81782150268555,180.68380737304688,187.7349853515625
51.900943756103516,180.69146728515625,187.73480224609375
51.98417663574219,180.6990966796875,187.734619140625
52.06752014160156,180.70668029785156,187.7344512939453
52.15098190307617,180.7142333984375,187.73428344726562
52.2379035949707,180.7220458984375,187.73410034179688
52.32158660888672,180.7295379638672,187.7339324951172
52.411705017089844,180.737548828125,187.73374938964844
52.49562454223633,180.74496459960938,187.7335968017578
52.57965850830078,180.75234985351562,187.7334442138672
52.66379928588867,180.75970458984375,187.73329162597656
52.74805450439453,180.76699829101562,187.73313903808594
52.83241653442383,180.7742919921875,187.73300170898438
52.91689682006836,180.78152465820312,187.73284912109375
53.00148391723633,180.78872680664062,187.7327117919922
53.086185455322266,180.7958984375,187.7325897216797
53.1733283996582,180.80322265625,187.73243713378906
53.25825881958008,180.81031799316406,187.73231506347656
53.343299865722656,180.81736755371094,187.732177734375
53.42845153808594,180.82440185546875,187.73204040527344
53.51371765136719,180.83139038085938,187.73191833496094
53.599090576171875,180.83834838867188,187.73178100585938
53.68458557128906,180.84527587890625,187.73165893554688
53.77018737792969,180.85215759277344,187.7315216064453
53.85590744018555,180.8590087890625,187.7313995361328
53.941734313964844,180.86581420898438,187.7312774658203
54.027671813964844,180.87257385253906,187.7311553955078
54.11371994018555,180.8793182373047,187.7310333251953
54.19988250732422,180.88601684570312,187.7309112548828
54.286163330078125,180.89266967773438,187.7307891845703
54.37255096435547,180.89930725097656,187.73065185546875
54.45905303955078,180.9058837890625,187.7305450439453
54.54566955566406,180.91244506835938,187.7304229736328
54.63239669799805,180.9189453125,187.7303009033203
54.719451904296875,180.92543029785156,187.7301788330078
54.80640411376953,180.93185424804688,187.7300567626953
54.89347839355469,180.93824768066406,187.7299346923828
54.980655670166016,180.94459533691406,187.7298126220703
55.06795120239258,180.95091247558594,187.72967529296875
55.15535354614258,180.9571990966797,187.72955322265625
55.24287414550781,180.9634246826172,187.7294158935547
55.35780715942383,180.97154235839844,187.729248046875
55.445587158203125,180.97767639160156,187.72911071777344
55.533477783203125,180.98377990722656,187.7289581298828
55.62166213989258,180.98985290527344,187.72882080078125
55.709781646728516,180.99588012695312,187.7286834716797
55.79801559448242,181.00186157226562,187.72853088378906
55.88636016845703,181.00779724121094,187.72837829589844
55.98020935058594,181.01406860351562,187.7281951904297
56.068790435791016,181.01992797851562,187.72802734375
56.15747833251953,181.02574157714844,187.72784423828125
56.24628448486328,181.03150939941406,187.7276611328125
56.335201263427734,181.03726196289062,187.72750854492188
56.424232482910156,181.0429229736328,187.72735595703125
56.51337432861328,181.04856872558594,187.7272186279297
56.60262680053711,181.05416870117188,187.7270965576172
56.691993713378906,181.05972290039062,187.72698974609375
56.78410720825195,181.0654296875,187.7268829345703
56.873695373535156,181.0709228515625,187.72679138183594
56.9633903503418,181.07643127441406,187.72671508789062
57.053199768066406,181.0819091796875,187.7266387939453
57.14311599731445,181.08738708496094,187.72657775878906
57.23313903808594,181.09288024902344,187.72653198242188
57.32327651977539,181.09835815429688,187.72647094726562
57.41539001464844,181.1039581298828,187.72640991210938
57.50574493408203,181.1094512939453,187.7263641357422
57.59620666503906,181.11497497558594,187.72630310058594
57.68678665161133,181.1204833984375,187.7262725830078
57.777469635009766,181.1260528564453,187.72622680664062
57.86825942993164,181.13165283203125,187.72618103027344
57.962928771972656,181.13754272460938,187.72613525390625
58.05392837524414,181.1432647705078,187.72608947753906
58.1518669128418,181.14950561523438,187.72601318359375
58.25078201293945,181.1558837890625,187.72593688964844
58.34209060668945,181.161865234375,187.7258758544922
58.433502197265625,181.1679229736328,187.7257843017578
58.525020599365234,181.174072265625,187.72572326660156
58.61664962768555,181.1802978515625,187.7256317138672
58.7083854675293,181.18661499023438,187.72557067871094
58.80023193359375,181.19300842285156,187.7255096435547
58.89218521118164,181.19949340820312,187.7254638671875
58.98423767089844,181.20603942871094,187.72543334960938
59.07639694213867,181.21266174316406,187.72540283203125
59.168670654296875,181.21929931640625,187.72537231445312
59.26105499267578,181.22598266601562,187.72537231445312
59.35354995727539,181.23268127441406,187.72537231445312
59.50675964355469,181.24374389648438,187.7253875732422
59.59955596923828,181.25045776367188,187.7254180908203
59.69246292114258,181.25718688964844,187.7254638671875
59.785484313964844,181.26390075683594,187.72552490234375
59.87861251831055,181.27066040039062,187.72557067871094
59.97185516357422,181.2774200439453,187.72564697265625
60.06521224975586,181.28421020507812,187.72573852539062
60.1586799621582,181.29103088378906,187.725830078125
60.252254486083984,181.2978515625,187.72593688964844
60.345943450927734,181.30470275878906,187.72604370117188
60.43974304199219,181.3115692138672,187.72618103027344
60.53364944458008,181.3184814453125,187.726318359375
60.6307373046875,181.32562255859375,187.72645568847656
60.72486877441406,181.3325653076172,187.72659301757812
60.82603073120117,181.3400421142578,187.72674560546875
60.92039108276367,181.34703063964844,187.72689819335938
61.014862060546875,181.35403442382812,187.72705078125
61.10944366455078,181.36105346679688,187.72718811035156
61.204132080078125,181.3680877685547,187.72732543945312
61.298927307128906,181.37515258789062,187.7274932861328
61.393836975097656,181.38221740722656,187.72763061523438
61.48885726928711,181.38929748535156,187.72776794433594
61.58399200439453,181.39639282226562,187.7279052734375
61.679229736328125,181.4035186767578,187.72805786132812
61.77458190917969,181.41062927246094,187.7281951904297
61.87004089355469,181.41775512695312,187.7283172607422
61.96711349487305,181.42501831054688,187.7284698486328
62.06279754638672,181.43218994140625,187.7285919189453
62.158592224121094,181.43934631347656,187.7287139892578
62.25449752807617,181.44650268554688,187.72885131835938
62.35051345825195,181.45370483398438,187.7289581298828
62.44679641723633,181.4608917236328,187.7290802001953
62.54302978515625,181.4680938720703,187.72918701171875
62.6407356262207,181.4753875732422,187.7292938232422
62.73719787597656,181.48260498046875,187.72940063476562
62.833778381347656,181.4898223876953,187.72947692871094
62.93046951293945,181.49703979492188,187.72958374023438
63.02727127075195,181.50425720214844,187.72967529296875
63.12419128417969,181.511474609375,187.72975158691406
63.221214294433594,181.51870727539062,187.72982788085938
63.31835174560547,181.52593994140625,187.7299041748047
63.415672302246094,181.53317260742188,187.72998046875
63.51304244995117,181.5404052734375,187.73004150390625
63.61051940917969,181.5476531982422,187.7301025390625
63.70811080932617,181.55490112304688,187.7301788330078
63.84761428833008,181.56527709960938,187.73025512695312
63.94547653198242,181.572509765625,187.73031616210938
64.04345703125,181.57977294921875,187.7303924560547
64.14154815673828,181.58705139160156,187.73043823242188
64.23974609375,181.5943145751953,187.73049926757812
64.33805084228516,181.60159301757812,187.73057556152344
64.43647766113281,181.60887145996094,187.7306365966797
64.5350112915039,181.6161346435547,187.730712890625
64.63365936279297,181.62342834472656,187.73077392578125
64.73241424560547,181.63070678710938,187.7308349609375
64.83128356933594,181.63800048828125,187.73092651367188
64.93025970458984,181.645263671875,187.73101806640625
65.02935028076172,181.65255737304688,187.7310791015625
65.12854766845703,181.65985107421875,187.73117065429688
65.22785949707031,181.66712951660156,187.7312469482422
65.32727813720703,181.67442321777344,187.73135375976562
65.42681884765625,181.68173217773438,187.7314453125
65.52645874023438,181.68902587890625,187.73155212402344
65.62620544433594,181.6963348388672,187.73165893554688
65.72607421875,181.70361328125,187.7317657470703
65.82604217529297,181.71092224121094,187.7318878173828
65.9261245727539,181.71823120117188,187.73202514648438
66.02632141113281,181.72552490234375,187.73214721679688
66.12662506103516,181.73281860351562,187.7322998046875
66.22703552246094,181.74012756347656,187.73243713378906
66.32756042480469,181.74742126464844,187.7325897216797
66.42819213867188,181.75473022460938,187.7327423095703
66.52893829345703,181.76202392578125,187.73289489746094
66.62979125976562,181.76931762695312,187.73306274414062
66.73075866699219,181.77662658691406,187.73324584960938
66.83183288574219,181.783935546875,187.73342895507812
66.93302917480469,181.79122924804688,187.73362731933594
67.03431701660156,181.79852294921875,187.73382568359375
67.13572692871094,181.8058319091797,187.7340545654297
67.23725128173828,181.81312561035156,187.73428344726562
67.33887481689453,181.8204345703125,187.73452758789062
67.44060516357422,181.82774353027344,187.73477172851562
67.5424575805664,181.83502197265625,187.73504638671875
67.64442443847656,181.8423309326172,187.7353057861328
67.74649810791016,181.84962463378906,187.73558044433594
67.84867858886719,181.85693359375,187.73587036132812
67.95097351074219,181.8642120361328,187.73617553710938
68.05338287353516,181.8715057373047,187.73651123046875
68.15589904785156,181.87881469726562,187.73683166503906
68.25852966308594,181.8861083984375,187.7371826171875
68.39842987060547,181.8960418701172,187.7376708984375
68.50131225585938,181.90330505371094,187.738037109375
68.60430908203125,181.9105987548828,187.73841857910156
68.7074203491211,181.91787719726562,187.7388153076172
68.81063842773438,181.9251708984375,187.73919677734375
68.91397094726562,181.93243408203125,187.73960876464844
69.01740264892578,181.93971252441406,187.7400360107422
69.12308502197266,181.94711303710938,187.74046325683594
69.22674560546875,181.9543914794922,187.74090576171875
69.33052062988281,181.96163940429688,187.74134826660156
69.43441009521484,181.96890258789062,187.74183654785156
69.5442886352539,181.97657775878906,187.74234008789062
69.64839935302734,181.98382568359375,187.74282836914062
69.76028442382812,181.99160766601562,187.74337768554688
69.86461639404297,181.9988555908203,187.74388122558594
69.96906280517578,182.006103515625,187.74440002441406
70.0736083984375,182.01333618164062,187.74493408203125
70.17826843261719,182.02056884765625,187.74546813964844
70.28303527832031,182.02780151367188,187.7460174560547
70.38790893554688,182.0350341796875,187.74656677246094
70.49616241455078,182.04248046875,187.7471466064453
70.60126495361328,182.04969787597656,187.7477264404297
70.70645904541016,182.05691528320312,187.74830627441406
70.81175994873047,182.0641326904297,187.74888610839844
70.92317199707031,182.07174682617188,187.74951171875
71.02869415283203,182.07894897460938,187.75010681152344
71.13432312011719,182.08615112304688,187.75070190429688
71.24005889892578,182.0933380126953,187.7512969970703
71.34589385986328,182.10052490234375,187.7519073486328
71.45755767822266,182.10812377929688,187.75253295898438
71.57254028320312,182.11593627929688,187.75318908691406
71.6787109375,182.12313842773438,187.7537841796875
71.78498840332031,182.13034057617188,187.75437927246094
71.89136505126953,182.13754272460938,187.75498962402344
71.99786376953125,182.144775390625,187.75558471679688
72.10445404052734,182.15199279785156,187.75616455078125
72.2111587524414,182.1592254638672,187.7567596435547
72.31796264648438,182.16644287109375,187.75735473632812
72.42487335205078,182.17367553710938,187.75794982910156
72.53581237792969,182.18118286132812,187.75857543945312
72.64293670654297,182.18841552734375,187.75917053222656
72.75017547607422,182.19566345214844,187.759765625
72.8575210571289,182.2029266357422,187.76036071777344
72.96497344970703,182.21018981933594,187.76095581054688
73.07252502441406,182.2174530029297,187.76156616210938
73.23126983642578,182.22816467285156,187.76243591308594
73.3390884399414,182.23544311523438,187.76303100585938
73.447021484375,182.2427215576172,187.7636260986328
73.5550537109375,182.25001525878906,187.7642364501953
73.66319274902344,182.25732421875,187.76483154296875
73.77505493164062,182.26486206054688,187.7654571533203
73.8833999633789,182.27218627929688,187.76605224609375
73.99186706542969,182.2794952392578,187.7666473388672
74.10042572021484,182.28683471679688,187.76727294921875
74.2091064453125,182.29415893554688,187.7678680419922
74.31788635253906,182.301513671875,187.7684783935547
74.4267807006836,182.30885314941406,187.76910400390625
74.5357666015625,182.3162078857422,187.7697296142578
74.6461181640625,182.3236541748047,187.77035522460938
74.75532531738281,182.33103942871094,187.77098083496094
74.86463928222656,182.3384246826172,187.7716064453125
74.97454833984375,182.34584045410156,187.77224731445312
75.08406829833984,182.35324096679688,187.7729034423828
75.1937026977539,182.36065673828125,187.77354431152344
75.30343627929688,182.36807250976562,187.77420043945312
75.41327667236328,182.37550354003906,187.77484130859375
75.5232162475586,182.3829345703125,187.7755126953125
75.63326263427734,182.39039611816406,187.77618408203125
75.7434310913086,182.39785766601562,187.77684020996094
75.85639953613281,182.405517578125,187.7775421142578
75.96676635742188,182.41299438476562,187.7781982421875
76.07723236083984,182.4204864501953,187.7788848876953
76.18781280517578,182.427978515625,187.77957153320312
76.29849243164062,182.43548583984375,187.78025817871094
76.40928649902344,182.44300842285156,187.78094482421875
76.52017211914062,182.45054626464844,187.78164672851562
76.63117218017578,182.45809936523438,187.78233337402344
76.7431869506836,182.4656982421875,187.7830352783203
76.8543930053711,182.4732666015625,187.7837371826172
76.9656982421875,182.48085021972656,187.784423828125
77.07711029052734,182.48843383789062,187.7851104736328
77.18862915039062,182.49603271484375,187.7858123779297
77.30024719238281,182.50364685058594,187.78651428222656
77.41197967529297,182.5112762451172,187.78721618652344
77.52381134033203,182.51890563964844,187.78790283203125
77.6357421875,182.5265655517578,187.78860473632812
77.7477798461914,182.53421020507812,187.78929138183594
77.86125946044922,182.54196166992188,187.7899932861328
77.97350311279297,182.54965209960938,187.7906951904297
78.08585357666016,182.55734252929688,187.7913818359375
78.25923919677734,182.56924438476562,187.79244995117188
78.3718490600586,182.57696533203125,187.7931365966797
78.48456573486328,182.58468627929688,187.79380798339844
78.59947204589844,182.5925750732422,187.79452514648438
78.71239471435547,182.60035705566406,187.79519653320312
78.8254165649414,182.608154296875,187.79588317871094
78.93854522705078,182.615966796875,187.7965545654297
79.05282592773438,182.6239013671875,187.7972412109375
79.16614532470703,182.63182067871094,187.7979278564453
79.28068542480469,182.63986206054688,187.79859924316406
79.39420318603516,182.64788818359375,187.79925537109375
79.5078125,182.65597534179688,187.79991149902344
79.62152862548828,182.66415405273438,187.80056762695312
79.73533630371094,182.67239379882812,187.8012237548828
79.8492431640625,182.6807098388672,187.8018798828125
79.96324157714844,182.6890869140625,187.8025360107422
80.07733917236328,182.69752502441406,187.8031768798828
80.1915283203125,182.70603942871094,187.80381774902344
80.3058090209961,182.71463012695312,187.80447387695312
80.4201889038086,182.72329711914062,187.80511474609375
80.53466796875,182.73202514648438,187.80577087402344
80.64924621582031,182.74082946777344,187.80641174316406
80.763916015625,182.7496795654297,187.80706787109375
80.8786849975586,182.7585906982422,187.80770874023438
80.99356079101562,182.7675323486328,187.80836486816406
81.10852813720703,182.77650451660156,187.80902099609375
81.2236099243164,182.78549194335938,187.80966186523438
81.33879089355469,182.7945098876953,187.81031799316406
81.45406341552734,182.80355834960938,187.81094360351562
81.56944274902344,182.81263732910156,187.8115997314453
81.68492126464844,182.82174682617188,187.812255859375
81.80050659179688,182.83087158203125,187.81289672851562
81.92284393310547,182.840576171875,187.81358337402344
82.04838562011719,182.85055541992188,187.8142852783203
82.16429138183594,182.8598175048828,187.81494140625
82.28028869628906,182.86911010742188,187.8155975341797
82.39639282226562,182.87844848632812,187.81625366210938
82.51258850097656,182.8878173828125,187.81692504882812
82.63480377197266,182.89773559570312,187.81761169433594
82.75120544433594,182.90719604492188,187.8182830810547
82.86771392822266,182.9167022705078,187.81895446777344
82.98431396484375,182.92623901367188,187.8196258544922
83.10101318359375,182.9358367919922,187.8203125
83.21781158447266,182.94546508789062,187.8209991455078
83.33470916748047,182.95513916015625,187.82167053222656
83.50811004638672,182.9695281982422,187.8227081298828
83.6253662109375,182.97930908203125,187.82339477539062
83.75248718261719,182.98995971679688,187.82415771484375
83.86982727050781,182.99981689453125,187.82485961914062
83.98727416992188,183.00970458984375,187.82554626464844
84.10481262207031,183.01962280273438,187.8262481689453
84.22245025634766,183.02960205078125,187.8269500732422
84.3401870727539,183.0395965576172,187.82766723632812
84.45802307128906,183.04965209960938,187.828369140625
84.5802993774414,183.0601043701172,187.8291015625
84.6983413696289,183.07022094726562,187.82981872558594
84.81648254394531,183.0803680419922,187.83053588867188
84.9347152709961,183.09056091308594,187.8312530517578
85.05305480957031,183.1007843017578,187.83197021484375
85.1714859008789,183.11102294921875,187.8326873779297
85.29003143310547,183.12130737304688,187.83340454101562
85.40866088867188,183.13160705566406,187.83413696289062
85.52740478515625,183.14193725585938,187.83485412597656
85.64624786376953,183.1522674560547,187.83560180664062
85.76709747314453,183.16278076171875,187.8363494873047
85.88614654541016,183.17312622070312,187.83706665039062
86.00529479980469,183.18348693847656,187.83779907226562
86.12454223632812,183.19384765625,187.83853149414062
86.243896484375,183.2042236328125,187.8392791748047
86.36335754394531,183.21458435058594,187.8400115966797
86.48291778564453,183.2249755859375,187.84075927734375
86.60256958007812,183.2353515625,187.84149169921875
86.72233581542969,183.24575805664062,187.84225463867188
86.84619140625,183.25650024414062,187.843017578125
86.96615600585938,183.2668914794922,187.84376525878906
87.08621978759766,183.27731323242188,187.84451293945312
87.20639038085938,183.2877197265625,187.84527587890625
87.32666778564453,183.29812622070312,187.8460235595703
87.45524597167969,183.3092498779297,187.84683227539062
87.58568572998047,183.32052612304688,187.84764099121094
87.7062759399414,183.3309326171875,187.84840393066406
87.82696533203125,183.3413543701172,187.84915161132812
87.94775390625,183.35174560546875,187.84991455078125
88.06864166259766,183.36215209960938,187.85069274902344
88.18963623046875,183.37254333496094,187.85145568847656
88.31072235107422,183.38294982910156,187.85220336914062
88.4319076538086,183.393310546875,187.8529510498047
88.5531997680664,183.40370178222656,187.85372924804688
88.67459106445312,183.4140625,187.85447692871094
88.79608917236328,183.42442321777344,187.85523986816406
88.96317291259766,183.43862915039062,187.85626220703125
89.08490753173828,183.44895935058594,187.8570098876953
89.20674133300781,183.4592742919922,187.85775756835938
89.32867431640625,183.46957397460938,187.85850524902344
89.45846557617188,183.48052978515625,187.85931396484375
89.58059692382812,183.49078369140625,187.8600616455078
89.70284271240234,183.5010528564453,187.8607940673828
89.82518768310547,183.51129150390625,187.8615264892578
89.9476318359375,183.52151489257812,187.8622589111328
90.07018280029297,183.53172302246094,187.86302185058594
90.19282531738281,183.5419158935547,187.86375427246094
90.3155746459961,183.55209350585938,187.86448669433594
90.43842315673828,183.56224060058594,187.86521911621094
90.56136322021484,183.57237243652344,187.86595153808594
90.68441772460938,183.58248901367188,187.86668395996094
90.80757141113281,183.5925750732422,187.867431640625
90.93081665039062,183.60263061523438,187.8681640625
91.05416870117188,183.61268615722656,187.868896484375
91.1776123046875,183.62271118164062,187.86961364746094
91.30115509033203,183.63270568847656,187.87034606933594
91.4248046875,183.64268493652344,187.87107849121094
91.54855346679688,183.6526336669922,187.87181091308594
91.67239379882812,183.66256713867188,187.87255859375
91.79634094238281,183.6724853515625,187.873291015625
91.9203872680664,183.68235778808594,187.87400817871094
92.0445327758789,183.6922149658203,187.87474060058594
92.16876983642578,183.70204162597656,187.87547302246094
92.296875,183.71214294433594,187.876220703125
92.42131805419922,183.72190856933594,187.876953125
92.54586029052734,183.73165893554688,187.877685546875
92.67050170898438,183.74139404296875,187.87841796875
92.79524230957031,183.7510986328125,187.87913513183594
92.92008209228516,183.76077270507812,187.8798828125
93.0450210571289,183.77044677734375,187.88063049316406
93.17005157470703,183.78009033203125,187.88136291503906
93.2951889038086,183.78970336914062,187.88209533691406
93.42041778564453,183.79933166503906,187.88284301757812
93.54573822021484,183.80892944335938,187.8835906982422
93.6711654663086,183.81851196289062,187.8843231201172
93.79668426513672,183.82810974121094,187.88507080078125
93.92229461669922,183.83767700195312,187.8858184814453
94.04801177978516,183.84722900390625,187.88658142089844
94.17382049560547,183.85678100585938,187.8873291015625
94.29972076416016,183.86630249023438,187.8880615234375
94.42572021484375,183.87582397460938,187.88880920410156
94.60338592529297,183.8892364501953,187.88987731933594
94.7296142578125,183.89874267578125,187.890625
94.8559341430664,183.90823364257812,187.891357421875
94.98235321044922,183.91770935058594,187.89210510253906
95.1088638305664,183.92718505859375,187.89285278320312
95.2354736328125,183.9366455078125,187.89361572265625
95.36217498779297,183.9461212158203,187.89437866210938
95.48896789550781,183.95556640625,187.89512634277344
95.61585998535156,183.9650115966797,187.8958740234375
95.74283599853516,183.97447204589844,187.89663696289062
95.86991119384766,183.98390197753906,187.8973846435547
95.99708557128906,183.99334716796875,187.8981475830078
96.12434387207031,184.0027618408203,187.89889526367188
96.25169372558594,184.01219177246094,187.899658203125
96.37913513183594,184.02162170410156,187.90040588378906
96.50667572021484,184.03103637695312,187.9011688232422
96.65069580078125,184.04165649414062,187.90203857421875
96.77842712402344,184.0510711669922,187.90280151367188
96.90625762939453,184.0605010986328,187.90354919433594
97.03417205810547,184.06991577148438,187.90431213378906
97.16218566894531,184.07933044433594,187.9050750732422
97.290283203125,184.08876037597656,187.90585327148438
97.41847229003906,184.09817504882812,187.90660095214844
97.5467529296875,184.1075897216797,187.9073944091797
97.67513275146484,184.11703491210938,187.9081573486328
97.80359649658203,184.12646484375,187.908935546875
97.93214416503906,184.13589477539062,187.9097137451172
98.060791015625,184.14532470703125,187.91049194335938
98.18951416015625,184.15476989746094,187.91127014160156
98.32754516601562,184.1648712158203,187.912109375
98.45645904541016,184.17433166503906,187.9128875732422
98.59513092041016,184.1844940185547,187.91371154785156
98.72423553466797,184.1939697265625,187.9145050048828
98.85343170166016,184.20343017578125,187.915283203125
98.98271942138672,184.212890625,187.9160614013672
99.11209869384766,184.2223663330078,187.91685485839844
99.2415542602539,184.2318572998047,187.91763305664062
99.37110900878906,184.24134826660156,187.91839599609375
99.50074768066406,184.2508544921875,187.919189453125
99.63047790527344,184.26036071777344,187.9199676513672
99.76496887207031,184.2702178955078,187.92079162597656
99.89488220214844,184.27975463867188,187.92156982421875
100.0248794555664,184.28929138183594,187.92234802246094
100.15496826171875,184.29884338378906,187.9231414794922
100.28514862060547,184.30841064453125,187.9239501953125
100.4974594116211,184.32398986816406,187.92523193359375
100.62785339355469,184.3335723876953,187.92604064941406
100.75834655761719,184.34317016601562,187.9268341064453
100.888916015625,184.35275268554688,187.92764282226562
101.01958465576172,184.3623809814453,187.928466796875
101.15032958984375,184.3719940185547,187.92926025390625
101.28115844726562,184.3816375732422,187.93006896972656
101.41207885742188,184.3912811279297,187.93089294433594
101.54308319091797,184.40093994140625,187.93170166015625
101.6741714477539,184.4105987548828,187.93251037597656
101.80533599853516,184.42027282714844,187.93333435058594
101.93659973144531,184.42996215820312,187.9341583251953
102.06793975830078,184.43966674804688,187.93496704101562
102.19937133789062,184.4493865966797,187.935791015625
102.33087921142578,184.4591064453125,187.9365997314453
102.47037506103516,184.4694366455078,187.93746948242188
102.60206604003906,184.47918701171875,187.9382781982422
102.73383331298828,184.4889678955078,187.93911743164062
102.8656997680664,184.49874877929688,187.93994140625
102.99765014648438,184.50852966308594,187.94076538085938
103.12967681884766,184.51834106445312,187.94158935546875
103.26178741455078,184.52816772460938,187.9424285888672
103.39398193359375,184.53799438476562,187.9432373046875
103.5262680053711,184.54783630371094,187.94407653808594
103.65863037109375,184.55770874023438,187.9449005126953
103.79108428955078,184.5675811767578,187.9457244873047
103.9236068725586,184.5774688720703,187.94656372070312
104.05614471435547,184.5873565673828,187.94740295410156
104.18865966796875,184.5972442626953,187.94822692871094
104.3211441040039,184.60716247558594,187.94903564453125
104.45362091064453,184.61708068847656,187.94984436035156
104.5860824584961,184.6269989013672,187.95065307617188
104.7185287475586,184.63693237304688,187.95144653320312
104.85575103759766,184.647216796875,187.95225524902344
104.98817443847656,184.65716552734375,187.95303344726562
105.1205825805664,184.66712951660156,187.9538116455078
105.25298309326172,184.6770782470703,187.95455932617188
105.38536834716797,184.6870574951172,187.955322265625
105.51774597167969,184.697021484375,187.95606994628906
105.65547180175781,184.7073974609375,187.95684814453125
105.7878189086914,184.71739196777344,187.9575958251953
105.92015075683594,184.72738647460938,187.9583282470703
106.0524673461914,184.73739624023438,187.95904541015625
106.18477630615234,184.74740600585938,187.9597625732422
106.32367706298828,184.75791931152344,187.9605255126953
106.51477813720703,184.77239990234375,187.96156311035156
106.64703369140625,184.7824249267578,187.9622802734375
106.77928161621094,184.79246520996094,187.9629669189453
106.91151428222656,184.80250549316406,187.96368408203125
107.0437240600586,184.8125762939453,187.96437072753906
107.18379211425781,184.82322692871094,187.965087890625
107.31598663330078,184.83328247070312,187.96578979492188
107.45853424072266,184.84414672851562,187.96652221679688
107.5906982421875,184.85421752929688,187.96719360351562
107.72284698486328,184.86431884765625,187.96788024902344
107.85498046875,184.87440490722656,187.9685516357422
107.98709869384766,184.88450622558594,187.96925354003906
108.11920928955078,184.89462280273438,187.9699249267578
108.25738525390625,184.9051971435547,187.97064208984375
108.38946533203125,184.9153289794922,187.9713134765625
108.52153015136719,184.92544555664062,187.9720001220703
108.6535873413086,184.93557739257812,187.97267150878906
108.7856216430664,184.9457244873047,187.9733428955078
108.91764068603516,184.95587158203125,187.97402954101562
109.04965209960938,184.96600341796875,187.9746856689453
109.18164825439453,184.97616577148438,187.97537231445312
109.31362915039062,184.986328125,187.97604370117188
109.44559478759766,184.9965057373047,187.9767303466797
109.57755279541016,185.00668334960938,187.9774169921875
109.70948791503906,185.01687622070312,187.97808837890625
109.84141540527344,185.02706909179688,187.97879028320312
109.97332763671875,185.0372772216797,187.97947692871094
110.10527038574219,185.0474853515625,187.98019409179688
110.23736572265625,185.0577392578125,187.98089599609375
110.36962127685547,185.06800842285156,187.98162841796875
110.50200653076172,185.0783233642578,187.9823760986328
110.63496398925781,185.08871459960938,187.98312377929688
110.76753997802734,185.09913635253906,187.98390197753906
110.90013885498047,185.109619140625,187.98468017578125
111.03274536132812,185.12017822265625,187.98545837402344
111.16535186767578,185.1308135986328,187.9862518310547
111.2979736328125,185.14154052734375,187.98707580566406
111.4306411743164,185.15235900878906,187.98788452148438
111.5675277709961,185.16360473632812,187.98876953125
111.70028686523438,185.1746063232422,187.98959350585938
111.83309173583984,185.18569946289062,187.99044799804688
111.96595764160156,185.19688415527344,187.99131774902344
112.1064682006836,185.2087860107422,187.9922332763672
112.23945617675781,185.22015380859375,187.9930877685547
112.37251281738281,185.2316131591797,187.9939727783203
112.560791015625,185.24798583984375,187.99522399902344
112.69397735595703,185.25967407226562,187.99610900878906
112.82723999023438,185.27146911621094,187.99700927734375
112.96055603027344,185.28335571289062,187.99790954589844
113.09392547607422,185.29531860351562,187.9988250732422
113.22737121582031,185.30735778808594,187.99977111816406
113.36088562011719,185.3194580078125,188.00071716308594
113.49446105957031,185.3315887451172,188.0016632080078
113.62810516357422,185.34378051757812,188.0026397705078
113.76182556152344,185.3560333251953,188.00363159179688
113.8956069946289,185.36831665039062,188.00460815429688
114.02944946289062,185.38064575195312,188.005615234375
114.17036437988281,185.3936767578125,188.0066680908203
114.3043441772461,185.40609741210938,188.00767517089844
114.43839263916016,185.4185791015625,188.0086669921875
114.57250213623047,185.4311065673828,188.00967407226562
114.70668029785156,185.44371032714844,188.01065063476562
114.84092712402344,185.45635986328125,188.01165771484375
114.97522735595703,185.4690704345703,188.01266479492188
115.10960388183594,185.48182678222656,188.01368713378906
115.2440414428711,185.4946746826172,188.0146942138672
115.38104248046875,185.50779724121094,188.01576232910156
115.51561737060547,185.52076721191406,188.01681518554688
115.65025329589844,185.53379821777344,188.0178680419922
115.78495025634766,185.54685974121094,188.01893615722656
115.91970825195312,185.5600128173828,188.02001953125
116.05453491210938,185.57321166992188,188.02108764648438
116.19164276123047,185.58668518066406,188.02218627929688
116.32659149169922,185.59999084472656,188.0232696533203
116.46160125732422,185.61337280273438,188.0243377685547
116.5966796875,185.62680053710938,188.02542114257812
116.73181915283203,185.64027404785156,188.0264892578125
116.86702728271484,185.65382385253906,188.02755737304688
117.00230407714844,185.6674041748047,188.02862548828125
117.13764953613281,185.68106079101562,188.02967834472656
117.27306365966797,185.6947479248047,188.03074645996094
117.40853881835938,185.70849609375,188.03179931640625
117.5440902709961,185.7222900390625,188.03286743164062
117.6797103881836,185.73614501953125,188.03392028808594
117.8173599243164,185.75025939941406,188.03500366210938
117.95311737060547,185.7642059326172,188.0360565185547
118.08893585205078,185.77821350097656,188.03713989257812
118.22482299804688,185.79226684570312,188.03819274902344
118.36077880859375,185.80638122558594,188.0392608642578
118.4968032836914,185.82052612304688,188.04034423828125
118.69125366210938,185.8408203125,188.0418701171875
118.82743835449219,185.85508728027344,188.04295349121094
118.96369934082031,185.86940002441406,188.04403686523438
119.10002136230469,185.88375854492188,188.04510498046875
119.24199676513672,185.8987579345703,188.04623413085938
119.37844848632812,185.91319274902344,188.04733276367188
119.52543640136719,185.92880249023438,188.0485076904297
119.66203308105469,185.943359375,188.04959106445312
119.79869842529297,185.9579315185547,188.05067443847656
119.93543243408203,185.97256469726562,188.05177307128906
120.07222747802734,185.9872283935547,188.0528564453125
120.20909118652344,186.00193786621094,188.05393981933594
120.34603118896484,186.0166778564453,188.05502319335938
120.4830322265625,186.03147888183594,188.0561065673828
120.62010955810547,186.0463104248047,188.0572052001953
120.75947570800781,186.0614013671875,188.05828857421875
120.89668273925781,186.0762939453125,188.0593719482422
121.03396606445312,186.09121704101562,188.0604705810547
121.17131805419922,186.10617065429688,188.06155395507812
121.3087387084961,186.1211395263672,188.0626220703125
121.44622802734375,186.13616943359375,188.063720703125
121.58378601074219,186.1511993408203,188.06480407714844
121.72142028808594,186.16627502441406,188.06588745117188
121.85912322998047,186.1813507080078,188.0669708251953
121.99903106689453,186.19671630859375,188.0680694580078
122.13687133789062,186.21185302734375,188.0691375732422
122.27478790283203,186.22702026367188,188.07022094726562
122.41276550292969,186.24221801757812,188.07127380371094
122.55081939697266,186.2574462890625,188.0723419189453
122.68893432617188,186.27268981933594,188.0734100341797
122.82713317871094,186.28794860839844,188.07444763183594
122.96539306640625,186.30325317382812,188.0755157470703
123.10372924804688,186.3185577392578,188.07656860351562
123.24213409423828,186.3339080810547,188.07763671875
123.38060760498047,186.34925842285156,188.07867431640625
123.51914978027344,186.36465454101562,188.07974243164062
123.65776824951172,186.3800506591797,188.08078002929688
123.79645538330078,186.39547729492188,188.08184814453125
123.93521118164062,186.41090393066406,188.0828857421875
124.07403564453125,186.42637634277344,188.0839385986328
124.21293640136719,186.4418487548828,188.08499145507812
124.35189819335938,186.4573516845703,188.08602905273438
124.49093627929688,186.4728546142578,188.0870819091797
124.63004302978516,186.4884033203125,188.08811950683594
124.76922607421875,186.5039520263672,188.08917236328125
125.07166290283203,186.53778076171875,188.0914306640625
125.2179183959961,186.55413818359375,188.092529296875
125.3573989868164,186.5697479248047,188.09359741210938
125.4969482421875,186.5853729248047,188.09463500976562
125.6365737915039,186.60101318359375,188.09568786621094
125.7762680053711,186.6166534423828,188.09674072265625
125.9160385131836,186.63229370117188,188.09780883789062
126.05587768554688,186.64794921875,188.09886169433594
126.19578552246094,186.66360473632812,188.09991455078125
126.33576965332031,186.67929077148438,188.10096740722656
126.47582244873047,186.69496154785156,188.10203552246094
126.61595153808594,186.7106475830078,188.10308837890625
126.75614929199219,186.72634887695312,188.1041717529297
126.89641571044922,186.74205017089844,188.10523986816406
127.0367660522461,186.7577667236328,188.10630798339844
127.17718505859375,186.7734832763672,188.10739135742188
127.32048797607422,186.78952026367188,188.10848999023438
127.46104431152344,186.8052520751953,188.10958862304688
127.6016845703125,186.82098388671875,188.11065673828125
127.74239349365234,186.83670043945312,188.1117706298828
127.88317108154297,186.8524627685547,188.11285400390625
128.02401733398438,186.86819458007812,188.11395263671875
128.17047119140625,186.8845672607422,188.11509704589844
128.3114776611328,186.90029907226562,188.1162109375
128.45254516601562,186.91607666015625,188.11732482910156
128.5936737060547,186.93182373046875,188.1184539794922
128.73489379882812,186.9475860595703,188.1195831298828
128.88287353515625,186.96408081054688,188.1207733154297
129.02423095703125,186.9798583984375,188.12191772460938
129.16566467285156,186.99562072753906,188.12307739257812
129.3071746826172,187.01138305664062,188.12423706054688
129.44873046875,187.02716064453125,188.12539672851562
129.5903778076172,187.04290771484375,188.12657165527344
129.7321014404297,187.0586700439453,188.1277618408203
129.87388610839844,187.07444763183594,188.12892150878906
130.01573181152344,187.0902099609375,188.130126953125
130.15988159179688,187.10621643066406,188.13133239746094
130.3018798828125,187.12197875976562,188.1325225830078
130.44395446777344,187.1377410888672,188.1337432861328
130.5861053466797,187.1535186767578,188.13494873046875
130.72833251953125,187.1692657470703,188.13616943359375
130.87060546875,187.18502807617188,188.1374053955078
131.01296997070312,187.20079040527344,188.13864135742188
131.16183471679688,187.21725463867188,188.1399383544922
131.347412109375,187.23776245117188,188.14157104492188
131.50009155273438,187.254638671875,188.14291381835938
131.6427764892578,187.2703857421875,188.14419555664062
131.78553771972656,187.2861328125,188.1454620361328
131.9283447265625,187.30186462402344,188.146728515625
132.07125854492188,187.31761169433594,188.14801025390625
132.21421813964844,187.33334350585938,188.1492919921875
132.3572540283203,187.34909057617188,188.1505889892578
132.50038146972656,187.36480712890625,188.1519012451172
132.64356994628906,187.3805389404297,188.1531982421875
132.7868194580078,187.39625549316406,188.15452575683594
132.93014526367188,187.4119873046875,188.1558380126953
133.07354736328125,187.42770385742188,188.1571807861328
133.21702575683594,187.4434051513672,188.15850830078125
133.3648681640625,187.4595947265625,188.15988159179688
133.50833129882812,187.47528076171875,188.16123962402344
133.65200805664062,187.49098205566406,188.16258239746094
133.7957763671875,187.50668334960938,188.1639404296875
133.93960571289062,187.52236938476562,188.165283203125
134.08351135253906,187.53805541992188,188.1666259765625
134.2274932861328,187.55374145507812,188.16798400878906
134.3715362548828,187.56939697265625,188.16934204101562
134.51565551757812,187.5850830078125,188.17071533203125
134.66058349609375,187.60081481933594,188.1720733642578
134.80484008789062,187.61648559570312,188.17344665527344
134.9491729736328,187.63214111328125,188.1748046875
135.0935821533203,187.64779663085938,188.17617797851562
135.23805236816406,187.6634521484375,188.1775360107422
135.38259887695312,187.67909240722656,188.1789093017578
135.5272216796875,187.69473266601562,188.18026733398438
135.6719207763672,187.7103729248047,188.18161010742188
135.81668090820312,187.7259979248047,188.18296813964844
135.96231079101562,187.74168395996094,188.18431091308594
136.10720825195312,187.75730895996094,188.18565368652344
136.252197265625,187.7729034423828,188.18698120117188
136.39724731445312,187.78851318359375,188.18832397460938
136.5423583984375,187.80409240722656,188.1896514892578
136.68756103515625,187.8196563720703,188.19097900390625
136.8328094482422,187.83523559570312,188.19229125976562
136.9781494140625,187.85079956054688,188.19361877441406
137.1241455078125,187.86642456054688,188.19493103027344
137.2696075439453,187.88197326660156,188.19625854492188
137.41517639160156,187.8975067138672,188.19757080078125
137.56716918945312,187.91372680664062,188.1989288330078
137.7128448486328,187.9292449951172,188.2002410888672
137.8910675048828,187.94821166992188,188.2018585205078
138.0369110107422,187.96371459960938,188.20315551757812
138.18284606933594,187.97921752929688,188.20445251464844
138.32882690429688,187.9947052001953,188.2057647705078
138.47813415527344,188.01052856445312,188.20709228515625
138.624267578125,188.0260009765625,188.20840454101562
138.77047729492188,188.0414581298828,188.209716796875
138.91676330566406,188.05691528320312,188.21102905273438
139.0668487548828,188.07275390625,188.21237182617188
139.21328735351562,188.0881805419922,188.2136993408203
139.35977172851562,188.10360717773438,188.21502685546875
139.50633239746094,188.11903381347656,188.21636962890625
139.66221618652344,188.13540649414062,188.21778869628906
139.80892944335938,188.15078735351562,188.21914672851562
139.95571899414062,188.1661834716797,188.2205047607422
140.10255432128906,188.1815643310547,188.2218780517578
140.24949645996094,188.19691467285156,188.22323608398438
140.39649963378906,188.2122802734375,188.22462463378906
140.54356384277344,188.22763061523438,188.22601318359375
140.69070434570312,188.2429656982422,188.2274169921875
140.83792114257812,188.25828552246094,188.2288360595703
140.98519897460938,188.27359008789062,188.2302703857422
141.13479614257812,188.2891082763672,188.23175048828125
141.28221130371094,188.3043975830078,188.23321533203125
141.42971801757812,188.31967163085938,188.23471069335938
141.57730102539062,188.3349151611328,188.23623657226562
141.72491455078125,188.3501739501953,188.23776245117188
141.87261962890625,188.3654022216797,188.23931884765625
142.02037048339844,188.38063049316406,188.24087524414062
142.16912841796875,188.39593505859375,188.24246215820312
142.32533264160156,188.4119873046875,188.24415588378906
142.4732208251953,188.4271697998047,188.24574279785156
142.6211700439453,188.44232177734375,188.2473602294922
142.76914978027344,188.4574737548828,188.24900817871094
142.91714477539062,188.47259521484375,188.2506561279297
143.07408142089844,188.48861694335938,188.25244140625
143.22213745117188,188.5037078857422,188.25411987304688
143.38165283203125,188.5199432373047,188.25596618652344
143.52972412109375,188.5349884033203,188.2576904296875
143.6777801513672,188.55001831054688,188.25942993164062
143.82583618164062,188.56503295898438,188.26116943359375
143.973876953125,188.5800018310547,188.262939453125
144.12188720703125,188.594970703125,188.26470947265625
144.2698516845703,188.60992431640625,188.26646423339844
144.42189025878906,188.625244140625,188.26828002929688
144.6476287841797,188.64796447753906,188.27099609375
144.79547119140625,188.662841796875,188.27276611328125
144.94325256347656,188.67767333984375,188.27455139160156
145.09507751464844,188.6929168701172,188.27635192871094
145.2427978515625,188.70770263671875,188.27813720703125
145.39048767089844,188.72247314453125,188.27992248535156
145.53811645507812,188.73721313476562,188.2816925048828
145.69712829589844,188.75306701660156,188.28359985351562
145.84469604492188,188.76779174804688,188.28536987304688
145.99221801757812,188.78245544433594,188.28713989257812
146.1499786376953,188.7981414794922,188.2890167236328
146.29742431640625,188.81277465820312,188.29078674316406
146.44482421875,188.827392578125,188.29254150390625
146.59217834472656,188.84197998046875,188.29428100585938
146.739501953125,188.85655212402344,188.29603576660156
146.89727783203125,188.8721466064453,188.29788208007812
147.04446411132812,188.88665771484375,188.2996368408203
147.1915740966797,188.90115356445312,188.30136108398438
147.3385772705078,188.91561889648438,188.30307006835938
147.48550415039062,188.93006896972656,188.3047637939453
147.63229370117188,188.94447326660156,188.30645751953125
147.7789764404297,188.9588623046875,188.3081512451172
147.925537109375,188.9732208251953,188.309814453125
148.0719757080078,188.987548828125,188.3114776611328
148.21827697753906,189.00184631347656,188.31314086914062
148.36444091796875,189.01612854003906,188.31478881835938
148.51046752929688,189.03038024902344,188.31643676757812
148.65634155273438,189.04458618164062,188.31805419921875
148.8020782470703,189.0587615966797,188.3197021484375
148.94764709472656,189.0729217529297,188.32131958007812
149.09307861328125,189.08705139160156,188.3229522705078
149.2383270263672,189.1011505126953,188.3245849609375
149.38343811035156,189.11520385742188,188.32620239257812
149.52838134765625,189.1292266845703,188.3278350830078
149.6731719970703,189.1432342529297,188.32945251464844
149.8177947998047,189.1571807861328,188.33108520507812
149.9622344970703,189.17112731933594,188.33270263671875
150.10650634765625,189.1850128173828,188.33433532714844
150.2542724609375,189.19924926757812,188.33599853515625
150.39817810058594,189.2130584716797,188.337646484375
150.5432891845703,189.22698974609375,188.33929443359375
150.68685913085938,189.2407684326172,188.34095764160156
150.83023071289062,189.25448608398438,188.34263610839844
150.97581481933594,189.26841735839844,188.3443603515625
151.1278076171875,189.28292846679688,188.34619140625
151.3472442626953,189.30384826660156,188.34889221191406
151.4897918701172,189.31741333007812,188.35067749023438
151.6425323486328,189.3319549560547,188.35264587402344
151.78469848632812,189.34542846679688,188.35450744628906
151.9266815185547,189.35890197753906,188.3563995361328
152.0684814453125,189.37232971191406,188.3583221435547
152.2101287841797,189.38571166992188,188.36029052734375
152.35154724121094,189.39906311035156,188.36228942871094
152.4927978515625,189.41238403320312,188.3643035888672
152.6409149169922,189.4263153076172,188.36648559570312
152.78179931640625,189.43955993652344,188.3685760498047
152.9224853515625,189.45277404785156,188.37074279785156
153.06932067871094,189.46653747558594,188.37301635742188
153.2096405029297,189.47967529296875,188.37521362304688
153.3497772216797,189.49278259277344,188.3774871826172
153.49911499023438,189.5067138671875,188.37991333007812
153.6388702392578,189.5197296142578,188.38221740722656
153.77845764160156,189.53271484375,188.38455200195312
153.91786193847656,189.54563903808594,188.3868865966797
154.0570831298828,189.5585479736328,188.38926696777344
154.19613647460938,189.57142639160156,188.3916473388672
154.3350067138672,189.58424377441406,188.39404296875
154.47369384765625,189.59706115722656,188.39645385742188
154.61219787597656,189.6098175048828,188.3988800048828
154.75051879882812,189.62252807617188,188.4012908935547
154.888671875,189.63522338867188,188.4037322998047
155.0280303955078,189.6479949951172,188.4062042236328
155.1658172607422,189.6605987548828,188.4086456298828
155.3137664794922,189.6741180419922,188.41128540039062
155.45118713378906,189.68666076660156,188.41372680664062
155.58843994140625,189.69915771484375,188.4161834716797
155.72547912597656,189.71160888671875,188.4186248779297
155.8623809814453,189.72402954101562,188.42108154296875
156.0069122314453,189.7371063232422,188.42364501953125
156.15733337402344,189.7506866455078,188.4263153076172
156.29364013671875,189.7629852294922,188.42872619628906
156.42977905273438,189.7752227783203,188.43113708496094
156.5657501220703,189.7874298095703,188.4335479736328
156.70152282714844,189.79962158203125,188.43594360351562
156.83709716796875,189.81175231933594,188.43832397460938
156.9724578857422,189.82382202148438,188.44068908691406
157.1138153076172,189.83644104003906,188.4431610107422
157.24876403808594,189.8484344482422,188.44552612304688
157.38352966308594,189.8603973388672,188.44786071777344
157.52728271484375,189.87313842773438,188.4503631591797
157.75430297851562,189.89320373535156,188.4542999267578
157.89068603515625,189.90521240234375,188.45668029785156
158.0244140625,189.91696166992188,188.45899963378906
158.1579132080078,189.92861938476562,188.46131896972656
158.29119873046875,189.94021606445312,188.463623046875
158.4242706298828,189.9517364501953,188.46592712402344
158.55709838867188,189.96315002441406,188.46824645996094
158.68971252441406,189.97450256347656,188.47055053710938
158.82211303710938,189.98574829101562,188.4728546142578
158.9542999267578,189.99693298339844,188.47515869140625
159.08778381347656,190.00816345214844,188.47747802734375
159.21951293945312,190.0191650390625,188.47976684570312
159.3510284423828,190.0300750732422,188.4820556640625
159.4822998046875,190.04092407226562,188.48434448242188
159.6133575439453,190.05166625976562,188.48663330078125
159.7441864013672,190.06234741210938,188.48892211914062
159.8748016357422,190.07293701171875,188.49122619628906
160.00518798828125,190.0834503173828,188.49351501464844
160.13536071777344,190.09388732910156,188.4958038330078
160.26528930664062,190.10421752929688,188.49810791015625
160.40267944335938,190.11509704589844,188.50054931640625
160.5321502685547,190.125244140625,188.50286865234375
160.66140747070312,190.1353302001953,188.5051727294922
160.79043579101562,190.14532470703125,188.5074920654297
160.91925048828125,190.15524291992188,188.50982666015625
161.04786682128906,190.16505432128906,188.5121612548828
161.18714904785156,190.1756134033203,188.51467895507812
161.31527709960938,190.18524169921875,188.51699829101562
161.4431915283203,190.19476318359375,188.5193328857422
161.5708770751953,190.2042236328125,188.52163696289062
161.69833374023438,190.2135772705078,188.5239715576172
161.8320770263672,190.2233123779297,188.5264129638672
161.95909118652344,190.2324676513672,188.5287322998047
162.0858612060547,190.2415313720703,188.5310516357422
162.21478271484375,190.25067138671875,188.53341674804688
162.34107971191406,190.259521484375,188.53575134277344
162.46713256835938,190.26828002929688,188.53807067871094
162.5928955078125,190.27694702148438,188.5404052734375
162.71841430664062,190.2855224609375,188.542724609375
162.84364318847656,190.29400634765625,188.5450439453125
162.9685821533203,190.30238342285156,188.54736328125
163.0932159423828,190.3106689453125,188.54965209960938
163.21755981445312,190.31883239746094,188.55197143554688
163.34420776367188,190.32708740234375,188.5543212890625
163.46795654296875,190.33506774902344,188.55662536621094
163.64401245117188,190.34628295898438,188.55990600585938
163.7709197998047,190.354248046875,188.56224060058594
163.8936004638672,190.36187744140625,188.5645294189453
164.01596069335938,190.36940002441406,188.56680297851562
164.13804626464844,190.3768310546875,188.56907653808594
164.25979614257812,190.38414001464844,188.5713653564453
164.38876342773438,190.39178466796875,188.5737762451172
164.50990295410156,190.3988800048828,188.57603454589844
164.63075256347656,190.40586853027344,188.57830810546875
164.7512969970703,190.4127197265625,188.58058166503906
164.87158203125,190.4194793701172,188.58285522460938
164.9915771484375,190.42613220214844,188.58514404296875
165.11134338378906,190.43264770507812,188.58741760253906
165.23086547851562,190.43905639648438,188.58969116210938
165.35012817382812,190.4453582763672,188.59197998046875
165.46917724609375,190.45150756835938,188.59425354003906
165.58798217773438,190.45755004882812,188.59657287597656
165.70660400390625,190.46348571777344,188.59886169433594
165.8267364501953,190.46939086914062,188.60122680664062
165.94497680664062,190.47509765625,188.60354614257812
166.0630645751953,190.480712890625,188.6058807373047
166.18099975585938,190.4862518310547,188.60821533203125
166.3018035888672,190.49180603027344,188.6106414794922
166.41946411132812,190.49716186523438,188.6129913330078
166.53701782226562,190.50241088867188,188.61534118652344
166.6544647216797,190.50758361816406,188.6177215576172
166.7718048095703,190.51266479492188,188.62008666992188
166.8890380859375,190.5176544189453,188.62245178222656
167.0061798095703,190.52256774902344,188.6248321533203
167.12322998046875,190.52737426757812,188.627197265625
167.2401885986328,190.53208923339844,188.6295623779297
167.35704040527344,190.53671264648438,188.63192749023438
167.47433471679688,190.54124450683594,188.63429260253906
167.59100341796875,190.54568481445312,188.63662719726562
167.70761108398438,190.55001831054688,188.6389617919922
167.82411193847656,190.55426025390625,188.6412811279297
167.94053649902344,190.55841064453125,188.64356994628906
168.05685424804688,190.56246948242188,188.64585876464844
168.173095703125,190.56642150878906,188.64813232421875
168.28924560546875,190.57029724121094,188.650390625
168.4053192138672,190.57411193847656,188.65261840820312
168.52130126953125,190.57781982421875,188.65481567382812
168.63719177246094,190.5814666748047,188.65699768066406
168.7530059814453,190.5850372314453,188.65916442871094
168.86871337890625,190.58853149414062,188.66131591796875
169.0415496826172,190.59364318847656,188.66444396972656
169.15704345703125,190.5969696044922,188.66653442382812
169.27247619628906,190.60023498535156,188.6685791015625
169.39315795898438,190.60357666015625,188.67071533203125
169.50839233398438,190.60670471191406,188.67274475097656
169.62374877929688,190.6097869873047,188.6747283935547
169.73883056640625,190.61280822753906,188.67669677734375
169.8538055419922,190.61575317382812,188.6786346435547
169.96871948242188,190.61863708496094,188.6805877685547
170.08352661132812,190.62147521972656,188.6824951171875
170.19825744628906,190.62428283691406,188.68438720703125
170.31289672851562,190.62701416015625,188.686279296875
170.4310302734375,190.62979125976562,188.688232421875
170.54550170898438,190.63243103027344,188.69009399414062
170.6598663330078,190.63502502441406,188.69195556640625
170.774169921875,190.6375732421875,188.6938018798828
170.88839721679688,190.64010620117188,188.69564819335938
171.00250244140625,190.642578125,188.69749450683594
171.11654663085938,190.64501953125,188.69932556152344
171.23049926757812,190.6474151611328,188.70115661621094
171.34437561035156,190.6497802734375,188.70298767089844
171.45993041992188,190.6521453857422,188.704833984375
171.57362365722656,190.6544647216797,188.70664978027344
171.68724060058594,190.65673828125,188.70846557617188
171.80075073242188,190.6589813232422,188.71029663085938
171.9141845703125,190.6612091064453,188.7121124267578
172.0275421142578,190.6634063720703,188.71392822265625
172.1407928466797,190.6655731201172,188.71572875976562
172.25393676757812,190.66773986816406,188.71754455566406
172.3669891357422,190.66986083984375,188.7193603515625
172.4817657470703,190.67201232910156,188.72119140625
172.5946502685547,190.67410278320312,188.72299194335938
172.70741271972656,190.67617797851562,188.72479248046875
172.820068359375,190.67823791503906,188.7266082763672
172.93260192871094,190.68026733398438,188.72840881347656
173.0450439453125,190.6822967529297,188.730224609375
173.15737915039062,190.6842803955078,188.73202514648438
173.26959228515625,190.686279296875,188.7338409423828
173.3845672607422,190.6883087158203,188.73570251464844
173.49655151367188,190.6902618408203,188.73751831054688
173.6083984375,190.6922149658203,188.73931884765625
173.72007751464844,190.6941375732422,188.7411346435547
173.8316192626953,190.69606018066406,188.74293518066406
173.94296264648438,190.69796752929688,188.7447509765625
174.0541229248047,190.6998748779297,188.74655151367188
174.20315551757812,190.702392578125,188.74899291992188
174.31382751464844,190.7042694091797,188.7507781982422
174.4242706298828,190.7061309814453,188.75259399414062
174.5345001220703,190.70797729492188,188.75437927246094
174.6444854736328,190.70980834960938,188.7561798095703
174.7542266845703,190.71163940429688,188.7579803466797
174.86642456054688,190.7135009765625,188.75982666015625
174.97567749023438,190.71530151367188,188.76162719726562
175.08468627929688,190.71710205078125,188.763427734375
175.19496154785156,190.71890258789062,188.7652587890625
175.30349731445312,190.72068786621094,188.76705932617188
175.41180419921875,190.72244262695312,188.7688751220703
175.51988220214844,190.7241973876953,188.7707061767578
175.6277313232422,190.7259521484375,188.7725372314453
175.73532104492188,190.72767639160156,188.7743682861328
175.84268188476562,190.7294158935547,188.77621459960938
175.94979858398438,190.73114013671875,188.77809143066406
176.05670166015625,190.7328643798828,188.7799530029297
176.1633758544922,190.7345733642578,188.78182983398438
176.26980590820312,190.73626708984375,188.78370666503906
176.3760223388672,190.7379608154297,188.78561401367188
176.48199462890625,190.73963928222656,188.7875213623047
176.58775329589844,190.74131774902344,188.78944396972656
176.69326782226562,190.74298095703125,188.79135131835938
176.79855346679688,190.74462890625,188.7932891845703
176.90362548828125,190.7462921142578,188.79522705078125
177.00845336914062,190.74794006347656,188.79718017578125
177.11305236816406,190.7495574951172,188.7991485595703
177.22166442871094,190.7512664794922,188.80117797851562
177.3258056640625,190.75286865234375,188.80316162109375
177.42970275878906,190.75448608398438,188.8051300048828
177.5333709716797,190.756103515625,188.80711364746094
177.6369171142578,190.7576904296875,188.80909729003906
177.74012756347656,190.75929260253906,188.81106567382812
177.84310913085938,190.7608642578125,188.81304931640625
177.9458770751953,190.762451171875,188.8150177001953
178.05068969726562,190.76405334472656,188.81703186035156
178.15298461914062,190.765625,188.81900024414062
178.25503540039062,190.7671661376953,188.8209686279297
178.3568878173828,190.76870727539062,188.82293701171875
178.45849609375,190.77024841308594,188.8248748779297
178.5598907470703,190.7717742919922,188.82684326171875
178.66102600097656,190.77328491210938,188.82876586914062
178.76194763183594,190.77481079101562,188.8306884765625
178.86264038085938,190.7763214111328,188.83261108398438
179.0145721435547,190.77857971191406,188.8354949951172
179.1147003173828,190.7800750732422,188.83737182617188
179.214599609375,190.7815399169922,188.83926391601562
179.32334899902344,190.7831573486328,188.84130859375
179.4227752685547,190.78460693359375,188.84317016601562
179.52197265625,190.7860565185547,188.8450164794922
179.6209259033203,190.78750610351562,188.84686279296875
179.7266387939453,190.78903198242188,188.8488006591797
179.8251190185547,190.79046630859375,188.85060119628906
179.92337036132812,190.7918701171875,188.85240173339844
180.0214080810547,190.79327392578125,188.8541717529297
180.1192169189453,190.79464721679688,188.85594177246094
180.216796875,190.79600524902344,188.85769653320312
180.3141632080078,190.79736328125,188.85943603515625
180.41583251953125,190.79876708984375,188.8612518310547
180.5127410888672,190.80010986328125,188.86294555664062
180.60943603515625,190.80140686035156,188.86463928222656
180.71249389648438,190.8027801513672,188.86643981933594
180.80874633789062,190.80406188964844,188.8681182861328
180.90476989746094,190.80532836914062,188.86976623535156
181.00067138671875,190.8065643310547,188.8714141845703
181.09629821777344,190.80776977539062,188.87306213378906
181.1916961669922,190.80897521972656,188.8746795654297
181.28689575195312,190.81015014648438,188.8762969970703
181.38186645507812,190.81129455566406,188.87789916992188
181.48753356933594,190.8125457763672,188.87966918945312
181.58206176757812,190.81365966796875,188.88125610351562
181.6763916015625,190.8147430419922,188.8828125
181.77047729492188,190.8157958984375,188.8843536376953
181.8643341064453,190.81683349609375,188.88587951660156
181.9579620361328,190.81784057617188,188.88739013671875
182.0513916015625,190.81883239746094,188.88890075683594
182.1445770263672,190.81982421875,188.89039611816406
182.23751831054688,190.82077026367188,188.89187622070312
182.33175659179688,190.82171630859375,188.8933868408203
182.4242706298828,190.8226318359375,188.89488220214844
182.52330017089844,190.82357788085938,188.89645385742188
182.6153106689453,190.82444763183594,188.89793395996094
182.7071075439453,190.82530212402344,188.89939880371094
182.79867553710938,190.8261260986328,188.90089416503906
182.88999938964844,190.82691955566406,188.90235900878906
182.98133850097656,190.82769775390625,188.90383911132812
183.0722198486328,190.82846069335938,188.90530395507812
183.1655731201172,190.8292236328125,188.9068145751953
183.28155517578125,190.83013916015625,188.90867614746094
183.3716583251953,190.830810546875,188.91012573242188
183.46156311035156,190.83145141601562,188.91159057617188
183.5512237548828,190.83203125,188.9130401611328
183.64065551757812,190.83255004882812,188.9144744873047
183.73794555664062,190.83306884765625,188.91604614257812
183.826904296875,190.8334503173828,188.91748046875
183.91563415527344,190.833740234375,188.9188995361328
184.00413513183594,190.8339080810547,188.92031860351562
184.09242248535156,190.833984375,188.92173767089844
184.1804656982422,190.8339385986328,188.9231414794922
184.27764892578125,190.83372497558594,188.9246826171875
184.3651885986328,190.83338928222656,188.9260711669922
184.45248413085938,190.8329315185547,188.92747497558594
184.53958129882812,190.8323516845703,188.92886352539062
184.62643432617188,190.8316192626953,188.93026733398438
184.7130889892578,190.8307647705078,188.93167114257812
184.79954528808594,190.8297576904297,188.93307495117188
184.88583374023438,190.82861328125,188.93450927734375
184.9719696044922,190.82733154296875,188.93592834472656
185.05796813964844,190.8258819580078,188.93734741210938
185.1449432373047,190.8242950439453,188.9387969970703
185.230712890625,190.8225555419922,188.9402313232422
185.31640625,190.82066345214844,188.94166564941406
185.4020233154297,190.8186492919922,188.94313049316406
185.4875946044922,190.8164825439453,188.944580078125
185.57310485839844,190.81414794921875,188.94602966308594
185.65858459472656,190.81167602539062,188.94747924804688
185.74403381347656,190.80905151367188,188.9489288330078
185.8294219970703,190.80628967285156,188.9503936767578
185.91802978515625,190.80325317382812,188.951904296875
186.00332641601562,190.80018615722656,188.95333862304688
186.08859252929688,190.79696655273438,188.9547882080078
186.17379760742188,190.79359436035156,188.95623779296875
186.25894165039062,190.79005432128906,188.95765686035156
186.3440399169922,190.786376953125,188.95909118652344
186.4290771484375,190.7825164794922,188.9604949951172
186.51406860351562,190.7785186767578,188.96188354492188
186.5989990234375,190.77435302734375,188.96328735351562
186.68557739257812,190.76995849609375,188.96469116210938
186.77040100097656,190.7654571533203,188.96604919433594
186.8551483154297,190.76080322265625,188.96739196777344
186.9398651123047,190.7559814453125,188.96871948242188
187.02452087402344,190.75099182128906,188.97003173828125
187.109130859375,190.74583435058594,188.97134399414062
187.20884704589844,190.7395477294922,188.97288513183594
187.2933349609375,190.73402404785156,188.97418212890625
187.37774658203125,190.72833251953125,188.97544860839844
187.46209716796875,190.7224884033203,188.9767303466797
187.54640197753906,190.71646118164062,188.9779815673828
187.63160705566406,190.71018981933594,188.979248046875
187.71588134765625,190.7038116455078,188.98049926757812
187.79998779296875,190.69725036621094,188.98171997070312
187.88406372070312,190.69053649902344,188.9829559326172
187.97286987304688,190.68325805664062,188.9842529296875
188.05682373046875,190.6761932373047,188.98545837402344
188.1407012939453,190.6689453125,188.98666381835938
188.22451782226562,190.66152954101562,188.9878692626953
188.3082733154297,190.65394592285156,188.9890594482422
188.39198303222656,190.6461944580078,188.99024963378906
188.47561645507812,190.6383056640625,188.991455078125
188.56185913085938,190.63002014160156,188.99267578125
188.64540100097656,190.62184143066406,188.99388122558594
188.72886657714844,190.61354064941406,188.9950714111328
188.81227111816406,190.6051025390625,188.9962615966797
188.89564514160156,190.59654235839844,188.9974822998047
188.9789581298828,190.58782958984375,188.99868774414062
189.06219482421875,190.57899475097656,188.99989318847656
189.14537048339844,190.57000732421875,189.00111389160156
189.228515625,190.56088256835938,189.00233459472656
189.31300354003906,190.5514678955078,189.0035858154297
189.39601135253906,190.5420684814453,189.00482177734375
189.47897338867188,190.53250122070312,189.00607299804688
189.56187438964844,190.52281188964844,189.00733947753906
189.6446990966797,190.5129852294922,189.00860595703125
189.7274627685547,190.50302124023438,189.00987243652344
189.8101806640625,190.49290466308594,189.0111541748047
189.892822265625,190.48263549804688,189.012451171875
189.97543334960938,190.4722442626953,189.0137481689453
190.0579376220703,190.4617156982422,189.01504516601562
190.14041137695312,190.45103454589844,189.01634216308594
190.2228240966797,190.4402313232422,189.01766967773438
190.30517578125,190.42929077148438,189.01898193359375
190.387451171875,190.41822814941406,189.02029418945312
190.46969604492188,190.4070281982422,189.0216064453125
190.55186462402344,190.39569091796875,189.02291870117188
190.63790893554688,190.38368225097656,189.02430725097656
190.719970703125,190.37208557128906,189.025634765625
190.80197143554688,190.3603515625,189.0269317626953
190.88392639160156,190.34849548339844,189.0282440185547
190.9972381591797,190.33189392089844,189.03004455566406
191.0790557861328,190.3197479248047,189.03134155273438
191.16082763671875,190.30746459960938,189.03265380859375
191.24415588378906,190.29481506347656,189.03396606445312
191.32579040527344,190.28228759765625,189.03524780273438
191.40737915039062,190.26963806152344,189.03652954101562
191.48892211914062,190.25686645507812,189.03782653808594
191.57040405273438,190.24398803710938,189.03909301757812
191.65182495117188,190.23097229003906,189.04037475585938
191.7332000732422,190.2178955078125,189.04164123535156
191.8145294189453,190.20472717285156,189.04290771484375
191.89581298828125,190.19149780273438,189.04417419433594
191.97703552246094,190.17820739746094,189.04544067382812
192.0594940185547,190.1646270751953,189.04669189453125
192.14065551757812,190.15121459960938,189.04794311523438
192.2217559814453,190.13772583007812,189.0491943359375
192.3028106689453,190.1241912841797,189.05043029785156
192.38600158691406,190.11021423339844,189.05169677734375
192.46697998046875,190.09657287597656,189.05291748046875
192.54791259765625,190.08285522460938,189.05413818359375
192.6287841796875,190.06910705566406,189.0553436279297
192.70962524414062,190.0552978515625,189.05654907226562
192.79043579101562,190.04144287109375,189.05772399902344
192.87118530273438,190.02755737304688,189.0589141845703
192.95187377929688,190.01361083984375,189.06007385253906
193.0325469970703,189.99961853027344,189.06124877929688
193.11318969726562,189.98556518554688,189.06243896484375
193.1938018798828,189.9714813232422,189.06361389160156
193.2743682861328,189.95733642578125,189.06475830078125
193.3549041748047,189.94314575195312,189.06588745117188
193.43540954589844,189.9289093017578,189.06698608398438
193.5159149169922,189.91461181640625,189.0680694580078
193.59640502929688,189.9002685546875,189.06915283203125
193.67686462402344,189.8858642578125,189.07020568847656
193.75733947753906,189.87142944335938,189.07127380371094
193.8378143310547,189.85691833496094,189.07232666015625
193.91827392578125,189.84237670898438,189.07337951660156
193.9987335205078,189.82777404785156,189.07443237304688
194.0791778564453,189.81314086914062,189.07550048828125
194.15963745117188,189.79844665527344,189.07655334472656
194.2401123046875,189.78369140625,189.07762145996094
194.320556640625,189.76890563964844,189.0786895751953
194.40101623535156,189.75405883789062,189.0797576904297
194.48330688476562,189.73883056640625,189.0808563232422
194.56378173828125,189.72386169433594,189.08192443847656
194.67401123046875,189.70323181152344,189.0834197998047
194.76239013671875,189.68658447265625,189.08462524414062
194.8428497314453,189.6713104248047,189.08570861816406
194.92330932617188,189.6559295654297,189.08682250976562
195.00376892089844,189.64044189453125,189.0879364013672
195.08421325683594,189.6248321533203,189.0890350341797
195.1698760986328,189.60812377929688,189.09022521972656
195.25035095214844,189.59230041503906,189.0913543701172
195.33078002929688,189.57638549804688,189.09251403808594
195.41122436523438,189.5603485107422,189.0936737060547
195.4916534423828,189.54417419433594,189.0948486328125
195.57203674316406,189.5278778076172,189.0960235595703
195.65240478515625,189.5114288330078,189.09718322753906
195.73275756835938,189.49484252929688,189.09835815429688
195.81622314453125,189.4774169921875,189.0995635986328
195.90325927734375,189.45907592773438,189.100830078125
195.98353576660156,189.44195556640625,189.10202026367188
196.0637664794922,189.4246826171875,189.10321044921875
196.14398193359375,189.40724182128906,189.10440063476562
196.22418212890625,189.38961791992188,189.10562133789062
196.3043212890625,189.371826171875,189.10684204101562
196.3844451904297,189.35385131835938,189.10809326171875
196.46974182128906,189.33453369140625,189.1094207763672
196.5498046875,189.31622314453125,189.1106719970703
196.6298065185547,189.2977294921875,189.1119384765625
196.7097930908203,189.279052734375,189.11322021484375
196.7897491455078,189.26019287109375,189.11451721191406
196.86964416503906,189.2411651611328,189.11581420898438
196.94952392578125,189.22195434570312,189.11712646484375
197.0293426513672,189.2025909423828,189.11843872070312
197.10911560058594,189.18299865722656,189.11976623535156
197.18885803222656,189.16323852539062,189.12110900878906
197.26853942871094,189.14329528808594,189.1224365234375
197.349365234375,189.12283325195312,189.12379455566406
197.42893981933594,189.1024932861328,189.12515258789062
197.50845336914062,189.08193969726562,189.1265106201172
197.58792114257812,189.0612030029297,189.12786865234375
197.66732788085938,189.04026794433594,189.1292266845703
197.74667358398438,189.0191192626953,189.13059997558594
197.82595825195312,188.99778747558594,189.1319580078125
197.90516662597656,188.9762420654297,189.13331604003906
197.986572265625,188.95387268066406,189.13470458984375
198.06564331054688,188.93194580078125,189.1360626220703
198.1446075439453,188.90980529785156,189.1374053955078
198.22348022460938,188.88748168945312,189.1387481689453
198.3214111328125,188.85946655273438,189.14039611816406
198.40798950195312,188.83441162109375,189.141845703125
198.48654174804688,188.8114471435547,189.14312744140625
198.56497192382812,188.78829956054688,189.14442443847656
198.64328002929688,188.7649688720703,189.14569091796875
198.72149658203125,188.74143981933594,189.1469268798828
198.7996063232422,188.71771240234375,189.14816284179688
198.8776092529297,188.69378662109375,189.14938354492188
198.9554901123047,188.66969299316406,189.15057373046875
199.0332489013672,188.6453857421875,189.15174865722656
199.1109161376953,188.62088012695312,189.1529083251953
199.18846130371094,188.59620666503906,189.15406799316406
199.26588439941406,188.57131958007812,189.1551971435547
199.34320068359375,188.54623413085938,189.15631103515625
199.42039489746094,188.52096557617188,189.15740966796875
199.49749755859375,188.4955291748047,189.15850830078125
199.57449340820312,188.46990966796875,189.15957641601562
199.65188598632812,188.4439697265625,189.16061401367188
199.7296600341797,188.417724609375,189.16165161132812
199.80648803710938,188.39163208007812,189.1626739501953
199.88299560546875,188.365478515625,189.1636505126953
199.95953369140625,188.3391876220703,189.1646270751953
200.03602600097656,188.3127899169922,189.16555786132812
200.1124267578125,188.28631591796875,189.16648864746094
200.1887664794922,188.259765625,189.16738891601562
200.26504516601562,188.233154296875,189.16827392578125
200.3412628173828,188.20648193359375,189.16912841796875
200.41741943359375,188.17974853515625,189.16995239257812
200.4942169189453,188.15269470214844,189.17079162597656
200.5702362060547,188.1258087158203,189.1715850830078
200.64825439453125,188.0980987548828,189.17237854003906
200.72413635253906,188.071044921875,189.17312622070312
200.79994201660156,188.04391479492188,189.17385864257812
200.87567138671875,188.0166778564453,189.17457580566406
200.95130920410156,187.98934936523438,189.1752471923828
201.02688598632812,187.9619140625,189.1759033203125
201.1023712158203,187.93438720703125,189.17654418945312
201.1777801513672,187.90676879882812,189.17715454101562
201.25311279296875,187.87905883789062,189.17774963378906
201.328369140625,187.85125732421875,189.17831420898438
201.40354919433594,187.82333374023438,189.17886352539062
201.47865295410156,187.79534912109375,189.1793975830078
201.55857849121094,187.7654266357422,189.17996215820312
201.63352966308594,187.7372589111328,189.1804656982422
201.7084197998047,187.70899963378906,189.18096923828125
201.79933166503906,187.674560546875,189.1815643310547
201.87405395507812,187.64613342285156,189.1820068359375
201.94869995117188,187.61764526367188,189.1824493408203
202.02330017089844,187.58905029296875,189.18289184570312
202.09780883789062,187.5604248046875,189.18333435058594
202.17227172851562,187.53170776367188,189.1837615966797
202.24667358398438,187.50289916992188,189.18418884277344
202.32102966308594,187.4740447998047,189.18460083007812
202.39952087402344,187.44345092773438,189.18507385253906
202.47378540039062,187.41444396972656,189.18551635742188
202.54803466796875,187.38536071777344,189.18597412109375
202.6222381591797,187.35618591308594,189.18641662597656
202.6964111328125,187.32696533203125,189.1868896484375
202.7705841064453,187.2976531982422,189.18736267089844
202.84507751464844,187.26812744140625,189.18785095214844
202.91921997070312,187.23866271972656,189.1883544921875
202.9933319091797,187.2091522216797,189.18885803222656
203.06741333007812,187.17955017089844,189.18939208984375
203.14149475097656,187.14990234375,189.18992614746094
203.21554565429688,187.12017822265625,189.19044494628906
203.28958129882812,187.0903778076172,189.1909942626953
203.36361694335938,187.06048583984375,189.19154357910156
203.4376220703125,187.03048706054688,189.1920928955078
203.51300048828125,186.9998016357422,189.1926727294922
203.58694458007812,186.9695587158203,189.19322204589844
203.66085815429688,186.93919372558594,189.1938018798828
203.73471069335938,186.90869140625,189.1943817138672
203.8085479736328,186.87802124023438,189.19497680664062
203.88232421875,186.84719848632812,189.19557189941406
203.95603942871094,186.8162078857422,189.19618225097656
204.03038024902344,186.78477478027344,189.19680786132812
204.10400390625,186.7534637451172,189.1974334716797
204.17758178710938,186.7220001220703,189.19808959960938
204.25364685058594,186.6892547607422,189.19876098632812
204.3271026611328,186.65744018554688,189.19943237304688
204.40049743652344,186.62547302246094,189.2001190185547
204.47386169433594,186.59332275390625,189.20083618164062
204.55233764648438,186.55873107910156,189.20164489746094
204.62557983398438,186.52627563476562,189.202392578125
204.70382690429688,186.49134826660156,189.2032470703125
204.77696228027344,186.45852661132812,189.2040557861328
204.84999084472656,186.42552185058594,189.2048797607422
204.92300415039062,186.39236450195312,189.20574951171875
204.9959259033203,186.35902404785156,189.2066192626953
205.0688018798828,186.32550048828125,189.20753479003906
205.16407775878906,186.28138732910156,189.208740234375
205.23680114746094,186.24746704101562,189.20968627929688
205.3094482421875,186.21334838867188,189.21066284179688
205.38755798339844,186.17645263671875,189.21173095703125
205.4600830078125,186.14198303222656,189.2127227783203
205.53253173828125,186.10733032226562,189.21376037597656
205.6049041748047,186.07249450683594,189.2147979736328
205.67721557617188,186.03749084472656,189.21583557128906
205.74945068359375,186.00228881835938,189.21690368652344
205.82489013671875,185.96533203125,189.218017578125
205.89698791503906,185.9297637939453,189.21908569335938
205.96902465820312,185.89401245117188,189.2201690673828
206.0409698486328,185.8580780029297,189.22125244140625
206.1128692626953,185.8219757080078,189.22235107421875
206.18467712402344,185.7856903076172,189.2234344482422
206.2564239501953,185.74920654296875,189.2245330810547
206.32809448242188,185.71253967285156,189.22560119628906
206.39968872070312,185.6757049560547,189.22669982910156
206.47120666503906,185.638671875,189.22776794433594
206.54379272460938,185.60089111328125,189.22885131835938
206.61514282226562,185.5634765625,189.22991943359375
206.68643188476562,185.52587890625,189.23098754882812
206.75762939453125,185.48809814453125,189.2320556640625
206.82875061035156,185.4501190185547,189.233154296875
206.89976501464844,185.41197204589844,189.23422241210938
206.970703125,185.3736114501953,189.23532104492188
207.04156494140625,185.33506774902344,189.23641967773438
207.1143341064453,185.29525756835938,189.23753356933594
207.1850128173828,185.25634765625,189.23861694335938
207.255615234375,185.21722412109375,189.23971557617188
207.32614135742188,185.17794799804688,189.24081420898438
207.3965606689453,185.13845825195312,189.2418975830078
207.46688842773438,185.09877014160156,189.24298095703125
207.53712463378906,185.0589141845703,189.24407958984375
207.60728454589844,185.0188751220703,189.2451629638672
207.68203735351562,184.97592163085938,189.24630737304688
207.7519989013672,184.93548583984375,189.2473907470703
207.82186889648438,184.89488220214844,189.24847412109375
207.89166259765625,184.8540802001953,189.24954223632812
207.9613800048828,184.8131103515625,189.2506103515625
208.03102111816406,184.77200317382812,189.2516632080078
208.1006317138672,184.73074340820312,189.25271606445312
208.17015075683594,184.68934631347656,189.25375366210938
208.23963928222656,184.64781188964844,189.25477600097656
208.31117248535156,184.60487365722656,189.2558135986328
208.3860321044922,184.5597381591797,189.25689697265625
208.45533752441406,184.5177764892578,189.2578582763672
208.5245819091797,184.4756622314453,189.25880432128906
208.59376525878906,184.4333953857422,189.25975036621094
208.6629180908203,184.39097595214844,189.2606658935547
208.73199462890625,184.34837341308594,189.26156616210938
208.80101013183594,184.30564880371094,189.26246643066406
208.8699493408203,184.26275634765625,189.26336669921875
208.93885803222656,184.21971130371094,189.2642364501953
209.00767517089844,184.17649841308594,189.26510620117188
209.0764617919922,184.1331329345703,189.26596069335938
209.14515686035156,184.08963012695312,189.26681518554688
209.21377563476562,184.0459442138672,189.26766967773438
209.2823486328125,184.00213623046875,189.2685089111328
209.3545684814453,183.9557647705078,189.26939392089844
209.42298889160156,183.91162109375,189.27023315429688
209.49136352539062,183.86732482910156,189.27108764648438
209.55966186523438,183.82286071777344,189.27191162109375
209.6292724609375,183.77737426757812,189.2727813720703
209.6974334716797,183.73260498046875,189.2736358642578
209.7655487060547,183.6876983642578,189.27450561523438
209.83358764648438,183.64263916015625,189.27536010742188
209.90158081054688,183.59742736816406,189.27622985839844
209.96949768066406,183.55206298828125,189.277099609375
210.0377655029297,183.5062713623047,189.27796936035156
210.10557556152344,183.46060180664062,189.27886962890625
210.17330932617188,183.41482543945312,189.27972412109375
210.24098205566406,183.36886596679688,189.28060913085938
210.30857849121094,183.32278442382812,189.28147888183594
210.37612915039062,183.27655029296875,189.28233337402344
210.44363403320312,183.2301788330078,189.28321838378906
210.5150146484375,183.18092346191406,189.28411865234375
210.58238220214844,183.13424682617188,189.28497314453125
210.64968872070312,183.08743286132812,189.28582763671875
210.71693420410156,183.0404815673828,189.28668212890625
210.78411865234375,182.99339294433594,189.2875213623047
210.85125732421875,182.9461669921875,189.28836059570312
210.91831970214844,182.89877319335938,189.28919982910156
210.98532104492188,182.85125732421875,189.2900390625
211.05227661132812,182.8035888671875,189.29086303710938
211.11915588378906,182.7557830810547,189.2917022705078
211.1859588623047,182.70782470703125,189.2925567626953
211.25270080566406,182.6597137451172,189.2933807373047
211.32261657714844,182.609130859375,189.2942657470703
211.3892059326172,182.56072998046875,189.2951202392578
211.47360229492188,182.49913024902344,189.29620361328125
211.54006958007812,182.45040893554688,189.29705810546875
211.60646057128906,182.4015350341797,189.2979278564453
211.6727752685547,182.3525390625,189.29881286621094
211.73902893066406,182.30337524414062,189.2996826171875
211.80551147460938,182.2538604736328,189.3005828857422
211.87164306640625,182.2044219970703,189.3014678955078
211.9376983642578,182.15484619140625,189.30235290527344
212.00367736816406,182.1051483154297,189.30325317382812
212.06959533691406,182.0552978515625,189.3041534423828
212.13543701171875,182.00531005859375,189.3050537109375
212.20123291015625,181.95518493652344,189.3059539794922
212.2669219970703,181.90493774414062,189.3068389892578
212.33258056640625,181.85452270507812,189.30775451660156
212.3981475830078,181.80398559570312,189.3086395263672
212.46363830566406,181.75331115722656,189.30953979492188
212.529052734375,181.70248413085938,189.3104248046875
212.5944061279297,181.65150451660156,189.31134033203125
212.65968322753906,181.60040283203125,189.31222534179688
212.72486877441406,181.5491485595703,189.31312561035156
212.7899932861328,181.49774169921875,189.3140106201172
212.8550567626953,181.44622802734375,189.31491088867188
212.92002868652344,181.39454650878906,189.3157958984375
212.9849395751953,181.34274291992188,189.31668090820312
213.04978942871094,181.29078674316406,189.31756591796875
213.11453247070312,181.2386932373047,189.3184356689453
213.17921447753906,181.18646240234375,189.31930541992188
213.24383544921875,181.13409423828125,189.3201904296875
213.30838012695312,181.0815887451172,189.321044921875
213.37283325195312,181.0289306640625,189.32192993164062
213.43722534179688,180.97613525390625,189.3227996826172
213.503662109375,180.92144775390625,189.3236846923828
213.56790161132812,180.86837768554688,189.32456970214844
213.6324920654297,180.8147735595703,189.32545471191406
213.69654846191406,180.7613983154297,189.32632446289062
213.76052856445312,180.70790100097656,189.32720947265625
213.82444763183594,180.6542510986328,189.32809448242188
213.88827514648438,180.6004638671875,189.32899475097656
213.9535675048828,180.54519653320312,189.32989501953125
214.0172576904297,180.49111938476562,189.3307647705078
214.08084106445312,180.43692016601562,189.33164978027344
214.1443634033203,180.382568359375,189.33250427246094
214.2078094482422,180.3280792236328,189.33334350585938
214.2711639404297,180.27345275878906,189.33419799804688
214.33445739746094,180.2186737060547,189.33505249023438
214.4163360595703,180.1474609375,189.3361358642578
214.4794464111328,180.0923614501953,189.33697509765625
214.54244995117188,180.03709411621094,189.33779907226562
214.60540771484375,179.981689453125,189.338623046875
214.6682586669922,179.9261474609375,189.33946228027344
214.7310333251953,179.87045288085938,189.3402862548828
214.79373168945312,179.8146209716797,189.34109497070312
214.85635375976562,179.75865173339844,189.34190368652344
214.92039489746094,179.70115661621094,189.34275817871094
214.9828643798828,179.6448974609375,189.3435516357422
215.04522705078125,179.58848571777344,189.3443603515625
215.10751342773438,179.53192138671875,189.34515380859375
215.1697235107422,179.4752197265625,189.34596252441406
215.2318572998047,179.41836547851562,189.34677124023438
215.2938995361328,179.3613739013672,189.3475799560547
215.35586547851562,179.3042449951172,189.348388671875
215.41775512695312,179.2469482421875,189.3491973876953
215.4795684814453,179.18951416015625,189.35000610351562
215.54129028320312,179.13192749023438,189.35079956054688
215.60292053222656,179.07420349121094,189.35162353515625
215.6644744873047,179.01634216308594,189.35243225097656
215.72592163085938,178.95834350585938,189.35324096679688
215.7873077392578,178.9002227783203,189.35403442382812
215.8485870361328,178.84193420410156,189.3548126220703
215.90977478027344,178.7834930419922,189.35560607910156
215.9708709716797,178.7249298095703,189.35638427734375
216.03187561035156,178.66619873046875,189.35716247558594
216.09280395507812,178.6073455810547,189.35794067382812
216.15362548828125,178.54832458496094,189.35870361328125
216.21438598632812,178.48915100097656,189.35948181152344
216.27505493164062,178.42984008789062,189.3602752685547
216.3356170654297,178.37037658691406,189.3610382080078
216.39968872070312,178.3072052001953,189.3618621826172
216.4600830078125,178.24745178222656,189.36264038085938
216.5203857421875,178.1875457763672,189.36341857910156
216.58059692382812,178.1274871826172,189.3641815185547
216.64068603515625,178.0673065185547,189.3649444580078
216.7007293701172,178.00697326660156,189.36570739746094
216.76065063476562,177.94647216796875,189.36648559570312
216.82049560546875,177.88584899902344,189.36724853515625
216.88023376464844,177.82505798339844,189.36801147460938
216.93988037109375,177.76416015625,189.3687744140625
216.9994659423828,177.70309448242188,189.36953735351562
217.06008911132812,177.64068603515625,189.37030029296875
217.1194610595703,177.579345703125,189.37106323242188
217.19378662109375,177.50221252441406,189.3719940185547
217.2529296875,177.44052124023438,189.3727569580078
217.31198120117188,177.37872314453125,189.37350463867188
217.37094116210938,177.31675720214844,189.37425231933594
217.42979431152344,177.25465393066406,189.37501525878906
217.48854064941406,177.19239807128906,189.37576293945312
217.5471954345703,177.12998962402344,189.37652587890625
217.60574340820312,177.0674285888672,189.37728881835938
217.6641845703125,177.00473022460938,189.37803649902344
217.72537231445312,176.93878173828125,189.3788604736328
217.78857421875,176.87037658691406,189.3796844482422
217.8466796875,176.80722045898438,189.3804473876953
217.90467834472656,176.74388122558594,189.3812255859375
217.9625701904297,176.68043518066406,189.3820037841797
218.02035522460938,176.6168212890625,189.38278198242188
218.07803344726562,176.55307006835938,189.38356018066406
218.13783264160156,176.4866943359375,189.38438415527344
218.19528198242188,176.4226531982422,189.38516235351562
218.25262451171875,176.3584747314453,189.3859405517578
218.3098602294922,176.29412841796875,189.38673400878906
218.36697387695312,176.22964477539062,189.3875274658203
218.4239959716797,176.16502380371094,189.38833618164062
218.4809112548828,176.1002655029297,189.3891143798828
218.5399932861328,176.03271484375,189.38995361328125
218.59666442871094,175.96768188476562,189.39076232910156
218.65322875976562,175.9024658203125,189.3915557861328
218.7096710205078,175.83712768554688,189.39236450195312
218.76600646972656,175.77163696289062,189.39317321777344
218.8222198486328,175.7060089111328,189.39398193359375
218.88059997558594,175.6375732421875,189.39483642578125
218.93658447265625,175.5716552734375,189.39566040039062
218.99244689941406,175.50558471679688,189.396484375
219.0482177734375,175.43939208984375,189.39730834960938
219.1038360595703,175.37306213378906,189.39813232421875
219.15936279296875,175.3065643310547,189.3989715576172
219.2147674560547,175.23992919921875,189.3997802734375
219.27951049804688,175.1617431640625,189.4007568359375
219.33465576171875,175.0948028564453,189.40159606933594
219.38967895507812,175.02774047851562,189.40243530273438
219.44459533691406,174.96054077148438,189.40325927734375
219.4993896484375,174.89320373535156,189.4040985107422
219.55593872070312,174.82339477539062,189.40493774414062
219.61048889160156,174.7557830810547,189.40577697753906
219.6649169921875,174.68800354003906,189.40660095214844
219.71923828125,174.62010192871094,189.40744018554688
219.77610778808594,174.54864501953125,189.40829467773438
219.83018493652344,174.48045349121094,189.4091339111328
219.88414001464844,174.412109375,189.40994262695312
219.9379425048828,174.34364318847656,189.4107666015625
219.99166870117188,174.27503967285156,189.41159057617188
220.04522705078125,174.20628356933594,189.4124298095703
220.09877014160156,174.13726806640625,189.41323852539062
220.152099609375,174.0682373046875,189.4140625
220.20530700683594,173.9990692138672,189.41488647460938
220.2621612548828,173.92481994628906,189.41575622558594
220.3151092529297,173.85536193847656,189.41656494140625
220.36795043945312,173.78578186035156,189.41737365722656
220.42247009277344,173.71360778808594,189.418212890625
220.4750213623047,173.64373779296875,189.4190216064453
220.52748107910156,173.57373046875,189.41981506347656
220.57977294921875,173.5035858154297,189.42062377929688
220.6319580078125,173.4333038330078,189.42141723632812
220.68402099609375,173.36288452148438,189.42221069335938
220.7359619140625,173.29232788085938,189.42300415039062
220.7877655029297,173.2216339111328,189.4237823486328
220.8394317626953,173.15078735351562,189.424560546875
220.89097595214844,173.07981872558594,189.4253387451172
220.94239807128906,173.0087127685547,189.42611694335938
220.99368286132812,172.93746948242188,189.42689514160156
221.04483032226562,172.8660888671875,189.4276580810547
221.0978240966797,172.79183959960938,189.42845153808594
221.14871215820312,172.72018432617188,189.42921447753906
221.199462890625,172.6483917236328,189.4299774169922
221.25009155273438,172.5764617919922,189.4307403564453
221.3005828857422,172.50440979003906,189.43148803710938
221.3509521484375,172.43218994140625,189.43226623535156
221.40118408203125,172.35986328125,189.43301391601562
221.4512939453125,172.28738403320312,189.43377685546875
221.50645446777344,172.20721435546875,189.43460083007812
221.55628967285156,172.13446044921875,189.43536376953125
221.60597229003906,172.06155395507812,189.4361114501953
221.65553283691406,171.98851013183594,189.43687438964844
221.7049560546875,171.9153594970703,189.4376220703125
221.75425720214844,171.84205627441406,189.43836975097656
221.80340576171875,171.7686004638672,189.43911743164062
221.85243225097656,171.69503784179688,189.4398651123047
221.9013214111328,171.621337890625,189.4406280517578
221.9500732421875,171.5474853515625,189.44137573242188
221.99868774414062,171.4735107421875,189.44212341308594
222.0471649169922,171.39939880371094,189.44285583496094
222.11199951171875,171.29977416992188,189.44386291503906
222.16017150878906,171.225341796875,189.44459533691406
222.2082061767578,171.15077209472656,189.44532775878906
222.25611877441406,171.07606506347656,189.44606018066406
222.3038787841797,171.001220703125,189.44679260253906
222.3515167236328,170.92626953125,189.44752502441406
222.39901733398438,170.8511505126953,189.44825744628906
222.44638061523438,170.77590942382812,189.448974609375
222.49497985839844,170.6983184814453,189.44970703125
222.5420684814453,170.622802734375,189.450439453125
222.58901977539062,170.54713439941406,189.45115661621094
222.63583374023438,170.47132873535156,189.45187377929688
222.68524169921875,170.39096069335938,189.45263671875
222.7317657470703,170.31488037109375,189.453369140625
222.77816772460938,170.2386474609375,189.45408630371094
222.82443237304688,170.16229248046875,189.45480346679688
222.87054443359375,170.08578491210938,189.45553588867188
222.91653442382812,170.00914001464844,189.45626831054688
222.96237182617188,169.93235778808594,189.4569854736328
223.00807189941406,169.8554229736328,189.4577178955078
223.0570831298828,169.7725067138672,189.45851135253906
223.10250854492188,169.69529724121094,189.45924377441406
223.14779663085938,169.61795043945312,189.45999145507812
223.19293212890625,169.54043579101562,189.46072387695312
223.24046325683594,169.45840454101562,189.46151733398438
223.2853240966797,169.38059997558594,189.46226501464844
223.3300323486328,169.30267333984375,189.4630126953125
223.37460327148438,169.22459411621094,189.46377563476562
223.41903686523438,169.14639282226562,189.46453857421875
223.46331787109375,169.06802368164062,189.46530151367188
223.50747680664062,168.98951721191406,189.46607971191406
223.55145263671875,168.91087341308594,189.4668426513672
223.59632873535156,168.83026123046875,189.46763610839844
223.64004516601562,168.75132751464844,189.4684295654297
223.68360900878906,168.6722412109375,189.4691925048828
223.72705078125,168.593017578125,189.46998596191406
223.7703399658203,168.51364135742188,189.47079467773438
223.8134765625,168.4341278076172,189.47158813476562
223.85647583007812,168.35446166992188,189.47239685058594
223.9005584716797,168.2724151611328,189.4732208251953
223.94326782226562,168.19244384765625,189.47402954101562
223.98585510253906,168.11233520507812,189.474853515625
224.02828979492188,168.0320587158203,189.47567749023438
224.07058715820312,167.95164489746094,189.4765167236328
224.11273193359375,167.87107849121094,189.47735595703125
224.16366577148438,167.77313232421875,189.4783935546875
224.2055206298828,167.6922149658203,189.47926330566406
224.24720764160156,167.6111602783203,189.48011779785156
224.28875732421875,167.5299530029297,189.48098754882812
224.33111572265625,167.44667053222656,189.48190307617188
224.37237548828125,167.36514282226562,189.4827880859375
224.41348266601562,167.28347778320312,189.4836883544922
224.45445251464844,167.20162963867188,189.48460388183594
224.4952850341797,167.11962890625,189.4855194091797
224.5359649658203,167.0374755859375,189.48643493652344
224.57650756835938,166.9551544189453,189.4873809814453
224.6168975830078,166.87269592285156,189.4883270263672
224.6571502685547,166.7900848388672,189.48927307128906
224.69723510742188,166.70729064941406,189.49021911621094
224.73719787597656,166.62437438964844,189.49119567871094
224.77728271484375,166.54066467285156,189.4921875
224.8169403076172,166.45741271972656,189.49317932128906
224.8564453125,166.37400817871094,189.49415588378906
224.89581298828125,166.29043579101562,189.49514770507812
224.9350128173828,166.20672607421875,189.49615478515625
224.97409057617188,166.12283325195312,189.4971466064453
225.0130157470703,166.038818359375,189.4981689453125
225.05177307128906,165.95462036132812,189.4991912841797
225.0903778076172,165.87025451660156,189.50021362304688
225.12884521484375,165.78573608398438,189.50125122070312
225.1671600341797,165.70106506347656,189.50228881835938
225.205322265625,165.61622619628906,189.5033416748047
225.2433319091797,165.53125,189.50440979003906
225.2811737060547,165.4460906982422,189.50547790527344
225.31886291503906,165.36077880859375,189.5065460205078
225.3563995361328,165.27529907226562,189.5076446533203
225.393798828125,165.18966674804688,189.5087127685547
225.4310302734375,165.10389709472656,189.5098114013672
225.4680938720703,165.01792907714844,189.51089477539062
225.5050048828125,164.93182373046875,189.51199340820312
225.54177856445312,164.84556579589844,189.5131072998047
225.578369140625,164.75912475585938,189.51422119140625
225.61480712890625,164.6725311279297,189.51535034179688
225.6510772705078,164.5857696533203,189.5164794921875
225.6871795654297,164.49888610839844,189.5176239013672
225.72312927246094,164.41180419921875,189.51876831054688
225.75892639160156,164.32460021972656,189.51991271972656
225.79457092285156,164.23721313476562,189.5210723876953
225.830078125,164.1497039794922,189.52224731445312
225.8654327392578,164.06202697753906,189.52342224121094
225.91397094726562,163.9409942626953,189.52505493164062
225.9490966796875,163.85299682617188,189.5262451171875
225.98622131347656,163.75958251953125,189.52752685546875
226.0211639404297,163.67129516601562,189.5287322998047
226.05601501464844,163.58285522460938,189.5299530029297
226.09080505371094,163.49429321289062,189.53115844726562
226.12803649902344,163.3990936279297,189.53248596191406
226.1626434326172,163.31024169921875,189.53369140625
226.19717407226562,163.22125244140625,189.53492736816406
226.23361206054688,163.12692260742188,189.53622436523438
226.26797485351562,163.03765869140625,189.53744506835938
226.30221557617188,162.94822692871094,189.5386505126953
226.3363800048828,162.85867309570312,189.5398712158203
226.37046813964844,162.7689666748047,189.54107666015625
226.40444946289062,162.6791229248047,189.5422821044922
226.4386749267578,162.5883331298828,189.5435028076172
226.47247314453125,162.49819946289062,189.54470825195312
226.50621032714844,162.40792846679688,189.5458984375
226.5398712158203,162.3175048828125,189.54710388183594
226.57342529296875,162.2269287109375,189.5482940673828
226.60704040527344,162.13589477539062,189.54949951171875
226.64044189453125,162.0450439453125,189.55068969726562
226.67376708984375,161.95404052734375,189.55189514160156
226.70701599121094,161.8629150390625,189.55308532714844
226.74017333984375,161.77162170410156,189.5542755126953
226.7732696533203,161.68020629882812,189.55548095703125
226.80628967285156,161.588623046875,189.55667114257812
226.83941650390625,161.49632263183594,189.55787658691406
226.87228393554688,161.4044647216797,189.55909729003906
226.9050750732422,161.31246948242188,189.56028747558594
226.9377899169922,161.22035217285156,189.5615234375
226.9716796875,161.1245880126953,189.56277465820312
227.00424194335938,161.03216552734375,189.5640106201172
227.03912353515625,160.93284606933594,189.56533813476562
227.07418823242188,160.83262634277344,189.56668090820312
227.10655212402344,160.73976135253906,189.56793212890625
227.13885498046875,160.6467742919922,189.56918334960938
227.1710968017578,160.5536346435547,189.57046508789062
227.2032470703125,160.4603729248047,189.5717315673828
227.23536682128906,160.36695861816406,189.57301330566406
227.26739501953125,160.2734375,189.5742950439453
227.2993621826172,160.1797637939453,189.57559204101562
227.33128356933594,160.08595275878906,189.57688903808594
227.36375427246094,159.9901885986328,189.57823181152344
227.39553833007812,159.8961181640625,189.57955932617188
227.43328857421875,159.7839813232422,189.5811309814453
227.46495056152344,159.6896209716797,189.5824737548828
227.49655151367188,159.5951385498047,189.5838165283203
227.52809143066406,159.50050354003906,189.58517456054688
227.55958557128906,159.40573120117188,189.58653259277344
227.59173583984375,159.30870056152344,189.5879364013672
227.62310791015625,159.2136688232422,189.5893096923828
227.6544189453125,159.11851501464844,189.59071350097656
227.68569946289062,159.0232391357422,189.5921173095703
227.71690368652344,158.92782592773438,189.59352111816406
227.748046875,158.83229064941406,189.59494018554688
227.78152465820312,158.7292938232422,189.59646606445312
227.81256103515625,158.63348388671875,189.59788513183594
227.8435516357422,158.5375518798828,189.59933471679688
227.87686157226562,158.43405151367188,189.60089111328125
227.90774536132812,158.33786010742188,189.6023406982422
227.9385528564453,158.2415313720703,189.60379028320312
227.96932983398438,158.1450653076172,189.60523986816406
228.0000457763672,158.04849243164062,189.60671997070312
228.03070068359375,157.9517822265625,189.60818481445312
228.0613250732422,157.85494995117188,189.6096649169922
228.09188842773438,157.7579803466797,189.61114501953125
228.12258911132812,157.6603240966797,189.61264038085938
228.153076171875,157.56312561035156,189.61412048339844
228.18348693847656,157.46578979492188,189.61563110351562
228.2138671875,157.36831665039062,189.61712646484375
228.24420166015625,157.27073669433594,189.61863708496094
228.27447509765625,157.1730194091797,189.62013244628906
228.3046875,157.07518005371094,189.62164306640625
228.33486938476562,156.97723388671875,189.62315368652344
228.364990234375,156.87913513183594,189.62466430664062
228.3950653076172,156.7809295654297,189.62619018554688
228.4250946044922,156.68260192871094,189.6277313232422
228.45506286621094,156.58413696289062,189.62925720214844
228.4849853515625,156.4855499267578,189.63079833984375
228.5148468017578,156.3868408203125,189.63233947753906
228.54835510253906,156.27577209472656,189.63406372070312
228.578125,156.17678833007812,189.6356201171875
228.60781860351562,156.07769775390625,189.63717651367188
228.63748168945312,155.9784698486328,189.63873291015625
228.66709899902344,155.87913513183594,189.64028930664062
228.6986083984375,155.77313232421875,189.64195251464844
228.7281036376953,155.67352294921875,189.6435089111328
228.757568359375,155.5738067626953,189.64508056640625
228.78697204589844,155.47396850585938,189.6466522216797
228.82241821289062,155.3532257080078,189.64854431152344
228.8517303466797,155.2531280517578,189.65011596679688
228.88096618652344,155.15289306640625,189.65170288085938
228.91015625,155.05252075195312,189.65325927734375
228.9392852783203,154.95204162597656,189.65484619140625
228.96836853027344,154.8514404296875,189.65643310546875
228.9978485107422,154.74920654296875,189.6580352783203
229.02682495117188,154.64834594726562,189.6596221923828
229.0562744140625,154.54554748535156,189.6612548828125
229.08514404296875,154.44442749023438,189.662841796875
229.11395263671875,154.34320068359375,189.66444396972656
229.14271545410156,154.24185180664062,189.666015625
229.1714324951172,154.140380859375,189.66761779785156
229.20008850097656,154.03878784179688,189.66920471191406
229.23110961914062,153.92840576171875,189.67092895507812
229.25965881347656,153.82655334472656,189.67251586914062
229.2881317138672,153.72459411621094,189.6741180419922
229.31655883789062,153.62249755859375,189.67568969726562
229.34495544433594,153.52027893066406,189.6772918701172
229.37461853027344,153.41310119628906,189.67897033691406
229.40292358398438,153.3106231689453,189.68057250976562
229.4312286376953,153.20806884765625,189.6821746826172
229.45948791503906,153.1053924560547,189.68380737304688
229.48773193359375,153.00259399414062,189.68544006347656
229.51730346679688,152.89474487304688,189.68716430664062
229.54550170898438,152.79171752929688,189.68881225585938
229.57366943359375,152.68856811523438,189.6904754638672
229.60183715820312,152.58531188964844,189.692138671875
229.62994384765625,152.48194885253906,189.69381713867188
229.6580352783203,152.37847900390625,189.6955108642578
229.6861114501953,152.27487182617188,189.6971893310547
229.7141571044922,152.17117309570312,189.69888305664062
229.7421875,152.06735229492188,189.70057678222656
229.7705535888672,151.96205139160156,189.70228576660156
229.79855346679688,151.85801696777344,189.7039794921875
229.8265380859375,151.75387573242188,189.70565795898438
229.85452270507812,151.6496124267578,189.70733642578125
229.88247680664062,151.5452423095703,189.70904541015625
229.91043090820312,151.44076538085938,189.71070861816406
229.9384002685547,151.336181640625,189.71240234375
229.96633911132812,151.2314910888672,189.71408081054688
229.99429321289062,151.12667846679688,189.71575927734375
230.02345275878906,151.0171356201172,189.717529296875
230.05137634277344,150.91209411621094,189.71920776367188
230.07933044433594,150.8069610595703,189.7209014892578
230.11032104492188,150.69021606445312,189.7227783203125
230.1383056640625,150.5848388671875,189.7244873046875
230.16635131835938,150.47938537597656,189.72618103027344
230.19476318359375,150.3726043701172,189.72792053222656
230.22291564941406,150.26695251464844,189.72964477539062
230.25112915039062,150.16123962402344,189.73135375976562
230.27943420410156,150.055419921875,189.7330780029297
230.30982971191406,149.9420623779297,189.7349395751953
230.33827209472656,149.83607482910156,189.73667907714844
230.36680603027344,149.72999572753906,189.73841857910156
230.39768981933594,149.61541748046875,189.74029541015625
230.42884826660156,149.5000457763672,189.7421875
230.45761108398438,149.3937225341797,189.7439422607422
230.48648071289062,149.2873077392578,189.74569702148438
230.5154266357422,149.18081665039062,189.74745178222656
230.54443359375,149.07424926757812,189.7492218017578
230.57354736328125,148.96759033203125,189.75099182128906
230.60275268554688,148.86087036132812,189.7527618408203
230.63204956054688,148.7540740966797,189.75453186035156
230.66143798828125,148.64718627929688,189.75633239746094
230.69090270996094,148.5402374267578,189.7581329345703
230.7226104736328,148.42550659179688,189.76007080078125
230.7522430419922,148.31837463378906,189.7618865966797
230.78192138671875,148.21115112304688,189.7637176513672
230.81166076660156,148.10385131835938,189.7655487060547
230.8414306640625,147.99644470214844,189.7674102783203
230.87159729003906,147.8877410888672,189.76930236816406
230.90145874023438,147.78013610839844,189.7711639404297
230.93136596679688,147.67245483398438,189.77305603027344
230.9657440185547,147.548828125,189.77523803710938
230.99574279785156,147.44094848632812,189.7771453857422
231.0258026123047,147.33297729492188,189.77906799316406
231.05593872070312,147.22494506835938,189.78099060058594
231.08612060546875,147.11680603027344,189.782958984375
231.11634826660156,147.0085906982422,189.784912109375
231.14840698242188,146.8940887451172,189.7869873046875
231.1787872314453,146.78570556640625,189.78897094726562
231.20921325683594,146.67723083496094,189.79095458984375
231.23971557617188,146.56866455078125,189.79295349121094
231.27027893066406,146.46002197265625,189.79495239257812
231.30091857910156,146.35128784179688,189.79696655273438
231.3315887451172,146.2424774169922,189.79896545410156
231.3633270263672,146.1300506591797,189.80105590820312
231.39413452148438,146.02108764648438,189.80307006835938
231.4250030517578,145.91200256347656,189.80508422851562
231.47422790527344,145.73825073242188,189.8083038330078
231.5052490234375,145.6289520263672,189.81033325195312
231.53643798828125,145.51907348632812,189.8123779296875
231.56756591796875,145.40960693359375,189.8144073486328
231.5987548828125,145.30006408691406,189.8164520263672
231.63218688964844,145.1826629638672,189.81863403320312
231.66348266601562,145.07293701171875,189.82069396972656
231.6985321044922,144.95008850097656,189.822998046875
231.72991943359375,144.84019470214844,189.82508850097656
231.76136779785156,144.73019409179688,189.82716369628906
231.79287719726562,144.62010192871094,189.82925415039062
231.82443237304688,144.50991821289062,189.8313446044922
231.85601806640625,144.399658203125,189.83343505859375
231.88766479492188,144.28932189941406,189.83554077148438
231.9193572998047,144.17889404296875,189.83763122558594
231.9510955810547,144.06837463378906,189.83973693847656
231.98287963867188,143.95774841308594,189.8418426513672
232.01698303222656,143.83921813964844,189.84410095214844
232.04885864257812,143.72842407226562,189.84619140625
232.08335876464844,143.60862731933594,189.8484649658203
232.11532592773438,143.49765014648438,189.8505859375
232.1473388671875,143.3865966796875,189.85272216796875
232.1793975830078,143.27545166015625,189.85484313964844
232.21151733398438,143.16421508789062,189.85699462890625
232.24366760253906,143.05288696289062,189.859130859375
232.27587890625,142.9414825439453,189.86129760742188
232.30812072753906,142.82998657226562,189.86346435546875
232.3404083251953,142.71841430664062,189.8656463623047
232.37274169921875,142.6067352294922,189.86782836914062
232.4051055908203,142.4949951171875,189.87002563476562
232.43753051757812,142.38316345214844,189.8722381591797
232.46998596191406,142.27125549316406,189.8744354248047
232.5024871826172,142.1592559814453,189.8766632080078
232.53501892089844,142.04718017578125,189.87887573242188
232.5675811767578,141.93502807617188,189.88108825683594
232.60018920898438,141.82278442382812,189.88330078125
232.63282775878906,141.7104949951172,189.8855438232422
232.6654815673828,141.59811401367188,189.8877716064453
232.69821166992188,141.4856719970703,189.88999938964844
232.73092651367188,141.37313842773438,189.89224243164062
232.76370239257812,141.26055908203125,189.89450073242188
232.79782104492188,141.14344787597656,189.8968505859375
232.8332977294922,141.02163696289062,189.8992919921875
232.8661651611328,140.90887451171875,189.9015655517578
232.8990478515625,140.79608154296875,189.90383911132812
232.9443359375,140.64088439941406,189.906982421875
232.97727966308594,140.52798461914062,189.90927124023438
233.01365661621094,140.40338134765625,189.91177368164062
233.04664611816406,140.2904510498047,189.91407775878906
233.07965087890625,140.17750549316406,189.91635131835938
233.11265563964844,140.0645751953125,189.9186248779297
233.14569091796875,139.95164489746094,189.92088317871094
233.1787109375,139.83872985839844,189.92315673828125
233.21173095703125,139.72581481933594,189.92539978027344
233.24476623535156,139.61293029785156,189.92764282226562
233.27780151367188,139.50009155273438,189.9298858642578
233.31082153320312,139.38729858398438,189.93211364746094
233.34385681152344,139.27455139160156,189.93434143066406
233.3768768310547,139.16184997558594,189.93655395507812
233.40989685058594,139.04920959472656,189.93875122070312
233.44290161132812,138.93663024902344,189.9409637451172
233.47589111328125,138.82408142089844,189.9431610107422
233.5101776123047,138.70726013183594,189.94541931152344
233.54315185546875,138.59483337402344,189.94760131835938
233.5763397216797,138.4817352294922,189.94976806640625
233.6093292236328,138.36944580078125,189.9519500732422
233.64227294921875,138.25721740722656,189.95408630371094
233.6752166748047,138.14508056640625,189.9562225341797
233.70814514160156,138.0330352783203,189.95835876464844
233.7410430908203,137.9210662841797,189.96046447753906
233.77392578125,137.80921936035156,189.96258544921875
233.80836486816406,137.6920623779297,189.96478271484375
233.84390258789062,137.5712127685547,189.967041015625
233.87672424316406,137.45970153808594,189.9691162109375
233.9095001220703,137.34829711914062,189.97119140625
233.94224548339844,137.23703002929688,189.97325134277344
233.97496032714844,137.1258544921875,189.97531127929688
234.00765991210938,137.0148162841797,189.9773406982422
234.0403289794922,136.9038848876953,189.97938537597656
234.07357788085938,136.79103088378906,189.98146057128906
234.106201171875,136.6803436279297,189.98348999023438
234.13877868652344,136.56979370117188,189.98550415039062
234.1713409423828,136.45938110351562,189.98753356933594
234.203857421875,136.34909057617188,189.98953247070312
234.23654174804688,136.23825073242188,189.99156188964844
234.2689971923828,136.1282501220703,189.99356079101562
234.30140686035156,136.01837158203125,189.9955596923828
234.33596801757812,135.9012908935547,189.99769592285156
234.37103271484375,135.78253173828125,189.99984741210938
234.40333557128906,135.6731414794922,190.0018310546875
234.44754028320312,135.5234832763672,190.0045623779297
234.47975158691406,135.4144287109375,190.00653076171875
234.51194763183594,135.3055419921875,190.00851440429688
234.54547119140625,135.19207763671875,190.0105743408203
234.5775909423828,135.08348083496094,190.01255798339844
234.6096649169922,134.97503662109375,190.0145263671875
234.64169311523438,134.86672973632812,190.0165252685547
234.67369079589844,134.7585906982422,190.0185089111328
234.70565795898438,134.65060424804688,190.0205078125
234.73757934570312,134.54275512695312,190.02252197265625
234.76947021484375,134.43504333496094,190.0245361328125
234.80133056640625,134.3275146484375,190.0265655517578
234.83384704589844,134.21771240234375,190.02865600585938
234.86563110351562,134.1104736328125,190.03073120117188
234.89736938476562,134.00340270996094,190.03282165527344
234.92916870117188,133.89613342285156,190.03494262695312
234.9632568359375,133.7812042236328,190.03724670410156
234.99490356445312,133.6746063232422,190.03939819335938
235.02650451660156,133.5681610107422,190.0415802001953
235.05812072753906,133.46188354492188,190.04379272460938
235.0897216796875,133.35577392578125,190.04603576660156
235.12132263183594,133.24981689453125,190.0482940673828
235.1529083251953,133.14405822753906,190.0505828857422
235.1845245361328,133.0384521484375,190.0529022216797
235.21615600585938,132.93299865722656,190.05523681640625
235.24778747558594,132.82772827148438,190.05760192871094
235.2794647216797,132.72264099121094,190.0599822998047
235.31112670898438,132.6177215576172,190.06239318847656
235.34674072265625,132.5000762939453,190.06512451171875
235.3784637451172,132.39552307128906,190.06756591796875
235.41021728515625,132.29115295410156,190.07003784179688
235.4419708251953,132.1869354248047,190.07252502441406
235.47373962402344,132.08290100097656,190.0749969482422
235.50552368164062,131.97901916503906,190.0775146484375
235.53732299804688,131.8753204345703,190.08001708984375
235.5691375732422,131.7718048095703,190.08253479003906
235.6023406982422,131.6640625,190.08517456054688
235.6342010498047,131.5608673095703,190.08770751953125
235.6660919189453,131.45787048339844,190.09024047851562
235.69801330566406,131.3550262451172,190.09278869628906
235.72994995117188,131.25234985351562,190.09532165527344
235.76190185546875,131.1498565673828,190.0978546142578
235.7938995361328,131.0475311279297,190.1003875732422
235.8272247314453,130.94117736816406,190.10299682617188
235.85926818847656,130.83920288085938,190.1055145263672
235.8994140625,130.71182250976562,190.10865783691406
235.9315185546875,130.61021423339844,190.1111602783203
235.9636688232422,130.50880432128906,190.11363220214844
236.00119018554688,130.39073181152344,190.11651611328125
236.0334014892578,130.28968811035156,190.11895751953125
236.06564331054688,130.18878173828125,190.12139892578125
236.09791564941406,130.08807373046875,190.12380981445312
236.13233947753906,129.98097229003906,190.12637329101562
236.16468811035156,129.880615234375,190.12875366210938
236.19711303710938,129.78041076660156,190.13113403320312
236.232421875,129.67172241210938,190.1336669921875
236.2649688720703,129.57186889648438,190.13601684570312
236.29763793945312,129.47222900390625,190.13833618164062
236.3303680419922,129.37274169921875,190.14064025878906
236.3632049560547,129.27342224121094,190.14292907714844
236.39613342285156,129.17428588867188,190.14523315429688
236.43080139160156,129.07049560546875,190.1476287841797
236.46395874023438,128.97171020507812,190.14993286132812
236.49722290039062,128.8730926513672,190.1522216796875
236.53060913085938,128.7746124267578,190.15452575683594
236.56411743164062,128.67630004882812,190.1568145751953
236.59774780273438,128.578125,190.1591339111328
236.63150024414062,128.4801025390625,190.16143798828125
236.66537475585938,128.3822021484375,190.1637420654297
236.6993865966797,128.28440856933594,190.16607666015625
236.7335205078125,128.18673706054688,190.16839599609375
236.76779174804688,128.08917236328125,190.1707305908203
236.8022003173828,127.99171447753906,190.17306518554688
236.83709716796875,127.89337158203125,190.1754150390625
236.87176513671875,127.79615020751953,190.17776489257812
236.9065704345703,127.69904327392578,190.1800994873047
236.94151306152344,127.60204315185547,190.18243408203125
236.97659301757812,127.50516510009766,190.18478393554688
237.0117950439453,127.40840148925781,190.18711853027344
237.04714965820312,127.3117446899414,190.18946838378906
237.0826416015625,127.21521759033203,190.19180297851562
237.11827087402344,127.11878967285156,190.1941375732422
237.15402221679688,127.02246856689453,190.1964874267578
237.19039916992188,126.92486572265625,190.19886779785156
237.22637939453125,126.82874298095703,190.20123291015625
237.26243591308594,126.73272705078125,190.2035675048828
237.30096435546875,126.63053894042969,190.20608520507812
237.33721923828125,126.53469848632812,190.2084503173828
237.37359619140625,126.43895721435547,190.21080017089844
237.41244506835938,126.33702087402344,190.21331787109375
237.46551513671875,126.19842529296875,190.21673583984375
237.5022430419922,126.10302734375,190.21908569335938
237.53904724121094,126.00772857666016,190.22145080566406
237.5759735107422,125.91252136230469,190.2238006591797
237.6129913330078,125.81741333007812,190.2261505126953
237.650146484375,125.72241973876953,190.228515625
237.6873779296875,125.62750244140625,190.23086547851562
237.7247314453125,125.53269958496094,190.23321533203125
237.76219177246094,125.43799591064453,190.23558044433594
237.7997589111328,125.34339904785156,190.23793029785156
237.837646484375,125.24837493896484,190.24029541015625
237.8754119873047,125.15396881103516,190.24264526367188
237.91329956054688,125.0596694946289,190.2449951171875
237.95127868652344,124.9654541015625,190.24732971191406
237.99082946777344,124.8676986694336,190.24977111816406
238.0290069580078,124.77368927001953,190.2521209716797
238.0701141357422,124.67288208007812,190.254638671875
238.10848999023438,124.57908630371094,190.25698852539062
238.14697265625,124.4853744506836,190.2593231201172
238.185546875,124.39176940917969,190.2616729736328
238.22647094726562,124.2928466796875,190.26416015625
238.26524353027344,124.19943237304688,190.26649475097656
238.30409240722656,124.10610961914062,190.2688446044922
238.34303283691406,124.01289367675781,190.27120971679688
238.382080078125,123.9197769165039,190.27354431152344
238.4212188720703,123.82674407958984,190.27590942382812
238.46043395996094,123.73379516601562,190.2782745361328
238.499755859375,123.64093017578125,190.2806396484375
238.53916931152344,123.54814910888672,190.2830047607422
238.57925415039062,123.45406341552734,190.28543090820312
238.61886596679688,123.36141967773438,190.28782653808594
238.65855407714844,123.26884460449219,190.2902069091797
238.6983642578125,123.17633056640625,190.29261779785156
238.73826599121094,123.08387756347656,190.29502868652344
238.7801971435547,122.9870376586914,190.2975616455078
238.82029724121094,122.89470672607422,190.29998779296875
238.86050415039062,122.80242156982422,190.3024139404297
238.9008026123047,122.71019744873047,190.3048553466797
238.94119262695312,122.6180191040039,190.30728149414062
238.98170471191406,122.5259017944336,190.30975341796875
239.02230834960938,122.43382263183594,190.31219482421875
239.06300354003906,122.3418197631836,190.3146514892578
239.1038360595703,122.24986267089844,190.31710815429688
239.14479064941406,122.1579818725586,190.319580078125
239.18589782714844,122.06616973876953,190.32203674316406
239.24391174316406,121.9372329711914,190.32550048828125
239.2853546142578,121.84561157226562,190.32798767089844
239.32809448242188,121.7515640258789,190.33053588867188
239.36985778808594,121.66011047363281,190.33302307128906
239.4117431640625,121.56875610351562,190.33547973632812
239.45382690429688,121.47748565673828,190.33798217773438
239.49606323242188,121.38630676269531,190.34046936035156
239.53843688964844,121.29522705078125,190.3429718017578
239.58099365234375,121.20423126220703,190.34547424316406
239.62368774414062,121.11332702636719,190.34799194335938
239.66656494140625,121.02250671386719,190.35049438476562
239.7095947265625,120.93179321289062,190.35301208496094
239.75279235839844,120.84117126464844,190.3555450439453
239.796142578125,120.75064086914062,190.35809326171875
239.83966064453125,120.66021728515625,190.36062622070312
239.88333129882812,120.56987762451172,190.36318969726562
239.9271697998047,120.47965240478516,190.36575317382812
239.97117614746094,120.38951110839844,190.36831665039062
240.0159912109375,120.29820251464844,190.3709259033203
240.06033325195312,120.20828247070312,190.37353515625
240.10482788085938,120.11846160888672,190.37612915039062
240.15359497070312,120.02054595947266,190.3789825439453
240.1984405517578,119.93095397949219,190.38160705566406
240.24346923828125,119.84146881103516,190.38424682617188
240.29278564453125,119.74395751953125,190.3871307373047
240.33816528320312,119.65470886230469,190.38978576660156
240.3837127685547,119.56556701660156,190.39244079589844
240.429443359375,119.47653198242188,190.39512634277344
240.475341796875,119.38762664794922,190.39781188964844
240.52142333984375,119.29883575439453,190.40048217773438
240.5676727294922,119.21015167236328,190.40318298339844
240.6140899658203,119.12159729003906,190.40589904785156
240.66209411621094,119.0304946899414,190.40869140625
240.70887756347656,118.94216918945312,190.41139221191406
240.75584411621094,118.85397338867188,190.41412353515625
240.802978515625,118.76589965820312,190.41683959960938
240.85031127929688,118.67794799804688,190.41957092285156
240.89781188964844,118.59011840820312,190.4222869873047
240.94549560546875,118.50241088867188,190.42503356933594
240.99334716796875,118.41482543945312,190.42776489257812
241.0413818359375,118.32736206054688,190.4304962158203
241.08958435058594,118.24000549316406,190.43324279785156
241.13792419433594,118.15275573730469,190.43597412109375
241.19085693359375,118.05764770507812,190.43894958496094
241.23948669433594,117.97059631347656,190.44168090820312
241.31246948242188,117.84046173095703,190.4457550048828
241.36135864257812,117.75359344482422,190.448486328125
241.4103240966797,117.66678619384766,190.45120239257812
241.4593505859375,117.58003234863281,190.45391845703125
241.5084686279297,117.49333953857422,190.4566192626953
241.5576629638672,117.40670776367188,190.4593048095703
241.60693359375,117.32012939453125,190.4619903564453
241.65626525878906,117.2336196899414,190.4646453857422
241.7088623046875,117.14163208007812,190.46746826171875
241.7583770751953,117.05525207519531,190.4700927734375
241.8079833984375,116.96892547607422,190.47271728515625
241.857666015625,116.88268280029297,190.47532653808594
241.9113006591797,116.78983306884766,190.4781036376953
241.9669647216797,116.69378662109375,190.48095703125
242.01695251464844,116.60775756835938,190.48348999023438
242.0675048828125,116.52096557617188,190.4860382080078
242.11766052246094,116.43507385253906,190.48854064941406
242.1679229736328,116.34925079345703,190.49102783203125
242.21824645996094,116.26348876953125,190.4934844970703
242.2686767578125,116.17778778076172,190.49595642089844
242.32125854492188,116.08865356445312,190.4984893798828
242.37184143066406,116.00308990478516,190.50091552734375
242.42250061035156,115.91758728027344,190.5033416748047
242.4765167236328,115.82661437988281,190.50588989257812
242.52732849121094,115.7412338256836,190.50830078125
242.57821655273438,115.65591430664062,190.51068115234375
242.62916564941406,115.57064056396484,190.51307678222656
242.68019104003906,115.48542785644531,190.51547241210938
242.7312774658203,115.4002685546875,190.51785278320312
242.7824249267578,115.31517028808594,190.52023315429688
242.83363342285156,115.23011779785156,190.52261352539062
242.88490295410156,115.14510345458984,190.52500915527344
242.93731689453125,115.05836486816406,190.52743530273438
242.9886932373047,114.97346496582031,190.52981567382812
243.0401153564453,114.88860321044922,190.53219604492188
243.0915985107422,114.80380249023438,190.53457641601562
243.14710998535156,114.71247100830078,190.5371551513672
243.19869995117188,114.62776947021484,190.53955078125
243.25039672851562,114.54298400878906,190.54193115234375
243.3020477294922,114.45836639404297,190.54434204101562
243.35377502441406,114.3738021850586,190.54673767089844
243.40550231933594,114.28927612304688,190.5491485595703
243.45729064941406,114.20478820800781,190.5515594482422
243.50912475585938,114.12034606933594,190.55398559570312
243.56097412109375,114.03594970703125,190.55642700195312
243.63082885742188,113.92241668701172,190.5596923828125
243.68276977539062,113.83809661865234,190.56214904785156
243.73475646972656,113.75379943847656,190.56459045410156
243.7867889404297,113.66954040527344,190.5670623779297
243.83888244628906,113.58533477783203,190.56951904296875
243.89105224609375,113.50115966796875,190.57200622558594
243.9432830810547,113.41703796386719,190.57449340820312
243.99560546875,113.33297729492188,190.57699584960938
244.0480194091797,113.24897766113281,190.57948303222656
244.10052490234375,113.16504669189453,190.58201599121094
244.1531524658203,113.08118438720703,190.58453369140625
244.20587158203125,112.99739837646484,190.58706665039062
244.25869750976562,112.9136734008789,190.58961486816406
244.3116455078125,112.83003234863281,190.5921630859375
244.36468505859375,112.74646759033203,190.5947265625
244.4178466796875,112.66297149658203,190.5972900390625
244.4720001220703,112.57813262939453,190.59991455078125
244.52537536621094,112.49478149414062,190.6024932861328
244.578857421875,112.41149139404297,190.60508728027344
244.6324462890625,112.3282699584961,190.60769653320312
244.68614196777344,112.24510955810547,190.6103057861328
244.7399444580078,112.16201782226562,190.61293029785156
244.79476928710938,112.0776138305664,190.6156005859375
244.8488006591797,111.99466705322266,190.6182403564453
244.90296936035156,111.91178131103516,190.6208953857422
244.9576416015625,111.82840728759766,190.62356567382812
245.01205444335938,111.74566650390625,190.62625122070312
245.06658935546875,111.66299438476562,190.62893676757812
245.1212615966797,111.58039855957031,190.63162231445312
245.17604064941406,111.49787139892578,190.63433837890625
245.23098754882812,111.41542053222656,190.63705444335938
245.2860565185547,111.33303833007812,190.6397705078125
245.34124755859375,111.250732421875,190.64251708984375
245.39659118652344,111.16849517822266,190.645263671875
245.452392578125,111.0858383178711,190.64804077148438
245.51266479492188,110.99687957763672,190.65106201171875
245.56842041015625,110.91487884521484,190.65383911132812
245.6243133544922,110.83293914794922,190.65664672851562
245.6803436279297,110.75108337402344,190.65945434570312
245.7365264892578,110.6692886352539,190.66226196289062
245.79286193847656,110.58757781982422,190.66506958007812
245.84930419921875,110.50593566894531,190.66787719726562
245.90589904785156,110.42436981201172,190.6707000732422
245.962646484375,110.34288024902344,190.67352294921875
246.01951599121094,110.26146697998047,190.6763458251953
246.09922790527344,110.14791107177734,190.68026733398438
246.15646362304688,110.06668853759766,190.68309020996094
246.21385192871094,109.98555755615234,190.68592834472656
246.27137756347656,109.90451049804688,190.6887664794922
246.3316650390625,109.8199234008789,190.69174194335938
246.3895263671875,109.73904418945312,190.694580078125
246.44752502441406,109.65825653076172,190.6974334716797
246.5056915283203,109.5775375366211,190.70028686523438
246.5640106201172,109.49690246582031,190.70314025878906
246.62684631347656,109.41031646728516,190.7061767578125
246.68545532226562,109.32984924316406,190.70899963378906
246.74423217773438,109.24944305419922,190.71182250976562
246.80316162109375,109.16912841796875,190.71461486816406
246.86224365234375,109.08889770507812,190.71742248535156
246.92147827148438,109.00874328613281,190.72021484375
246.98086547851562,108.9286880493164,190.72300720214844
247.04042053222656,108.84870910644531,190.72576904296875
247.10011291503906,108.7688217163086,190.72854614257812
247.1641845703125,108.68339538574219,190.73150634765625
247.22421264648438,108.60369873046875,190.73426818847656
247.28439331054688,108.52409362792969,190.7370147705078
247.3488006591797,108.4392318725586,190.7399444580078
247.4093017578125,108.35982513427734,190.74269104003906
247.469970703125,108.28050231933594,190.7454071044922
247.535888671875,108.19466400146484,190.74838256835938
247.59689331054688,108.11553192138672,190.75111389160156
247.65805053710938,108.03649139404297,190.7538299560547
247.71937561035156,107.95755004882812,190.75656127929688
247.78086853027344,107.87870025634766,190.75930786132812
247.842529296875,107.79994201660156,190.7620391845703
247.9043426513672,107.72128295898438,190.7647705078125
247.96632385253906,107.6427230834961,190.76748657226562
248.0284423828125,107.56426239013672,190.77020263671875
248.09072875976562,107.48590087890625,190.77291870117188
248.15316772460938,107.40763854980469,190.775634765625
248.21575927734375,107.32948303222656,190.77833557128906
248.27853393554688,107.25143432617188,190.78102111816406
248.34146118164062,107.17347717285156,190.7837371826172
248.40455627441406,107.09562683105469,190.78643798828125
248.46780395507812,107.01788330078125,190.7891387939453
248.53123474121094,106.94023895263672,190.79183959960938
248.59481811523438,106.8626937866211,190.7945556640625
248.65855407714844,106.78524780273438,190.7972412109375
248.7224578857422,106.70791625976562,190.79995727539062
248.78652954101562,106.63067626953125,190.8026580810547
248.8731231689453,106.52677154541016,190.80630493164062
248.93756103515625,106.44977569580078,190.8090057373047
249.0021514892578,106.37289428710938,190.8116912841797
249.06692504882812,106.2961196899414,190.8143768310547
249.1370391845703,106.21331787109375,190.81727600097656
249.20213317871094,106.13675689697266,190.81996154785156
249.2673797607422,106.060302734375,190.82264709472656
249.3328094482422,105.98396301269531,190.8253173828125
249.39837646484375,105.90772247314453,190.82797241210938
249.46409606933594,105.83158874511719,190.83062744140625
249.53318786621094,105.75189208984375,190.8334197998047
249.5992431640625,105.67597961425781,190.83607482910156
249.66546630859375,105.60018157958984,190.83871459960938
249.7318572998047,105.52449035644531,190.8413543701172
249.79840087890625,105.44891357421875,190.843994140625
249.86508178710938,105.3734359741211,190.84664916992188
249.93194580078125,105.2980728149414,190.8492889404297
250.0010528564453,105.2204818725586,190.8520050048828
250.0682373046875,105.14534759521484,190.85462951660156
250.14053344726562,105.0648193359375,190.8574676513672
250.20802307128906,104.98992919921875,190.86009216308594
250.28099060058594,104.90930938720703,190.86294555664062
250.3488311767578,104.83465576171875,190.86558532714844
250.4168243408203,104.76011657714844,190.8682098388672
250.4849853515625,104.68568420410156,190.87086486816406
250.5532989501953,104.61137390136719,190.87350463867188
250.62176513671875,104.53717803955078,190.8761444091797
250.69039916992188,104.46309661865234,190.8787841796875
250.75918579101562,104.3891372680664,190.88140869140625
250.82810974121094,104.31529235839844,190.88404846191406
250.897216796875,104.2415542602539,190.8866729736328
250.96644592285156,104.16793823242188,190.8892822265625
251.0420379638672,104.08789825439453,190.8921356201172
251.11160278320312,104.0145263671875,190.89474487304688
251.18133544921875,103.94126892089844,190.89735412597656
251.251220703125,103.86813354492188,190.8999481201172
251.3212432861328,103.79510498046875,190.90255737304688
251.39926147460938,103.7140884399414,190.90542602539062
251.46961975097656,103.64131164550781,190.9080047607422
251.54013061523438,103.56864929199219,190.91058349609375
251.61257934570312,103.49430084228516,190.9132080078125
251.68341064453125,103.42188262939453,190.915771484375
251.75439453125,103.3495864868164,190.9183349609375
251.83029174804688,103.2725830078125,190.9210662841797
251.90159606933594,103.20054626464844,190.92361450195312
252.00291442871094,103.09866333007812,190.92724609375
252.07460021972656,103.02690887451172,190.92977905273438
252.1464385986328,102.95528411865234,190.93234252929688
252.2184295654297,102.88377380371094,190.9348907470703
252.2905731201172,102.8124008178711,190.9374542236328
252.36288452148438,102.74115753173828,190.9399871826172
252.43533325195312,102.6700210571289,190.94253540039062
252.50794982910156,102.59901428222656,190.94508361816406
252.5806884765625,102.52814483642578,190.94761657714844
252.65359497070312,102.4573974609375,190.95016479492188
252.72665405273438,102.38676452636719,190.9527130126953
252.79986572265625,102.31627655029297,190.9552459716797
252.87417602539062,102.24500274658203,190.95782470703125
252.9477081298828,102.17475891113281,190.96035766601562
253.02346801757812,102.1026382446289,190.96295166015625
253.0972900390625,102.03264617919922,190.96546936035156
253.1712646484375,101.96278381347656,190.9679718017578
253.24537658691406,101.8930435180664,190.97047424316406
253.3240509033203,101.81932067871094,190.97312927246094
253.39846801757812,101.74984741210938,190.97561645507812
253.47305297851562,101.68051147460938,190.9781036376953
253.54779052734375,101.61129760742188,190.9805908203125
253.62266540527344,101.5422134399414,190.9830780029297
253.7008819580078,101.47032928466797,190.98565673828125
253.7760772705078,101.40151977539062,190.98812866210938
253.85140991210938,101.33282470703125,190.9906005859375
253.92689514160156,101.26427459716797,190.9930877685547
254.0025177001953,101.19585418701172,190.99554443359375
254.0782928466797,101.1275634765625,190.9980010986328
254.1542205810547,101.05940246582031,191.00045776367188
254.23028564453125,100.99137878417969,191.00291442871094
254.3065185546875,100.92347717285156,191.00537109375
254.3828887939453,100.855712890625,191.00782775878906
254.45941162109375,100.78809356689453,191.01028442382812
254.53607177734375,100.7206039428711,191.01275634765625
254.61288452148438,100.65324401855469,191.01519775390625
254.692626953125,100.58358764648438,191.01773071289062
254.77169799804688,100.5147933959961,191.02023315429688
254.8489532470703,100.4478530883789,191.0226593017578
254.92640686035156,100.38099670410156,191.02511596679688
255.0107879638672,100.3084487915039,191.0277557373047
255.08848571777344,100.2419204711914,191.03018188476562
255.1664276123047,100.17546081542969,191.03260803222656
255.24441528320312,100.10920715332031,191.03501892089844
255.32254028320312,100.04308319091797,191.0374298095703
255.4336395263672,99.94951629638672,191.04083251953125
255.51211547851562,99.88372039794922,191.04324340820312
255.5907440185547,99.81806945800781,191.04562377929688
255.66949462890625,99.75254821777344,191.0480194091797
255.75738525390625,99.67975616455078,191.05067443847656
255.83645629882812,99.6145248413086,191.0530548095703
255.91566467285156,99.54943084716797,191.05540466308594
255.99501037597656,99.48448181152344,191.05776977539062
256.07452392578125,99.41966247558594,191.0601348876953
256.1541442871094,99.35498046875,191.0625
256.2339172363281,99.29045104980469,191.0648651123047
256.3138427734375,99.22606658935547,191.0672149658203
256.3939208984375,99.16181945800781,191.069580078125
256.4741516113281,99.09770965576172,191.07192993164062
256.5544738769531,99.03374481201172,191.0742950439453
256.6349792480469,98.96992492675781,191.07664489746094
256.7156066894531,98.90625,191.07901000976562
256.79638671875,98.84272003173828,191.08135986328125
256.8772888183594,98.77932739257812,191.08370971679688
256.9591369628906,98.71546173095703,191.08609008789062
257.0403137207031,98.65235137939453,191.08843994140625
257.12164306640625,98.58940124511719,191.09078979492188
257.203125,98.52658081054688,191.0931396484375
257.2895812988281,98.46016693115234,191.09561157226562
257.371337890625,98.39764404296875,191.0979461669922
257.4532165527344,98.33527374267578,191.1002655029297
257.53521728515625,98.27303314208984,191.1025848388672
257.6174011230469,98.21094512939453,191.1049041748047
257.6996765136719,98.14898681640625,191.10720825195312
257.79083251953125,98.08065032958984,191.1097412109375
257.8734436035156,98.01899719238281,191.1120147705078
257.9561462402344,97.9574966430664,191.1143035888672
258.03900146484375,97.8961410522461,191.1165771484375
258.1219787597656,97.83493041992188,191.11883544921875
258.2051086425781,97.77387237548828,191.12110900878906
258.28839111328125,97.71295166015625,191.1233673095703
258.3752136230469,97.64969635009766,191.12570190429688
258.458740234375,97.58907318115234,191.1279754638672
258.5424499511719,97.52861022949219,191.1302032470703
258.6320495605469,97.464111328125,191.13259887695312
258.7160339355469,97.4039535522461,191.1348419189453
258.80010986328125,97.34394836425781,191.1370849609375
258.88433837890625,97.28409576416016,191.1393280029297
258.96868896484375,97.2243881225586,191.1415557861328
259.0531921386719,97.16484069824219,191.14378356933594
259.1734924316406,97.08047485351562,191.14695739746094
259.25830078125,97.02128601074219,191.149169921875
259.34326171875,96.96224975585938,191.15139770507812
259.4298095703125,96.90234375,191.1536407470703
259.5150451660156,96.8436050415039,191.1558380126953
259.60040283203125,96.7850112915039,191.15805053710938
259.6859130859375,96.72657775878906,191.16024780273438
259.7715148925781,96.66829681396484,191.1624298095703
259.8572998046875,96.61016082763672,191.16461181640625
259.94317626953125,96.55219268798828,191.16680908203125
260.0292053222656,96.49436950683594,191.16897583007812
260.11700439453125,96.43561553955078,191.1712188720703
260.20330810546875,96.37811279296875,191.17340087890625
260.2897644042969,96.32075500488281,191.17559814453125
260.3822326660156,96.25968933105469,191.17794799804688
260.4689636230469,96.20266723632812,191.18016052246094
260.55584716796875,96.14579010009766,191.182373046875
260.6428527832031,96.08908081054688,191.18458557128906
260.72998046875,96.03251647949219,191.1868133544922
260.8172607421875,95.97610473632812,191.1890411376953
260.9046936035156,95.91984558105469,191.19126892089844
260.99566650390625,95.86158752441406,191.19358825683594
261.0833435058594,95.8056411743164,191.19581604003906
261.17120361328125,95.74984741210938,191.19805908203125
261.2591857910156,95.6942138671875,191.20030212402344
261.3473205566406,95.63872528076172,191.20252990722656
261.43560791015625,95.58338928222656,191.20477294921875
261.5240173339844,95.5281982421875,191.20703125
261.61260986328125,95.4731674194336,191.2092742919922
261.7012939453125,95.41828918457031,191.21151733398438
261.7901611328125,95.36356353759766,191.2137908935547
261.88006591796875,95.30845642089844,191.216064453125
261.96923828125,95.2540283203125,191.2183380126953
262.05853271484375,95.19976806640625,191.2206268310547
262.1541748046875,95.14192962646484,191.22308349609375
262.2438049316406,95.0879898071289,191.2253875732422
262.3335876464844,95.0342025756836,191.22772216796875
262.42352294921875,94.9805679321289,191.23004150390625
262.5135803222656,94.9271011352539,191.23240661621094
262.60382080078125,94.87378692626953,191.23475646972656
262.6942138671875,94.82063293457031,191.23712158203125
262.78472900390625,94.76763916015625,191.23951721191406
262.8753662109375,94.71479034423828,191.24191284179688
262.9661865234375,94.66210174560547,191.2443084716797
263.06292724609375,94.60623931884766,191.24688720703125
263.1965637207031,94.529541015625,191.2504119873047
263.2878723144531,94.47740936279297,191.25283813476562
263.37933349609375,94.4254379272461,191.2552490234375
263.470947265625,94.37362670898438,191.25767517089844
263.5627136230469,94.32196044921875,191.26010131835938
263.6546325683594,94.27046203613281,191.2625274658203
263.74664306640625,94.2191162109375,191.2649688720703
263.8388366699219,94.16792297363281,191.26739501953125
263.9311828613281,94.11688232421875,191.26980590820312
264.0236511230469,94.06599426269531,191.272216796875
264.1162414550781,94.01526641845703,191.27462768554688
264.208984375,93.96468353271484,191.2770233154297
264.3019104003906,93.91426086425781,191.27940368652344
264.39495849609375,93.8639907836914,191.2817840576172
264.4936218261719,93.81092071533203,191.2843017578125
264.5869445800781,93.76097106933594,191.28665161132812
264.680419921875,93.71117401123047,191.2889862060547
264.7740173339844,93.66154479980469,191.29132080078125
264.8677673339844,93.612060546875,191.2936553955078
264.961669921875,93.56273651123047,191.2959747314453
265.0556640625,93.51358032226562,191.2982635498047
265.14984130859375,93.46456909179688,191.30056762695312
265.244140625,93.41572570800781,191.30284118652344
265.33856201171875,93.36703491210938,191.3050994873047
265.4353942871094,93.31733703613281,191.30740356445312
265.5301208496094,93.26898193359375,191.3096466064453
265.6249694824219,93.22077178955078,191.31187438964844
265.7199401855469,93.1727294921875,191.31410217285156
265.8150634765625,93.1248550415039,191.31629943847656
265.9102783203125,93.07714080810547,191.31851196289062
266.00567626953125,93.02958679199219,191.32069396972656
266.1011962890625,92.98219299316406,191.32284545898438
266.1968078613281,92.93495178222656,191.32498168945312
266.2925720214844,92.88786315917969,191.32708740234375
266.3884582519531,92.84093475341797,191.3291778564453
266.4844970703125,92.79415893554688,191.33120727539062
266.5806579589844,92.74752044677734,191.3332061767578
266.6769104003906,92.70101165771484,191.33517456054688
266.7733154296875,92.6546401977539,191.33709716796875
266.8698425292969,92.60838317871094,191.33897399902344
266.9664611816406,92.562255859375,191.34080505371094
267.063232421875,92.51624298095703,191.34259033203125
267.16009521484375,92.47034454345703,191.34432983398438
267.2571105957031,92.42456817626953,191.34603881835938
267.3542175292969,92.37890625,191.34767150878906
267.4898986816406,92.3154067993164,191.3498992919922
267.5873107910156,92.2700424194336,191.35142517089844
267.69146728515625,92.22171783447266,191.35301208496094
267.79718017578125,92.17288970947266,191.3545684814453
267.8949890136719,92.1279296875,191.3560028076172
267.992919921875,92.0831069946289,191.35739135742188
268.09100341796875,92.03843688964844,191.3588104248047
268.18914794921875,91.993896484375,191.3602294921875
268.2874755859375,91.9494857788086,191.3616180419922
268.3858947753906,91.90519714355469,191.3629608154297
268.4844055175781,91.86105346679688,191.36427307128906
268.5830383300781,91.81704711914062,191.36557006835938
268.6831970214844,91.77255249023438,191.3668670654297
268.7821044921875,91.72882080078125,191.3681182861328
268.881103515625,91.68521118164062,191.3693389892578
268.9801940917969,91.6417236328125,191.37051391601562
269.07940673828125,91.5983657836914,191.3716278076172
269.1787414550781,91.55514526367188,191.37269592285156
269.2821350097656,91.51033782958984,191.373779296875
269.3817138671875,91.4673843383789,191.37478637695312
269.4814147949219,91.42455291748047,191.3757781982422
269.5812072753906,91.38187408447266,191.37672424316406
269.68115234375,91.33931732177734,191.37765502929688
269.78118896484375,91.29692077636719,191.37855529785156
269.88134765625,91.25465393066406,191.3794403076172
269.9816589355469,91.21253967285156,191.38035583496094
270.0821228027344,91.17057037353516,191.38125610351562
270.1842956542969,91.12808227539062,191.38221740722656
270.2850341796875,91.08641815185547,191.3831787109375
270.3858642578125,91.04490661621094,191.38417053222656
270.4867858886719,91.00352478027344,191.3851776123047
270.5877990722656,90.9622802734375,191.3861541748047
270.68896484375,90.9211654663086,191.38711547851562
270.7903137207031,90.88018798828125,191.38807678222656
270.8916931152344,90.83934783935547,191.38902282714844
270.99322509765625,90.79863739013672,191.3899688720703
271.09881591796875,90.75650024414062,191.3909454345703
271.2005615234375,90.71609497070312,191.3918914794922
271.3023986816406,90.67584228515625,191.39283752441406
271.40435791015625,90.63572692871094,191.393798828125
271.5065002441406,90.59574127197266,191.39476013183594
271.60870361328125,90.55590057373047,191.3957061767578
271.7175598144531,90.513671875,191.39671325683594
271.8285827636719,90.4708023071289,191.39772033691406
271.9312438964844,90.43135833740234,191.39866638183594
272.08807373046875,90.3714370727539,191.4001007080078
272.1993713378906,90.32917785644531,191.401123046875
272.302490234375,90.29023742675781,191.40211486816406
272.40570068359375,90.2514419555664,191.40310668945312
272.509033203125,90.2127914428711,191.4041290283203
272.6125183105469,90.17427062988281,191.4051971435547
272.7160949707031,90.13587951660156,191.40628051757812
272.8261413574219,90.09528350830078,191.40744018554688
272.9299621582031,90.05716705322266,191.40853881835938
273.0339050292969,90.01920318603516,191.40965270996094
273.137939453125,89.98136901855469,191.41079711914062
273.24847412109375,89.94137573242188,191.4120330810547
273.3527526855469,89.90381622314453,191.41323852539062
273.4601135253906,89.8653564453125,191.41452026367188
273.5646667480469,89.82806396484375,191.41580200195312
273.6693420410156,89.7908935546875,191.41709899902344
273.77410888671875,89.75385284423828,191.41839599609375
273.8789978027344,89.71693420410156,191.41969299316406
273.9839782714844,89.68013763427734,191.42098999023438
274.0890808105469,89.64346313476562,191.42230224609375
274.1943054199219,89.60690307617188,191.42361450195312
274.29962158203125,89.57046508789062,191.42491149902344
274.4050598144531,89.53414916992188,191.42620849609375
274.5106201171875,89.4979476928711,191.42752075195312
274.6163024902344,89.46186065673828,191.42884826660156
274.72210693359375,89.42589569091797,191.43016052246094
274.8280334472656,89.3900375366211,191.4314727783203
274.93402099609375,89.35430145263672,191.43280029296875
275.0401916503906,89.31868743896484,191.43411254882812
275.14642333984375,89.28319549560547,191.43545532226562
275.2528076171875,89.2478256225586,191.43679809570312
275.35931396484375,89.21259307861328,191.43814086914062
275.4659118652344,89.17748260498047,191.4394989013672
275.5726318359375,89.14250946044922,191.44082641601562
275.67950439453125,89.10765838623047,191.4421844482422
275.7864685058594,89.07293701171875,191.44354248046875
275.89556884765625,89.0376968383789,191.44493103027344
276.00274658203125,89.00323486328125,191.4462890625
276.1100769042969,88.96891021728516,191.44764709472656
276.21746826171875,88.9347152709961,191.44900512695312
276.32501220703125,88.90064239501953,191.45037841796875
276.4326477050781,88.86670684814453,191.45176696777344
276.5404052734375,88.8329086303711,191.453125
276.65185546875,88.79813385009766,191.45455932617188
276.75982666015625,88.76460266113281,191.45594787597656
276.9115295410156,88.71778869628906,191.45790100097656
277.0198059082031,88.6845703125,191.45928955078125
277.1296691894531,88.65103912353516,191.46070861816406
277.2381896972656,88.61808776855469,191.46212768554688
277.3468017578125,88.58528137207031,191.46353149414062
277.4555358886719,88.5526123046875,191.46495056152344
277.56439208984375,88.52007293701172,191.46636962890625
277.67333984375,88.48767852783203,191.46780395507812
277.78240966796875,88.45541381835938,191.46922302246094
277.8916015625,88.42328643798828,191.47067260742188
278.00091552734375,88.39130401611328,191.47210693359375
278.11279296875,88.3587417602539,191.47357177734375
278.2223205566406,88.32704162597656,191.4750213623047
278.3320007324219,88.29548645019531,191.47645568847656
278.4482116699219,88.26222229003906,191.4779815673828
278.55810546875,88.23095703125,191.4794464111328
278.6681213378906,88.1998291015625,191.4808807373047
278.7782287597656,88.1688461303711,191.48233032226562
278.8884582519531,88.13800811767578,191.48379516601562
278.9988098144531,88.10730743408203,191.4852294921875
279.10931396484375,88.07676696777344,191.48670959472656
279.2198791503906,88.04637145996094,191.4881591796875
279.3305969238281,88.01611328125,191.4896240234375
279.44140625,87.98600769042969,191.4910888671875
279.55499267578125,87.95533752441406,191.49258422851562
279.6660461425781,87.92552947998047,191.4940643310547
279.7771911621094,87.8958740234375,191.4955291748047
279.8884582519531,87.86637115478516,191.49700927734375
279.9998474121094,87.83702850341797,191.4984893798828
280.1113586425781,87.8078384399414,191.49996948242188
280.22296142578125,87.7787857055664,191.50146484375
280.334716796875,87.74990844726562,191.50296020507812
280.4465637207031,87.7211685180664,191.5044708251953
280.55853271484375,87.69258880615234,191.50599670410156
280.6706237792969,87.6641616821289,191.50750732421875
280.7828063964844,87.63590240478516,191.50901794433594
280.89508056640625,87.6077880859375,191.5105438232422
281.0074768066406,87.57982635498047,191.51205444335938
281.13531494140625,87.54826354980469,191.51377868652344
281.24798583984375,87.52064514160156,191.5153045654297
281.36077880859375,87.49317932128906,191.51683044433594
281.4736633300781,87.46586608886719,191.5183563232422
281.5866394042969,87.438720703125,191.51988220214844
281.69976806640625,87.4117202758789,191.52139282226562
281.8130187988281,87.3848876953125,191.52291870117188
281.9767150878906,87.3464126586914,191.5251007080078
282.0902404785156,87.31995391845703,191.526611328125
282.2038879394531,87.29366302490234,191.5281219482422
282.321533203125,87.26663208007812,191.5296630859375
282.4354248046875,87.24066162109375,191.5311737060547
282.557861328125,87.21294403076172,191.5327606201172
282.6719665527344,87.18730926513672,191.5342254638672
282.78619384765625,87.16182708740234,191.53570556640625
282.9005432128906,87.13651275634766,191.53717041015625
283.0149841308594,87.1113510131836,191.53860473632812
283.1295166015625,87.08634185791016,191.54005432128906
283.24420166015625,87.06151580810547,191.54147338867188
283.3590087890625,87.03683471679688,191.5428924560547
283.4739074707031,87.0123291015625,191.54429626464844
283.58892822265625,86.98797607421875,191.54568481445312
283.70404052734375,86.96379089355469,191.54705810546875
283.81927490234375,86.93975830078125,191.5484161376953
283.9346618652344,86.91590118408203,191.5497589111328
284.05010986328125,86.89220428466797,191.5511016845703
284.1656799316406,86.8686752319336,191.5524444580078
284.2813720703125,86.84530639648438,191.55374145507812
284.39715576171875,86.82209777832031,191.55502319335938
284.5130310058594,86.79904174804688,191.5562744140625
284.6326599121094,86.77545166015625,191.5575408935547
284.7487487792969,86.75273132324219,191.5587615966797
284.864990234375,86.7302017211914,191.55995178222656
284.9813537597656,86.70783233642578,191.56112670898438
285.0978088378906,86.6856460571289,191.5623321533203
285.21435546875,86.66363525390625,191.5635223388672
285.33099365234375,86.64179992675781,191.56471252441406
285.4526062011719,86.6192626953125,191.56594848632812
285.56951904296875,86.59778594970703,191.56715393066406
285.6864929199219,86.57646942138672,191.56832885742188
285.8114318847656,86.55388641357422,191.569580078125
285.92864990234375,86.5328598022461,191.5707550048828
286.0459289550781,86.511962890625,191.57191467285156
286.1633605957031,86.49119567871094,191.5730743408203
286.2809143066406,86.47056579589844,191.57420349121094
286.3985290527344,86.4500503540039,191.57533264160156
286.51629638671875,86.42967987060547,191.57643127441406
286.63409423828125,86.40943145751953,191.57752990722656
286.7520751953125,86.38931274414062,191.57858276367188
286.8701171875,86.36932373046875,191.5796356201172
286.98828125,86.34947204589844,191.5806427001953
287.1065673828125,86.32975769042969,191.58164978027344
287.2816162109375,86.3008804321289,191.58311462402344
287.40020751953125,86.2815170288086,191.5841064453125
287.5188903808594,86.26229095458984,191.58511352539062
287.6377258300781,86.24320220947266,191.58612060546875
287.7566833496094,86.22425842285156,191.5871124267578
287.875732421875,86.20545196533203,191.58811950683594
288.00225830078125,86.18563842773438,191.58920288085938
288.1215515136719,86.16710662841797,191.59019470214844
288.240966796875,86.14871978759766,191.59121704101562
288.3605041503906,86.13046264648438,191.59222412109375
288.4801330566406,86.11235046386719,191.59323120117188
288.60650634765625,86.09339141845703,191.59429931640625
288.7264099121094,86.07555389404297,191.59530639648438
288.84637451171875,86.05784606933594,191.59632873535156
288.96649169921875,86.040283203125,191.59735107421875
289.09393310546875,86.02180480957031,191.59841918945312
289.21429443359375,86.00450897216797,191.5994415283203
289.33477783203125,85.98735046386719,191.6004638671875
289.4553527832031,85.9703140258789,191.60150146484375
289.57611083984375,85.95340728759766,191.6025390625
289.6968994140625,85.93663024902344,191.60357666015625
289.8178405761719,85.91998291015625,191.6046142578125
289.9389343261719,85.9034652709961,191.6056671142578
290.06011962890625,85.88706970214844,191.60670471191406
290.181396484375,85.87079620361328,191.6077880859375
290.30279541015625,85.85466003417969,191.6088409423828
290.42431640625,85.83863830566406,191.60992431640625
290.54595947265625,85.82273864746094,191.61099243164062
290.6710205078125,85.8065414428711,191.6121063232422
290.7928771972656,85.79088592529297,191.6132049560547
290.91485595703125,85.77535247802734,191.61431884765625
291.0369567871094,85.75993347167969,191.6154327392578
291.1591491699219,85.74463653564453,191.6165313720703
291.2820739746094,85.72937774658203,191.61766052246094
291.40447998046875,85.71431732177734,191.61878967285156
291.5270080566406,85.6993637084961,191.6199188232422
291.649658203125,85.68452453613281,191.6210479736328
291.77239990234375,85.6697998046875,191.6221923828125
291.895263671875,85.65518951416016,191.6233367919922
292.0182189941406,85.64068603515625,191.62449645996094
292.14129638671875,85.62629699707031,191.6256561279297
292.26446533203125,85.61200714111328,191.62680053710938
292.3908996582031,85.59746551513672,191.6280059814453
292.5143127441406,85.5833969116211,191.62918090820312
292.6377868652344,85.5694351196289,191.63037109375
292.80224609375,85.55103302001953,191.63194274902344
292.9259948730469,85.53732299804688,191.63314819335938
293.0498352050781,85.5237045288086,191.6343536376953
293.1737976074219,85.51019287109375,191.6355743408203
293.2978515625,85.49678802490234,191.63677978515625
293.4220275878906,85.48348236083984,191.6380157470703
293.5462951660156,85.47028350830078,191.6392364501953
293.6706848144531,85.45718383789062,191.64047241210938
293.7987060546875,85.44383239746094,191.6417694091797
293.92327880859375,85.43094635009766,191.6430206298828
294.0479736328125,85.41816711425781,191.644287109375
294.1727294921875,85.40550231933594,191.6455535888672
294.2976379394531,85.39293670654297,191.6468505859375
294.422607421875,85.3804702758789,191.64813232421875
294.5476989746094,85.36810302734375,191.64942932128906
294.6728820800781,85.35584259033203,191.6507110595703
294.7981872558594,85.34367370605469,191.65200805664062
294.9236145019531,85.33161926269531,191.65330505371094
295.049072265625,85.31965637207031,191.6546173095703
295.1746826171875,85.30780029296875,191.65594482421875
295.3006896972656,85.29601287841797,191.65725708007812
295.4264831542969,85.28436279296875,191.65859985351562
295.5523681640625,85.27279663085938,191.65992736816406
295.6783752441406,85.26133728027344,191.66127014160156
295.8044738769531,85.24998474121094,191.66261291503906
295.9306945800781,85.23873138427734,191.66397094726562
296.0569763183594,85.22756958007812,191.66534423828125
296.1833801269531,85.21651458740234,191.6667022705078
296.30987548828125,85.20556640625,191.6680908203125
296.43853759765625,85.19454193115234,191.6695098876953
296.5652160644531,85.18379211425781,191.67091369628906
296.6920166015625,85.17313385009766,191.67233276367188
296.81890869140625,85.16258239746094,191.67373657226562
296.9458923339844,85.15213012695312,191.67515563964844
297.0729675292969,85.14178466796875,191.67657470703125
297.20013427734375,85.13153076171875,191.67799377441406
297.3274230957031,85.12138366699219,191.67942810058594
297.45477294921875,85.11134338378906,191.68087768554688
297.5843200683594,85.10123443603516,191.68235778808594
297.7118835449219,85.09140014648438,191.68382263183594
297.83953857421875,85.08165740966797,191.68527221679688
297.977294921875,85.0712661743164,191.68685913085938
298.1051330566406,85.06173706054688,191.68832397460938
298.23309326171875,85.05229949951172,191.68980407714844
298.3611755371094,85.04295349121094,191.69126892089844
298.56488037109375,85.02828216552734,191.69361877441406
298.69366455078125,85.01911926269531,191.6951141357422
298.822021484375,85.01007080078125,191.6966094970703
298.95050048828125,85.0010986328125,191.69808959960938
299.0790710449219,84.99220275878906,191.6995849609375
299.20770263671875,84.9833755493164,191.70108032226562
299.3392333984375,84.97444915771484,191.70262145996094
299.4680480957031,84.96578216552734,191.70413208007812
299.59698486328125,84.95719909667969,191.70562744140625
299.72601318359375,84.94869232177734,191.70712280273438
299.8551330566406,84.94025421142578,191.7086181640625
299.9843444824219,84.93189239501953,191.7101287841797
300.1189880371094,84.92326354980469,191.71168518066406
300.2483825683594,84.9150619506836,191.71319580078125
300.37786865234375,84.90692138671875,191.7146759033203
300.5074462890625,84.89885711669922,191.71617126464844
300.6371154785156,84.890869140625,191.7176513671875
300.7668762207031,84.88294982910156,191.71913146972656
300.896728515625,84.87509155273438,191.7206268310547
301.02667236328125,84.86731719970703,191.72210693359375
301.1567077636719,84.85960388183594,191.7235870361328
301.28680419921875,84.85196685791016,191.72506713867188
301.4305419921875,84.84362030029297,191.72669982910156
301.56085205078125,84.83612060546875,191.72816467285156
301.6912536621094,84.82869720458984,191.72964477539062
301.82171630859375,84.82133483886719,191.73110961914062
301.9523010253906,84.81403350830078,191.73257446289062
302.08294677734375,84.80680847167969,191.73403930664062
302.2137145996094,84.79963684082031,191.73550415039062
302.34454345703125,84.79252624511719,191.73695373535156
302.4754943847656,84.78549194335938,191.73841857910156
302.6084899902344,84.77840423583984,191.73988342285156
302.7395935058594,84.771484375,191.74134826660156
302.87078857421875,84.7646255493164,191.74278259277344
303.0020751953125,84.75782775878906,191.74424743652344
303.1334228515625,84.75109100341797,191.7456817626953
303.264892578125,84.74441528320312,191.74713134765625
303.39642333984375,84.73780059814453,191.7485809326172
303.528076171875,84.73124694824219,191.75003051757812
303.6597900390625,84.72473907470703,191.75146484375
303.7936096191406,84.71820068359375,191.75291442871094
303.92547607421875,84.7118148803711,191.75436401367188
304.0574645996094,84.70548248291016,191.75579833984375
304.1895446777344,84.69920349121094,191.75721740722656
304.3216552734375,84.69298553466797,191.7586669921875
304.5137939453125,84.68403625488281,191.7607421875
304.6461486816406,84.67794036865234,191.76217651367188
304.778564453125,84.6718978881836,191.76361083984375
304.9111328125,84.66590881347656,191.76502990722656
305.043701171875,84.65998077392578,191.7664794921875
305.1763610839844,84.65410614013672,191.7678985595703
305.3126220703125,84.64813232421875,191.7693634033203
305.44525146484375,84.64237976074219,191.77078247070312
305.5778503417969,84.63668060302734,191.77220153808594
305.7104187011719,84.63104248046875,191.7736053466797
305.8429870605469,84.62545776367188,191.77500915527344
305.9755554199219,84.61993408203125,191.77638244628906
306.11346435546875,84.61424255371094,191.77781677246094
306.2460021972656,84.60883331298828,191.7791748046875
306.3785400390625,84.60346984863281,191.780517578125
306.5110168457031,84.59815979003906,191.7818603515625
306.65106201171875,84.59260559082031,191.78326416015625
306.7835388183594,84.58740234375,191.78460693359375
306.916015625,84.58224487304688,191.78591918945312
307.0484924316406,84.57715606689453,191.78724670410156
307.180908203125,84.57210540771484,191.78855895996094
307.3133239746094,84.5671157836914,191.78985595703125
307.44573974609375,84.56217956542969,191.79116821289062
307.57818603515625,84.55728149414062,191.79246520996094
307.7105712890625,84.55244445800781,191.7937774658203
307.84295654296875,84.54765319824219,191.79507446289062
307.9753112792969,84.54291534423828,191.79637145996094
308.115478515625,84.53795623779297,191.7977294921875
308.247802734375,84.53330993652344,191.7990264892578
308.380126953125,84.52872467041016,191.8003387451172
308.5124206542969,84.52418518066406,191.80162048339844
308.6447448730469,84.51969146728516,191.8029022216797
308.7770080566406,84.51525115966797,191.80419921875
308.9093017578125,84.51085662841797,191.80548095703125
309.04156494140625,84.50650787353516,191.80679321289062
309.1737976074219,84.50220489501953,191.80807495117188
309.3060302734375,84.4979476928711,191.80935668945312
309.4447021484375,84.4935302734375,191.81069946289062
309.576904296875,84.4893798828125,191.81199645996094
309.7090759277344,84.48526000976562,191.8132781982422
309.8412780761719,84.48119354248047,191.8145751953125
309.9734191894531,84.4771728515625,191.81585693359375
310.1055908203125,84.47319030761719,191.81712341308594
310.23773193359375,84.4692611694336,191.81842041015625
310.369873046875,84.46537780761719,191.8197021484375
310.55926513671875,84.45988464355469,191.82154846191406
310.69635009765625,84.45596313476562,191.8228759765625
310.82843017578125,84.45223999023438,191.82415771484375
310.96051025390625,84.44854736328125,191.82545471191406
311.0925598144531,84.44490814208984,191.8267364501953
311.2251281738281,84.4413070678711,191.82803344726562
311.3572998046875,84.43775177001953,191.829345703125
311.4896240234375,84.43424224853516,191.83065795898438
311.6221008300781,84.43077850341797,191.83201599121094
311.75469970703125,84.42737579345703,191.83335876464844
311.88739013671875,84.42402648925781,191.83473205566406
312.0201721191406,84.42074584960938,191.8361053466797
312.1529235839844,84.41752624511719,191.8374786376953
312.28570556640625,84.41436767578125,191.83888244628906
312.4184875488281,84.4112777709961,191.84027099609375
312.5513000488281,84.40825653076172,191.84169006347656
312.6842041015625,84.4052963256836,191.8430938720703
312.817138671875,84.40238952636719,191.84451293945312
312.95013427734375,84.39955139160156,191.84593200683594
313.08319091796875,84.39677429199219,191.8473663330078
313.21630859375,84.39405059814453,191.84878540039062
313.3495178222656,84.39139556884766,191.8502197265625
313.4941101074219,84.38858795166016,191.85179138183594
313.6274719238281,84.38606262207031,191.85324096679688
313.7608947753906,84.38359832763672,191.8546905517578
313.8944091796875,84.38121032714844,191.85617065429688
314.0301513671875,84.37883758544922,191.85765075683594
314.1637878417969,84.37657928466797,191.85914611816406
314.2975158691406,84.37438201904297,191.86062622070312
314.4312744140625,84.37224578857422,191.8621063232422
314.5746765136719,84.37004089355469,191.86370849609375
314.7085876464844,84.3680419921875,191.8651885986328
314.84259033203125,84.36611938476562,191.86669921875
314.97662353515625,84.36426544189453,191.86819458007812
315.1110534667969,84.36248016357422,191.8697052001953
315.2452392578125,84.36075592041016,191.87120056152344
315.3795166015625,84.3591079711914,191.87271118164062
315.51385498046875,84.35753631591797,191.87423706054688
315.64825439453125,84.35602569580078,191.87574768066406
315.7827453613281,84.3545913696289,191.8772735595703
315.91729736328125,84.35323333740234,191.8787841796875
316.0519104003906,84.35193634033203,191.88031005859375
316.1866149902344,84.35072326660156,191.8818359375
316.3213806152344,84.34957122802734,191.88336181640625
316.4562072753906,84.34849548339844,191.8848876953125
316.6834716796875,84.3468017578125,191.887451171875
316.8184814453125,84.34587860107422,191.88897705078125
316.9535827636719,84.34500122070312,191.89051818847656
317.0887145996094,84.34418487548828,191.8920440673828
317.22393798828125,84.34342193603516,191.89356994628906
317.3592224121094,84.34272003173828,191.8950958251953
317.4945983886719,84.34205627441406,191.89662170410156
317.6300048828125,84.34146118164062,191.89813232421875
317.7655029296875,84.34092712402344,191.899658203125
317.9010925292969,84.34043884277344,191.9011688232422
318.0367431640625,84.34000396728516,191.90267944335938
318.1745910644531,84.33963012695312,191.9042205810547
318.3104248046875,84.33930969238281,191.90573120117188
318.44622802734375,84.33905029296875,191.9072265625
318.5821838378906,84.3388442993164,191.9087371826172
318.7181701660156,84.33869171142578,191.9102325439453
318.854248046875,84.3386001586914,191.91172790527344
318.9964904785156,84.33856964111328,191.91329956054688
319.1326904296875,84.33859252929688,191.914794921875
319.2689514160156,84.33867645263672,191.91627502441406
319.4053039550781,84.33881378173828,191.9177703857422
319.5417175292969,84.33900451660156,191.9192657470703
319.6781921386719,84.33924865722656,191.9207305908203
319.81475830078125,84.33955383300781,191.92222595214844
319.9513854980469,84.33990478515625,191.9237060546875
320.0881042480469,84.34031677246094,191.92518615722656
320.2327880859375,84.3407974243164,191.92674255371094
320.36962890625,84.34130859375,191.92822265625
320.50653076171875,84.34186553955078,191.92970275878906
320.6435241699219,84.34248352050781,191.93116760253906
320.78057861328125,84.34314727783203,191.93263244628906
320.9176940917969,84.34386444091797,191.93409729003906
321.05487060546875,84.3446273803711,191.93556213378906
321.1921691894531,84.34545135498047,191.93702697753906
321.33441162109375,84.34634399414062,191.9385223388672
321.4718322753906,84.3472671508789,191.9399871826172
321.60931396484375,84.34823608398438,191.94143676757812
321.7468566894531,84.3492660522461,191.94290161132812
321.8844909667969,84.350341796875,191.94435119628906
322.02215576171875,84.35147094726562,191.94581604003906
322.159912109375,84.35265350341797,191.947265625
322.2977600097656,84.35387420654297,191.94871520996094
322.447509765625,84.35525512695312,191.95030212402344
322.5854797363281,84.35655975341797,191.95176696777344
322.7235412597656,84.35790252685547,191.95321655273438
322.9331970214844,84.35999298095703,191.9554443359375
323.0714111328125,84.36141204833984,191.9569091796875
323.209716796875,84.36284637451172,191.95835876464844
323.34808349609375,84.36431121826172,191.9598388671875
323.48651123046875,84.36579895019531,191.96128845214844
323.6250305175781,84.36731719970703,191.96273803710938
323.7636413574219,84.36886596679688,191.9641876220703
323.90228271484375,84.37042999267578,191.9656524658203
324.041015625,84.37203216552734,191.96710205078125
324.1798400878906,84.37364959716797,191.9685516357422
324.3187255859375,84.37529754638672,191.97000122070312
324.4576416015625,84.37696075439453,191.971435546875
324.60260009765625,84.37871551513672,191.9729461669922
324.7417297363281,84.38043212890625,191.97438049316406
324.8854675292969,84.38221740722656,191.9758758544922
325.02471923828125,84.38397216796875,191.97732543945312
325.16400146484375,84.38573455810547,191.978759765625
325.30340576171875,84.38751220703125,191.9801788330078
325.44476318359375,84.38934326171875,191.9816436767578
325.5843200683594,84.39115142822266,191.98309326171875
325.723876953125,84.39297485351562,191.98452758789062
325.8635559082031,84.39482116699219,191.9859619140625
326.0033264160156,84.39666748046875,191.98739624023438
326.14312744140625,84.39852142333984,191.9888153076172
326.2829895019531,84.400390625,191.99026489257812
326.4281311035156,84.40234375,191.9917449951172
326.5681457519531,84.40422821044922,191.99317932128906
326.708251953125,84.4061279296875,191.9945831298828
326.8577880859375,84.40815734863281,191.99610900878906
326.9980163574219,84.41007232666016,191.99752807617188
327.1383361816406,84.4119873046875,191.9989471435547
327.27874755859375,84.41390228271484,192.00035095214844
327.419189453125,84.41583251953125,192.00177001953125
327.55975341796875,84.41776275634766,192.003173828125
327.7003479003906,84.41968536376953,192.0045928955078
327.84100341796875,84.42162322998047,192.00601196289062
327.98175048828125,84.4235610961914,192.00741577148438
328.1225891113281,84.42548370361328,192.0088348388672
328.27032470703125,84.4275131225586,192.0103302001953
328.4112854003906,84.429443359375,192.01173400878906
328.5523376464844,84.4313735961914,192.01315307617188
328.6934509277344,84.43330383300781,192.0145721435547
328.8345947265625,84.43522644042969,192.01600646972656
328.983154296875,84.43724822998047,192.0175018310547
329.12451171875,84.43916320800781,192.0189208984375
329.3456115722656,84.44215393066406,192.02117919921875
329.4935302734375,84.44414520263672,192.02267456054688
329.6351318359375,84.44605255126953,192.0241241455078
329.77679443359375,84.44794464111328,192.0255584716797
329.9184875488281,84.44983673095703,192.02700805664062
330.060302734375,84.45171356201172,192.02845764160156
330.2021484375,84.45359802246094,192.02992248535156
330.3441162109375,84.45545959472656,192.0313720703125
330.4861145019531,84.45731353759766,192.03282165527344
330.6282043457031,84.45916748046875,192.03428649902344
330.7757568359375,84.46107482910156,192.0358123779297
330.9179992675781,84.46289825439453,192.03729248046875
331.060302734375,84.4647216796875,192.03875732421875
331.20263671875,84.4665298461914,192.04022216796875
331.3450927734375,84.46833038330078,192.04168701171875
331.48760986328125,84.47013092041016,192.04318237304688
331.6302185058594,84.4719009399414,192.04466247558594
331.79296875,84.47393035888672,192.04635620117188
331.9356994628906,84.4756851196289,192.04783630371094
332.0785217285156,84.47743225097656,192.04933166503906
332.22137451171875,84.47917175292969,192.0508270263672
332.36431884765625,84.48090362548828,192.0523223876953
332.5073547363281,84.48262023925781,192.0538330078125
332.65045166015625,84.48432159423828,192.05532836914062
332.7936096191406,84.48602294921875,192.0568389892578
332.9368591308594,84.4876937866211,192.05836486816406
333.08013916015625,84.48937225341797,192.05987548828125
333.2388916015625,84.49120330810547,192.06153869628906
333.3823547363281,84.49285125732422,192.06304931640625
333.52587890625,84.49447631835938,192.06455993652344
333.6694641113281,84.49609375,192.06607055664062
333.8131408691406,84.4977035522461,192.0675811767578
333.9568786621094,84.4992904663086,192.06910705566406
334.10064697265625,84.50086975097656,192.07061767578125
334.2445373535156,84.50243377685547,192.07212829589844
334.38848876953125,84.50399780273438,192.07363891601562
334.53411865234375,84.50555419921875,192.07518005371094
334.67822265625,84.507080078125,192.0767059326172
334.8223876953125,84.50859069824219,192.07823181152344
334.96661376953125,84.51009368896484,192.0797576904297
335.11090087890625,84.51158142089844,192.081298828125
335.2552795410156,84.51305389404297,192.0828399658203
335.416259765625,84.51468658447266,192.0845489501953
335.560791015625,84.51612854003906,192.08609008789062
335.70587158203125,84.51756286621094,192.08763122558594
335.9148864746094,84.51959991455078,192.08985900878906
336.05963134765625,84.52099609375,192.09140014648438
336.2044677734375,84.52236938476562,192.0929412841797
336.349365234375,84.52373504638672,192.094482421875
336.49432373046875,84.52507781982422,192.09600830078125
336.6393737792969,84.52640533447266,192.0975341796875
336.78448486328125,84.52771759033203,192.0990753173828
336.9296569824219,84.52901458740234,192.10060119628906
337.0795593261719,84.53032684326172,192.1021728515625
337.2364196777344,84.53169250488281,192.1038360595703
337.3818054199219,84.5329360961914,192.10536193847656
337.52728271484375,84.53416442871094,192.10690307617188
337.6728210449219,84.53536987304688,192.1084442138672
337.8184509277344,84.53656768798828,192.1099853515625
337.9641418457031,84.5377426147461,192.1115264892578
338.1098937988281,84.53890991210938,192.11306762695312
338.2557373046875,84.54004669189453,192.1146240234375
338.401611328125,84.54117584228516,192.11618041992188
338.5503845214844,84.54229736328125,192.11776733398438
338.6964111328125,84.54338836669922,192.11932373046875
338.8424987792969,84.54446411132812,192.12088012695312
338.98870849609375,84.5455093383789,192.1224365234375
339.1349182128906,84.54653930664062,192.12400817871094
339.28125,84.54756164550781,192.12557983398438
339.4276428222656,84.54855346679688,192.1271514892578
339.5803527832031,84.54957580566406,192.1287841796875
339.72686767578125,84.550537109375,192.13035583496094
339.87347412109375,84.55147552490234,192.13189697265625
340.0201416015625,84.55240631103516,192.13348388671875
340.1668701171875,84.55330657958984,192.13502502441406
340.3136901855469,84.55419921875,192.1365966796875
340.4605407714844,84.55506896972656,192.13815307617188
340.6075134277344,84.55591583251953,192.1397247314453
340.7545471191406,84.5567398071289,192.1412811279297
340.9125671386719,84.5576171875,192.14295959472656
341.05975341796875,84.55840301513672,192.14451599121094
341.20697021484375,84.55917358398438,192.1460723876953
341.3554992675781,84.55992889404297,192.1476593017578
341.50286865234375,84.56066131591797,192.1492156982422
341.6502990722656,84.56137084960938,192.15078735351562
341.7978515625,84.56206512451172,192.15235900878906
341.9454345703125,84.56273651123047,192.1539306640625
342.09307861328125,84.56339263916016,192.15550231933594
342.2408142089844,84.56402587890625,192.15707397460938
342.3885803222656,84.56462860107422,192.15863037109375
342.598388671875,84.56546783447266,192.16087341308594
342.746337890625,84.56603240966797,192.16244506835938
342.8943786621094,84.56658172607422,192.16400146484375
343.0511779785156,84.567138671875,192.16566467285156
343.1993408203125,84.56764221191406,192.16720581054688
343.3475646972656,84.56812286376953,192.1687774658203
343.4958801269531,84.56858825683594,192.1703338623047
343.6442565917969,84.56902313232422,192.17189025878906
343.792724609375,84.56945037841797,192.17344665527344
343.9412536621094,84.56985473632812,192.1750030517578
344.0898132324219,84.57022857666016,192.1765594482422
344.238525390625,84.57059478759766,192.17811584472656
344.3915710449219,84.5709457397461,192.1796875
344.5403747558594,84.5712661743164,192.18124389648438
344.6892395019531,84.57157135009766,192.1827850341797
344.83819580078125,84.57185363769531,192.184326171875
344.9872131347656,84.57211303710938,192.18588256835938
345.1362609863281,84.57234954833984,192.1874237060547
345.2854309082031,84.57257843017578,192.18896484375
345.4346618652344,84.5727767944336,192.1905059814453
345.58392333984375,84.57295989990234,192.19204711914062
345.7333068847656,84.57312774658203,192.19357299804688
345.8827209472656,84.57327270507812,192.1951141357422
346.0321960449219,84.57339477539062,192.19664001464844
346.1817626953125,84.57349395751953,192.1981964111328
346.3314208984375,84.57357788085938,192.19972229003906
346.4811096191406,84.57363891601562,192.20126342773438
346.6308898925781,84.57366943359375,192.2028045654297
346.78070068359375,84.57369232177734,192.20436096191406
346.93060302734375,84.57367706298828,192.20591735839844
347.0805969238281,84.57364654541016,192.2074737548828
347.2306213378906,84.57359313964844,192.2090301513672
347.3807678222656,84.57352447509766,192.21060180664062
347.53094482421875,84.57342529296875,192.21218872070312
347.6811828613281,84.57330322265625,192.21376037597656
347.83148193359375,84.57315826416016,192.21533203125
347.9819030761719,84.572998046875,192.2169189453125
348.1323547363281,84.57280731201172,192.218505859375
348.2828674316406,84.57259368896484,192.22007751464844
348.4334716796875,84.57235717773438,192.2216796875
348.5928039550781,84.57209014892578,192.22335815429688
348.7435607910156,84.5718002319336,192.2249755859375
348.8943786621094,84.57150268554688,192.22657775878906
349.04522705078125,84.57115936279297,192.2281951904297
349.1961669921875,84.57080841064453,192.22984313964844
349.4217224121094,84.57022857666016,192.2322998046875
349.5728454589844,84.56980895996094,192.23394775390625
349.7240295410156,84.56936645507812,192.23561096191406
349.8752746582031,84.56889343261719,192.23727416992188
350.026611328125,84.56839752197266,192.2389678955078
350.1780090332031,84.56787872314453,192.24066162109375
350.33770751953125,84.56729888916016,192.24241638183594
350.50189208984375,84.5666732788086,192.24427795410156
350.65350341796875,84.56607055664062,192.2459716796875
350.80517578125,84.56543731689453,192.2476806640625
350.9569091796875,84.56478881835938,192.2493896484375
351.1087341308594,84.56411743164062,192.25111389160156
351.2606201171875,84.56340789794922,192.25283813476562
351.4125671386719,84.56268310546875,192.25454711914062
351.5645751953125,84.56193542480469,192.2562713623047
351.723388671875,84.56112670898438,192.2581024169922
351.87554931640625,84.56033325195312,192.25982666015625
352.0278015136719,84.55950927734375,192.26158142089844
352.1800842285156,84.55865478515625,192.26333618164062
352.3324279785156,84.55780029296875,192.2650909423828
352.48486328125,84.55690002441406,192.266845703125
352.6373596191406,84.55598449707031,192.2686004638672
352.7899169921875,84.55504608154297,192.27037048339844
352.94256591796875,84.55409240722656,192.27212524414062
353.0952453613281,84.5531005859375,192.27389526367188
353.2480163574219,84.5521011352539,192.27565002441406
353.4008483886719,84.55107116699219,192.2774200439453
353.5736389160156,84.54987335205078,192.27940368652344
353.72662353515625,84.54878997802734,192.28115844726562
353.879638671875,84.54769134521484,192.2829132080078
354.03277587890625,84.54656982421875,192.28466796875
354.1859436035156,84.54541778564453,192.2864227294922
354.34014892578125,84.54424285888672,192.28817749023438
354.4934387207031,84.54304504394531,192.2899169921875
354.6468505859375,84.54182434082031,192.29165649414062
354.80029296875,84.54058837890625,192.29339599609375
354.95379638671875,84.53932189941406,192.29513549804688
355.1073913574219,84.53804016113281,192.29685974121094
355.26104736328125,84.53672790527344,192.29859924316406
355.4147644042969,84.53539276123047,192.3003387451172
355.56854248046875,84.5340347290039,192.30206298828125
355.7248840332031,84.53263854980469,192.3038330078125
355.8788146972656,84.53123474121094,192.30555725097656
356.0328063964844,84.5298080444336,192.30728149414062
356.1868591308594,84.52835845947266,192.3090057373047
356.4144592285156,84.52617645263672,192.31155395507812
356.56866455078125,84.52466583251953,192.3132781982422
356.72296142578125,84.52313995361328,192.3149871826172
356.8773193359375,84.5215835571289,192.31671142578125
357.03173828125,84.52000427246094,192.31842041015625
357.18621826171875,84.51840209960938,192.32012939453125
357.3407897949219,84.51677703857422,192.32183837890625
357.50482177734375,84.5150146484375,192.32366943359375
357.6722412109375,84.51319885253906,192.32553100585938
357.8270263671875,84.5114974975586,192.32723999023438
357.9818420410156,84.50977325439453,192.32894897460938
358.13677978515625,84.50801849365234,192.33067321777344
358.2917175292969,84.5062484741211,192.33238220214844
358.44677734375,84.50444030761719,192.33412170410156
358.6082763671875,84.5025405883789,192.33592224121094
358.763427734375,84.50068664550781,192.337646484375
358.918701171875,84.49881744384766,192.33938598632812
359.0740051269531,84.49691009521484,192.34112548828125
359.2293701171875,84.49498748779297,192.3428497314453
359.3927917480469,84.49293518066406,192.34469604492188
359.54827880859375,84.49095916748047,192.346435546875
359.7038879394531,84.48896026611328,192.34817504882812
359.8595275878906,84.4869384765625,192.34994506835938
360.02008056640625,84.48481750488281,192.3517608642578
360.1885070800781,84.48257446289062,192.35365295410156
360.3443603515625,84.48046875,192.35540771484375
360.50030517578125,84.47834014892578,192.357177734375
360.6562805175781,84.47618865966797,192.35894775390625
360.8123474121094,84.47400665283203,192.3607177734375
360.96844482421875,84.47179412841797,192.3625030517578
361.1311950683594,84.46947479248047,192.36434936523438
361.2874450683594,84.46721649169922,192.36614990234375
361.44378662109375,84.46492767333984,192.36795043945312
361.6001892089844,84.46261596679688,192.36976623535156
361.75665283203125,84.46028137207031,192.37158203125
361.9131774902344,84.45792388916016,192.37339782714844
362.06976318359375,84.45553588867188,192.375244140625
362.2264099121094,84.453125,192.3770751953125
362.3831481933594,84.45068359375,192.37890625
362.54229736328125,84.44818878173828,192.38076782226562
362.69915771484375,84.44568634033203,192.38262939453125
362.8560485839844,84.44317626953125,192.3844757080078
363.0130615234375,84.44063568115234,192.38632202148438
363.17010498046875,84.43807220458984,192.38818359375
363.3272399902344,84.43547821044922,192.39004516601562
363.5718078613281,84.431396484375,192.39295959472656
363.7290954589844,84.42874145507812,192.3948211669922
363.886474609375,84.42605590820312,192.39669799804688
364.04974365234375,84.42324829101562,192.39866638183594
364.2072448730469,84.42051696777344,192.40054321289062
364.36480712890625,84.41775512695312,192.40243530273438
364.53009033203125,84.41483306884766,192.40443420410156
364.6877746582031,84.41201782226562,192.4063262939453
364.84552001953125,84.4091796875,192.40823364257812
365.00335693359375,84.40631103515625,192.41014099121094
365.1612548828125,84.4034194946289,192.4120635986328
365.3192138671875,84.40050506591797,192.41397094726562
365.47723388671875,84.3975601196289,192.41590881347656
365.6352844238281,84.39459991455078,192.41781616210938
365.79345703125,84.3916015625,192.4197540283203
365.9516906738281,84.38858795166016,192.4216766357422
366.1099548339844,84.38555145263672,192.42361450195312
366.268310546875,84.38248443603516,192.42555236816406
366.4267272949219,84.37939453125,192.42747497558594
366.585205078125,84.37628173828125,192.42941284179688
366.7437438964844,84.37315368652344,192.43133544921875
366.90234375,84.3699951171875,192.4332733154297
367.0610046386719,84.36681365966797,192.43521118164062
367.2197570800781,84.36360931396484,192.4371337890625
367.3785705566406,84.36038208007812,192.43907165527344
367.5374450683594,84.35713958740234,192.44100952148438
367.6963806152344,84.35386657714844,192.44293212890625
367.8553771972656,84.35057830810547,192.44488525390625
368.0144348144531,84.34725952148438,192.4468231201172
368.1735534667969,84.34391784667969,192.44874572753906
368.3327941894531,84.34056091308594,192.45068359375
368.4920349121094,84.3371810913086,192.45262145996094
368.6513671875,84.33377075195312,192.45455932617188
368.8107604980469,84.3303451538086,192.4564971923828
368.9830322265625,84.32661437988281,192.45858764648438
369.142578125,84.3231430053711,192.4605255126953
369.3021545410156,84.31964111328125,192.46246337890625
369.4618225097656,84.31612396240234,192.4644012451172
369.6217041015625,84.31257629394531,192.4663543701172
369.781494140625,84.30901336669922,192.46829223632812
369.9534606933594,84.3051528930664,192.4703826904297
370.14093017578125,84.30091094970703,192.47267150878906
370.3009338378906,84.29727172851562,192.474609375
370.4610290527344,84.29360961914062,192.47657775878906
370.6234130859375,84.28987121582031,192.4785614013672
370.8489685058594,84.28465270996094,192.48130798339844
371.00927734375,84.28092193603516,192.48326110839844
371.16961669921875,84.27716827392578,192.48521423339844
371.33001708984375,84.27339172363281,192.4871826171875
371.490478515625,84.26959228515625,192.4891357421875
371.65106201171875,84.26577758789062,192.49111938476562
371.8116760253906,84.2619400024414,192.49307250976562
371.9723205566406,84.2580795288086,192.4950408935547
372.13311767578125,84.25419616699219,192.49700927734375
372.3068542480469,84.2499771118164,192.4991455078125
372.4677429199219,84.24604034423828,192.5011444091797
372.6286926269531,84.24209594726562,192.5031280517578
372.8009948730469,84.23783874511719,192.50526428222656
372.9620666503906,84.23384094238281,192.50726318359375
373.1231994628906,84.22982788085938,192.50927734375
373.284423828125,84.22578430175781,192.51129150390625
373.4456787109375,84.22172546386719,192.5133056640625
373.6070556640625,84.2176513671875,192.5153350830078
373.7684326171875,84.21354675292969,192.51736450195312
373.9299011230469,84.20942687988281,192.5194091796875
374.0914306640625,84.20528411865234,192.5214385986328
374.2530212402344,84.20112609863281,192.5234832763672
374.4146728515625,84.19694519042969,192.52552795410156
374.5763854980469,84.1927490234375,192.52757263183594
374.7381896972656,84.18852996826172,192.5296173095703
374.9023742675781,84.1842269897461,192.53170776367188
375.0643005371094,84.17996978759766,192.5337677001953
375.2262878417969,84.17568969726562,192.53582763671875
375.3883361816406,84.17140197753906,192.5378875732422
375.5504455566406,84.1670913696289,192.5399627685547
375.7126159667969,84.16277313232422,192.5420379638672
375.8748779296875,84.15843963623047,192.5441131591797
376.0433044433594,84.15392303466797,192.54629516601562
376.2056579589844,84.14955139160156,192.54840087890625
376.36810302734375,84.14517211914062,192.5504913330078
376.5306091308594,84.14079284667969,192.5526123046875
376.69317626953125,84.13638305664062,192.5547332763672
376.85577392578125,84.13197326660156,192.5568389892578
377.0184631347656,84.12754821777344,192.55897521972656
377.1812438964844,84.12312316894531,192.5610809326172
377.34405517578125,84.11868286132812,192.56321716308594
377.5069274902344,84.1142349243164,192.56533813476562
377.6698913574219,84.10978698730469,192.56747436523438
377.8328857421875,84.10533142089844,192.5696258544922
377.9959716796875,84.10086822509766,192.57177734375
378.243408203125,84.09408569335938,192.5750274658203
378.4066162109375,84.08960723876953,192.57716369628906
378.5792236328125,84.08486938476562,192.57945251464844
378.74261474609375,84.08037567138672,192.5816192626953
378.9060363769531,84.07588958740234,192.5837860107422
379.06951904296875,84.07140350341797,192.58595275878906
379.23309326171875,84.06690216064453,192.58811950683594
379.396728515625,84.0624008178711,192.59031677246094
379.57025146484375,84.05762481689453,192.59262084960938
379.7475891113281,84.05274963378906,192.594970703125
379.9114074707031,84.0482406616211,192.59715270996094
380.0753173828125,84.04373168945312,192.59934997558594
380.2392578125,84.03922271728516,192.60154724121094
380.4032897949219,84.03470611572266,192.60372924804688
380.5673522949219,84.03020477294922,192.60594177246094
380.73150634765625,84.02568817138672,192.60813903808594
380.9061584472656,84.02088928222656,192.61048889160156
381.0706481933594,84.01637268066406,192.61270141601562
381.2349853515625,84.0118637084961,192.6149139404297
381.3993835449219,84.00736236572266,192.61715698242188
381.5638732910156,84.00286102294922,192.61936950683594
381.7297058105469,83.99832916259766,192.62161254882812
381.894287109375,83.99383544921875,192.62384033203125
382.0589599609375,83.98934936523438,192.62608337402344
382.2306823730469,83.98468017578125,192.62841796875
382.3955078125,83.9802017211914,192.63064575195312
382.5603332519531,83.97572326660156,192.6328887939453
382.73162841796875,83.97108459472656,192.63522338867188
382.8966064453125,83.96662902832031,192.63746643066406
383.0616760253906,83.96217346191406,192.63970947265625
383.2267761230469,83.95773315429688,192.64195251464844
383.4107666015625,83.95278930664062,192.6444549560547
383.60455322265625,83.94759368896484,192.6470947265625
383.7699279785156,83.94317626953125,192.6493377685547
383.935302734375,83.93875885009766,192.65159606933594
384.1007385253906,83.93436431884766,192.6538543701172
384.2662658691406,83.92996215820312,192.65609741210938
384.4318542480469,83.92557525634766,192.65834045410156
384.6048278808594,83.92101287841797,192.6606903076172
384.7705383300781,83.9166488647461,192.66294860839844
384.93634033203125,83.91229248046875,192.6652069091797
385.1021423339844,83.90795135498047,192.66744995117188
385.26806640625,83.90362548828125,192.66970825195312
385.43402099609375,83.89930725097656,192.6719512939453
385.6728820800781,83.89311218261719,192.67520141601562
385.8390197753906,83.88882446289062,192.67745971679688
386.0137939453125,83.88433074951172,192.67982482910156
386.1800537109375,83.88006591796875,192.6820831298828
386.3463439941406,83.87581634521484,192.68434143066406
386.5127258300781,83.87158203125,192.6865997314453
386.6791687011719,83.86735534667969,192.6888427734375
386.8456726074219,83.86314392089844,192.69110107421875
387.01226806640625,83.85895538330078,192.69334411621094
387.18707275390625,83.85456848144531,192.69570922851562
387.3537902832031,83.85040283203125,192.69796752929688
387.5246276855469,83.84615325927734,192.7002716064453
387.6914367675781,83.84201049804688,192.7025146484375
387.8583068847656,83.83789825439453,192.70477294921875
388.0252990722656,83.83378601074219,192.70703125
388.2024230957031,83.82946014404297,192.7094268798828
388.3695373535156,83.82538604736328,192.71168518066406
388.5366516113281,83.82133483886719,192.71395874023438
388.7038879394531,83.81729888916016,192.71621704101562
388.87115478515625,83.81328582763672,192.71849060058594
389.0384826660156,83.80928039550781,192.72076416015625
389.20587158203125,83.80529022216797,192.72303771972656
389.37335205078125,83.80132293701172,192.72532653808594
389.5408935546875,83.79737091064453,192.72760009765625
389.70849609375,83.7934341430664,192.72988891601562
389.87615966796875,83.78952026367188,192.732177734375
390.0438537597656,83.7856216430664,192.73446655273438
390.2116394042969,83.78173828125,192.73675537109375
390.3794860839844,83.77787017822266,192.7390594482422
390.5473937988281,83.77401733398438,192.74134826660156
390.7232666015625,83.77000427246094,192.7437744140625
390.8913269042969,83.76618957519531,192.74607849121094
391.0594177246094,83.76239776611328,192.7484130859375
391.2275695800781,83.75861358642578,192.75071716308594
391.4008483886719,83.75474548339844,192.7531280517578
391.56915283203125,83.7509994506836,192.7554473876953
391.7375183105469,83.74727630615234,192.75779724121094
391.90594482421875,83.74356842041016,192.7601318359375
392.0789794921875,83.73977661132812,192.76255798339844
392.2475280761719,83.7361068725586,192.76490783691406
392.4161682128906,83.7324447631836,192.7672576904297
392.5848388671875,83.72881317138672,192.76963806152344
392.7535705566406,83.72518920898438,192.77200317382812
392.92236328125,83.7215805053711,192.77438354492188
393.0912170410156,83.71800231933594,192.77676391601562
393.3368835449219,83.71282196044922,192.7802276611328
393.5259704589844,83.70885467529297,192.7829132080078
393.6950988769531,83.7053451538086,192.78530883789062
393.8642578125,83.70184326171875,192.78770446777344
394.033447265625,83.69834899902344,192.7901153564453
394.2027282714844,83.69488525390625,192.7925262451172
394.3720703125,83.69143676757812,192.79493713378906
394.5414733886719,83.6880111694336,192.79734802246094
394.7109069824219,83.68460083007812,192.7997589111328
394.88043212890625,83.68120574951172,192.8021697998047
395.0525817871094,83.67778778076172,192.80462646484375
395.22222900390625,83.67443084716797,192.80703735351562
395.3919677734375,83.67110443115234,192.80946350097656
395.5617370605469,83.66778564453125,192.81187438964844
395.7315673828125,83.66448974609375,192.81430053710938
395.9014892578125,83.66121673583984,192.81671142578125
396.0714416503906,83.657958984375,192.81912231445312
396.241455078125,83.65472412109375,192.82156372070312
396.41156005859375,83.6515121459961,192.823974609375
396.5842590332031,83.64826965332031,192.82644653320312
396.7544860839844,83.64509582519531,192.82887268066406
396.9247741699219,83.64193725585938,192.831298828125
397.0950927734375,83.63880157470703,192.83372497558594
397.2655029296875,83.63568878173828,192.83616638183594
397.4359436035156,83.6325912475586,192.83859252929688
397.6130676269531,83.62939453125,192.8411102294922
397.7836608886719,83.62633514404297,192.84353637695312
397.9543151855469,83.62330627441406,192.84596252441406
398.125,83.62028503417969,192.84837341308594
398.2957763671875,83.6172866821289,192.85079956054688
398.46661376953125,83.61431121826172,192.85321044921875
398.63751220703125,83.6113510131836,192.85562133789062
398.8084716796875,83.60841369628906,192.85804748535156
398.9794921875,83.60548400878906,192.86044311523438
399.15057373046875,83.60258483886719,192.8628692626953
399.3217468261719,83.59968566894531,192.86526489257812
399.5030212402344,83.59664154052734,192.86782836914062
399.6742858886719,83.59376525878906,192.87022399902344
399.850830078125,83.59081268310547,192.87269592285156
400.022216796875,83.58795166015625,192.8751220703125
400.1936950683594,83.58509826660156,192.8775177001953
400.3652038574219,83.58224487304688,192.87991333007812
400.53680419921875,83.57938385009766,192.88230895996094
400.70843505859375,83.57653045654297,192.88470458984375
400.8853759765625,83.57360076904297,192.88719177246094
401.1357727050781,83.56945037841797,192.89068603515625
401.3076477050781,83.56660461425781,192.89308166503906
401.47955322265625,83.56376647949219,192.89547729492188
401.6519470214844,83.5609130859375,192.89788818359375
401.8240051269531,83.55807495117188,192.90028381347656
401.9961242675781,83.55523681640625,192.90267944335938
402.1683044433594,83.55239868164062,192.90509033203125
402.34051513671875,83.549560546875,192.907470703125
402.5127868652344,83.54672241210938,192.9098663330078
402.6851501464844,83.54387664794922,192.91226196289062
402.8575744628906,83.54102325439453,192.91464233398438
403.0300598144531,83.53816986083984,192.91702270507812
403.2026062011719,83.53530883789062,192.91941833496094
403.37701416015625,83.53241729736328,192.9218292236328
403.5496826171875,83.52954864501953,192.92420959472656
403.7223815917969,83.52666473388672,192.92660522460938
403.8951721191406,83.5237808227539,192.92901611328125
404.0680236816406,83.52088928222656,192.93141174316406
404.240966796875,83.51798248291016,192.93380737304688
404.4215087890625,83.51493835449219,192.93634033203125
404.59454345703125,83.51200866699219,192.93875122070312
404.77130126953125,83.50900268554688,192.94122314453125
404.9444580078125,83.50605010986328,192.9436492919922
405.11767578125,83.5030746459961,192.9460906982422
405.3039245605469,83.49987030029297,192.94869995117188
405.4772644042969,83.49686431884766,192.95115661621094
405.66375732421875,83.49362182617188,192.95379638671875
405.8372497558594,83.49058532714844,192.95626831054688
406.0107727050781,83.48753356933594,192.95872497558594
406.184326171875,83.48446655273438,192.96119689941406
406.35797119140625,83.48138427734375,192.96368408203125
406.5317077636719,83.47827911376953,192.96617126464844
406.7054748535156,83.47515869140625,192.9686737060547
406.87933349609375,83.47201538085938,192.97117614746094
407.05322265625,83.4688491821289,192.97369384765625
407.2306213378906,83.46560668945312,192.97625732421875
407.4345703125,83.46184539794922,192.97921752929688
407.608642578125,83.45861053466797,192.9817657470703
407.7828063964844,83.45536041259766,192.98431396484375
407.95703125,83.45207977294922,192.9868621826172
408.13128662109375,83.44877624511719,192.98944091796875
408.3065490722656,83.4454345703125,192.99203491210938
408.48162841796875,83.44206237792969,192.99462890625
408.6560974121094,83.43869018554688,192.99722290039062
408.8305969238281,83.4352798461914,192.99981689453125
409.10687255859375,83.42984008789062,193.00393676757812
409.28155517578125,83.4263687133789,193.00657653808594
409.4562683105469,83.42286682128906,193.00918579101562
409.63165283203125,83.41931915283203,193.01181030273438
409.8064880371094,83.41576385498047,193.0144500732422
409.98138427734375,83.41217041015625,193.01707458496094
410.1563415527344,83.40856170654297,193.01971435546875
410.3313903808594,83.4049072265625,193.0223388671875
410.5064697265625,83.40122985839844,193.0249786376953
410.68975830078125,83.3973388671875,193.0277557373047
410.8649597167969,83.39360046386719,193.0303955078125
411.04022216796875,83.38983154296875,193.0330352783203
411.2155456542969,83.38603210449219,193.03565979003906
411.39093017578125,83.38221740722656,193.03831481933594
411.5663757324219,83.37837219238281,193.0409393310547
411.7418518066406,83.37449645996094,193.0435791015625
411.91741943359375,83.37061309814453,193.04620361328125
412.0930480957031,83.36669921875,193.04884338378906
412.2687683105469,83.36276245117188,193.05148315429688
412.4444885253906,83.35881042480469,193.05410766601562
412.6202697753906,83.35482788085938,193.05673217773438
412.796142578125,83.350830078125,193.0593719482422
412.9720458984375,83.3468017578125,193.06198120117188
413.14801025390625,83.3427505493164,193.06460571289062
413.3240661621094,83.33868408203125,193.06723022460938
413.5001525878906,83.33458709716797,193.06982421875
413.6763000488281,83.33047485351562,193.07244873046875
413.85394287109375,83.32630157470703,193.0750732421875
414.0450134277344,83.32178497314453,193.077880859375
414.2213134765625,83.31759643554688,193.0804901123047
414.397705078125,83.31338500976562,193.08306884765625
414.5741882324219,83.30915832519531,193.08566284179688
414.75067138671875,83.30490112304688,193.08824157714844
414.9272766113281,83.3006362915039,193.0908203125
415.11688232421875,83.29603576660156,193.0935821533203
415.2935791015625,83.2917251586914,193.09616088867188
415.4703369140625,83.28741455078125,193.09872436523438
415.64715576171875,83.28308868408203,193.10130310058594
415.82403564453125,83.27874755859375,193.10386657714844
416.0009765625,83.2743911743164,193.10643005371094
416.177978515625,83.27003479003906,193.1090087890625
416.3550109863281,83.26565551757812,193.11155700683594
416.5321350097656,83.26126098632812,193.11412048339844
416.71197509765625,83.25679779052734,193.11672973632812
416.8891906738281,83.25238800048828,193.11929321289062
417.14398193359375,83.24603271484375,193.12298583984375
417.3213806152344,83.2416000366211,193.1255645751953
417.498779296875,83.2371597290039,193.1281280517578
417.6763000488281,83.23271179199219,193.13070678710938
417.8538513183594,83.2282485961914,193.13327026367188
418.03973388671875,83.22357940673828,193.13595581054688
418.2174377441406,83.21910858154297,193.1385498046875
418.3951721191406,83.21463775634766,193.14111328125
418.572998046875,83.21015167236328,193.14370727539062
418.7508544921875,83.20567321777344,193.14627075195312
418.92877197265625,83.20118713378906,193.14886474609375
419.10675048828125,83.19669342041016,193.15145874023438
419.2848205566406,83.19219970703125,193.154052734375
419.467041015625,83.1875991821289,193.15673828125
419.64520263671875,83.18310546875,193.1593475341797
419.823974609375,83.17859649658203,193.16197204589844
420.00225830078125,83.17410278320312,193.1645965576172
420.1805725097656,83.16960906982422,193.167236328125
420.3589782714844,83.16510772705078,193.1698760986328
420.5374450683594,83.1606216430664,193.1725311279297
420.720947265625,83.156005859375,193.1752471923828
420.8995056152344,83.15151977539062,193.1779022216797
421.0781555175781,83.14703369140625,193.1805877685547
421.25689697265625,83.1425552368164,193.18325805664062
421.4356384277344,83.13807678222656,193.18592834472656
421.61492919921875,83.13359069824219,193.1886444091797
421.7938232421875,83.12913513183594,193.1913299560547
421.9779357910156,83.12454223632812,193.19412231445312
422.1569519042969,83.1200942993164,193.19683837890625
422.3360290527344,83.11565399169922,193.19955444335938
422.5151672363281,83.11121368408203,193.2022705078125
422.6943359375,83.10678100585938,193.20498657226562
422.8822021484375,83.10215759277344,193.20785522460938
423.0615234375,83.09774780273438,193.21060180664062
423.2408752441406,83.09334564208984,193.21334838867188
423.4202880859375,83.0889663696289,193.2161102294922
423.59979248046875,83.0845947265625,193.2188720703125
423.7793273925781,83.08023071289062,193.22164916992188
423.95892333984375,83.07587432861328,193.22442626953125
424.13861083984375,83.07154083251953,193.22720336914062
424.31829833984375,83.06721496582031,193.22999572753906
424.49810791015625,83.06289672851562,193.2327880859375
424.67791748046875,83.05859375,193.23556518554688
424.86126708984375,83.0542221069336,193.23841857910156
425.04119873046875,83.04994201660156,193.2412109375
425.3180847167969,83.04339599609375,193.24551391601562
425.4981689453125,83.03915405273438,193.2483367919922
425.6783447265625,83.0349349975586,193.25112915039062
425.8585510253906,83.03071594238281,193.25393676757812
426.04864501953125,83.02629852294922,193.25689697265625
426.2289733886719,83.02212524414062,193.25970458984375
426.40936279296875,83.01795959472656,193.26251220703125
426.58984375,83.0138168334961,193.26531982421875
426.7703552246094,83.00968170166016,193.2681121826172
426.9636535644531,83.00528717041016,193.2711181640625
427.144287109375,83.00119018554688,193.27392578125
427.32501220703125,82.99710845947266,193.27674865722656
427.5057678222656,82.99304962158203,193.27955627441406
427.69769287109375,82.98876190185547,193.28253173828125
427.8785705566406,82.9847412109375,193.2853546142578
428.05950927734375,82.98072814941406,193.2881622314453
428.240478515625,82.97673034667969,193.29098510742188
428.4215393066406,82.97274017333984,193.2937774658203
428.6026306152344,82.96875762939453,193.2965850830078
428.7838134765625,82.96477508544922,193.29940795898438
428.9713134765625,82.96067810058594,193.30230712890625
429.1843566894531,82.9560317993164,193.30560302734375
429.36572265625,82.95207977294922,193.30841064453125
429.5471496582031,82.9481430053711,193.31121826171875
429.7286071777344,82.94419860839844,193.31402587890625
429.9101257324219,82.94027709960938,193.3168487548828
430.09173583984375,82.93636322021484,193.3196563720703
430.2806396484375,82.93228912353516,193.3225860595703
430.46234130859375,82.92837524414062,193.3253936767578
430.64410400390625,82.92447662353516,193.32821655273438
430.8258972167969,82.92057037353516,193.33102416992188
431.0078125,82.91667938232422,193.33384704589844
431.1897277832031,82.91278076171875,193.336669921875
431.3717346191406,82.90889739990234,193.33949279785156
431.5538024902344,82.9050064086914,193.34231567382812
431.7437744140625,82.90095520019531,193.34527587890625
431.9259338378906,82.89707946777344,193.3480987548828
432.1081848144531,82.89319610595703,193.3509521484375
432.29046630859375,82.88931274414062,193.35377502441406
432.48333740234375,82.88520812988281,193.3567657470703
432.6657409667969,82.88133239746094,193.35960388183594
432.8482360839844,82.87744903564453,193.36244201660156
433.0307312011719,82.87357330322266,193.36529541015625
433.21331787109375,82.86968994140625,193.36813354492188
433.4045104980469,82.8656234741211,193.37112426757812
433.7135009765625,82.85903930664062,193.37596130371094
433.8989562988281,82.85509490966797,193.3788604736328
434.0818176269531,82.8511962890625,193.38172912597656
434.26470947265625,82.8472900390625,193.38458251953125
434.44769287109375,82.8433837890625,193.38746643066406
434.6307067871094,82.83946228027344,193.39035034179688
434.81378173828125,82.83553314208984,193.39321899414062
434.9982604980469,82.83158111572266,193.3961181640625
435.1814270019531,82.82764434814453,193.39901733398438
435.36468505859375,82.82368469238281,193.4019012451172
435.5480041503906,82.81974029541016,193.40478515625
435.7313537597656,82.8157730102539,193.40768432617188
435.9147644042969,82.8117904663086,193.41055297851562
436.1000061035156,82.8077621459961,193.41348266601562
436.2835388183594,82.80377197265625,193.4163818359375
436.4672546386719,82.79975891113281,193.41929626464844
436.6508483886719,82.79573822021484,193.42218017578125
436.8345642089844,82.79170227050781,193.4250946044922
437.018310546875,82.78765869140625,193.42800903320312
437.2021484375,82.78359985351562,193.43092346191406
437.3967590332031,82.77928924560547,193.4340057373047
437.5806579589844,82.77519226074219,193.4369354248047
437.7646179199219,82.77108764648438,193.4398651123047
437.94866943359375,82.76698303222656,193.44277954101562
438.13275146484375,82.76285552978516,193.4457244873047
438.31689453125,82.75872802734375,193.44863891601562
438.5086364746094,82.75440979003906,193.4517059326172
438.6929016113281,82.75025939941406,193.4546356201172
438.8772277832031,82.74608612060547,193.4575653076172
439.06158447265625,82.7419204711914,193.4604949951172
439.2460021972656,82.73773956298828,193.46343994140625
439.43048095703125,82.73353576660156,193.46636962890625
439.6150207519531,82.72933959960938,193.4693145751953
439.7995910644531,82.7251205444336,193.47227478027344
439.9842529296875,82.72089385986328,193.47520446777344
440.1689147949219,82.71665954589844,193.4781494140625
440.3555603027344,82.71236419677734,193.4811248779297
440.5554504394531,82.70775604248047,193.48431396484375
440.74029541015625,82.70348358154297,193.48728942871094
440.9252014160156,82.6991958618164,193.490234375
441.11016845703125,82.69490814208984,193.4932098388672
441.29522705078125,82.69060516357422,193.4961700439453
441.4803161621094,82.686279296875,193.49911499023438
441.6654357910156,82.68195343017578,193.5020751953125
441.85064697265625,82.6776123046875,193.5050506591797
442.1226806640625,82.67121887207031,193.50936889648438
442.3079833984375,82.66685485839844,193.51231384277344
442.4933776855469,82.6624755859375,193.51527404785156
442.6788024902344,82.65808868408203,193.51820373535156
442.8642883300781,82.65369415283203,193.5211639404297
443.0497741699219,82.64928436279297,193.52410888671875
443.2353210449219,82.6448745727539,193.52703857421875
443.4208679199219,82.64044952392578,193.5299835205078
443.6064453125,82.63601684570312,193.5329132080078
443.79205322265625,82.6315689086914,193.53585815429688
443.979736328125,82.6270751953125,193.538818359375
444.1653747558594,82.62261199951172,193.541748046875
444.3509216308594,82.61815643310547,193.54466247558594
444.54022216796875,82.61359405517578,193.54762268066406
444.72576904296875,82.60911560058594,193.550537109375
444.9112854003906,82.60462951660156,193.5534210205078
445.0968017578125,82.60014343261719,193.55628967285156
445.2822265625,82.59565734863281,193.5591583251953
445.4676208496094,82.59115600585938,193.56201171875
445.6529846191406,82.5866470336914,193.56483459472656
445.84954833984375,82.58187103271484,193.56785583496094
446.0348205566406,82.57735443115234,193.57066345214844
446.2200012207031,82.57283782958984,193.57347106933594
446.423095703125,82.56787872314453,193.57655334472656
446.6231994628906,82.56298828125,193.57955932617188
446.8081970214844,82.5584716796875,193.58233642578125
446.9931335449219,82.55393981933594,193.58509826660156
447.1780090332031,82.54940795898438,193.58787536621094
447.36279296875,82.54487609863281,193.59063720703125
447.5474853515625,82.54035186767578,193.5933837890625
447.7320861816406,82.53581237792969,193.59613037109375
447.9165954589844,82.53128814697266,193.59886169433594
448.1009826660156,82.5267562866211,193.60159301757812
448.2852478027344,82.52222442626953,193.60430908203125
448.4693908691406,82.5177001953125,193.60702514648438
448.6534423828125,82.51316833496094,193.6097412109375
448.83892822265625,82.50859832763672,193.6124725341797
449.0227355957031,82.50407409667969,193.61517333984375
449.2063903808594,82.49954986572266,193.6178741455078
449.3899841308594,82.49502563476562,193.6205596923828
449.5733642578125,82.49050903320312,193.6232452392578
449.75665283203125,82.48599243164062,193.6259307861328
449.9398498535156,82.48147583007812,193.62860107421875
450.12286376953125,82.47696685791016,193.63128662109375
450.3057861328125,82.47245788574219,193.6339569091797
450.5833435058594,82.46562194824219,193.6380157470703
450.76593017578125,82.46112060546875,193.64068603515625
450.9483947753906,82.45662689208984,193.6433563232422
451.1414489746094,82.45187377929688,193.64617919921875
451.3236389160156,82.44738006591797,193.6488494873047
451.5057067871094,82.44288635253906,193.65151977539062
451.6875915527344,82.43840026855469,193.65419006347656
451.8693542480469,82.43391418457031,193.65687561035156
452.05096435546875,82.42942810058594,193.6595458984375
452.23248291015625,82.42494201660156,193.66221618652344
452.413818359375,82.42045593261719,193.66490173339844
452.5950622558594,82.41596984863281,193.66758728027344
452.7787780761719,82.41142272949219,193.67031860351562
452.959716796875,82.40692901611328,193.67298889160156
453.1405334472656,82.40243530273438,193.67568969726562
453.32122802734375,82.39793395996094,193.67837524414062
453.5017395019531,82.39344024658203,193.6810760498047
453.6821594238281,82.38894653320312,193.6837921142578
453.8624267578125,82.38444519042969,193.68650817871094
454.0425720214844,82.37994384765625,193.6892547607422
454.2225341796875,82.37543487548828,193.69200134277344
454.40240478515625,82.37094116210938,193.69476318359375
454.5821228027344,82.3664321899414,193.69754028320312
454.76171875,82.36192321777344,193.70033264160156
454.9411315917969,82.357421875,193.70315551757812
455.1204528808594,82.3529052734375,193.70599365234375
455.2995910644531,82.34840393066406,193.70884704589844
455.4786071777344,82.34387969970703,193.71170043945312
455.6575012207031,82.33937072753906,193.71458435058594
455.8362121582031,82.33484649658203,193.71749877929688
456.0152587890625,82.33030700683594,193.72042846679688
456.1937255859375,82.32579040527344,193.72335815429688
456.37200927734375,82.32125091552734,193.726318359375
456.5501708984375,82.31671905517578,193.72927856445312
456.72821044921875,82.31218719482422,193.73226928710938
456.9060974121094,82.3076400756836,193.7352752685547
457.08380126953125,82.30309295654297,193.73828125
457.2613830566406,82.29854583740234,193.74131774902344
457.4388122558594,82.29399108886719,193.74435424804688
457.6172180175781,82.28939819335938,193.74742126464844
457.7943115234375,82.28483581542969,193.75047302246094
457.97125244140625,82.28026580810547,193.7535400390625
458.1480407714844,82.27569580078125,193.756591796875
458.32464599609375,82.2711181640625,193.75967407226562
458.5010986328125,82.26653289794922,193.76275634765625
458.76434326171875,82.25967407226562,193.76734924316406
458.9403991699219,82.25508117675781,193.7704315185547
459.12353515625,82.25028991699219,193.77365112304688
459.29925537109375,82.24567413330078,193.7767333984375
459.4748229980469,82.24105834960938,193.77980041503906
459.6619567871094,82.23612213134766,193.78309631347656
459.837158203125,82.23149108886719,193.78616333007812
460.0252990722656,82.22650146484375,193.78945922851562
460.2001953125,82.22185516357422,193.7925262451172
460.3749084472656,82.21720123291016,193.7955780029297
460.5494384765625,82.2125473022461,193.7986297607422
460.72381591796875,82.20787811279297,193.80166625976562
460.8980407714844,82.20319366455078,193.80471801757812
461.07220458984375,82.1985092163086,193.80775451660156
461.24609375,82.19380950927734,193.81077575683594
461.4197998046875,82.1891098022461,193.8137969970703
461.5956115722656,82.18434143066406,193.81686401367188
461.7690124511719,82.17961883544922,193.81988525390625
461.9422302246094,82.17488861083984,193.82289123535156
462.1153259277344,82.17015075683594,193.82589721679688
462.2882080078125,82.16539764404297,193.82888793945312
462.4609680175781,82.16062927246094,193.83187866210938
462.6335754394531,82.15585327148438,193.8348846435547
462.80596923828125,82.15106964111328,193.83786010742188
462.97821044921875,82.14627075195312,193.84085083007812
463.1502990722656,82.1414566040039,193.84381103515625
463.322265625,82.13664245605469,193.84678649902344
463.4939880371094,82.13180541992188,193.84974670410156
463.66558837890625,82.12696075439453,193.8527069091797
463.8370666503906,82.1220932006836,193.8556671142578
464.0083312988281,82.11722564697266,193.8585968017578
464.1794128417969,82.11233520507812,193.86154174804688
464.3503723144531,82.10743713378906,193.86448669433594
464.5211486816406,82.10253143310547,193.86741638183594
464.6976623535156,82.09742736816406,193.87046813964844
464.8681335449219,82.09248352050781,193.87339782714844
465.0384216308594,82.08753967285156,193.87632751464844
465.2085266113281,82.08256530761719,193.87925720214844
465.3785095214844,82.07758331298828,193.88218688964844
465.5483093261719,82.07258605957031,193.8851318359375
465.7247314453125,82.06737518310547,193.88818359375
465.89422607421875,82.06234741210938,193.89111328125
466.0635070800781,82.05731201171875,193.89404296875
466.2326354980469,82.05225372314453,193.89698791503906
466.401611328125,82.04718780517578,193.89991760253906
466.65411376953125,82.0395736694336,193.90431213378906
466.82269287109375,82.03446197509766,193.90725708007812
466.9910888671875,82.02934265136719,193.91021728515625
467.1593322753906,82.02420043945312,193.91314697265625
467.3273620605469,82.01905059814453,193.9160919189453
467.49530029296875,82.01387786865234,193.9190216064453
467.6630554199219,82.0086898803711,193.92196655273438
467.8305969238281,82.00347900390625,193.92489624023438
467.9980163574219,81.9982681274414,193.92784118652344
468.1652526855469,81.99302673339844,193.93080139160156
468.3323669433594,81.9877700805664,193.93374633789062
468.5046691894531,81.98233795166016,193.93679809570312
468.67144775390625,81.97705841064453,193.9397430419922
468.8379821777344,81.97175598144531,193.9427032470703
469.00439453125,81.96644592285156,193.94566345214844
469.17059326171875,81.96112060546875,193.9486083984375
469.3366394042969,81.95577239990234,193.9515838623047
469.5024719238281,81.9504165649414,193.95452880859375
469.6681213378906,81.9450454711914,193.95750427246094
469.8335876464844,81.93965148925781,193.96046447753906
469.99884033203125,81.93425750732422,193.96340942382812
470.1639099121094,81.92884063720703,193.96636962890625
470.3287353515625,81.92341613769531,193.9693145751953
470.4933776855469,81.91796875,193.97225952148438
470.6577453613281,81.91250610351562,193.97520446777344
470.8219299316406,81.90702819824219,193.97813415527344
470.98590087890625,81.90154266357422,193.98109436035156
471.1496276855469,81.89604949951172,193.98403930664062
471.3131408691406,81.89053344726562,193.98696899414062
471.47637939453125,81.885009765625,193.9899139404297
471.639404296875,81.87946319580078,193.9928436279297
471.8065185546875,81.87376403808594,193.99586486816406
471.9690856933594,81.86819458007812,193.99880981445312
472.1313781738281,81.86261749267578,194.00173950195312
472.2934875488281,81.85702514648438,194.0046844482422
472.455322265625,81.8514175415039,194.00762939453125
472.6169128417969,81.84580993652344,194.01055908203125
472.7782287597656,81.84017181396484,194.0135040283203
472.95050048828125,81.83413696289062,194.0166473388672
473.1113586425781,81.82848358154297,194.0195770263672
473.2719421386719,81.82282257080078,194.02252197265625
473.4322814941406,81.817138671875,194.02545166015625
473.5923767089844,81.81144714355469,194.0283966064453
473.752197265625,81.80574035644531,194.03134155273438
473.91168212890625,81.80003356933594,194.03427124023438
474.1534423828125,81.79133605957031,194.03875732421875
474.3218688964844,81.7852554321289,194.0418701171875
474.4803466796875,81.7795181274414,194.04481506347656
474.63848876953125,81.77375793457031,194.0477752685547
474.7963562011719,81.76799774169922,194.05072021484375
474.95391845703125,81.7622299194336,194.05368041992188
475.11114501953125,81.75645446777344,194.05662536621094
475.2680358886719,81.75067901611328,194.05958557128906
475.4246520996094,81.74488830566406,194.0625457763672
475.5809326171875,81.73908996582031,194.06549072265625
475.73687744140625,81.73328399658203,194.06846618652344
475.9166259765625,81.7265625,194.07186889648438
476.0718688964844,81.72074890136719,194.07484436035156
476.226806640625,81.71491241455078,194.0778045654297
476.3813781738281,81.70907592773438,194.08078002929688
476.53564453125,81.70323944091797,194.08375549316406
476.6895446777344,81.6973876953125,194.08673095703125
476.8497009277344,81.6912841796875,194.08984375
477.0290832519531,81.6844253540039,194.09335327148438
477.1818542480469,81.67855072021484,194.09634399414062
477.3343200683594,81.67268371582031,194.09934997558594
477.48638916015625,81.66680908203125,194.10235595703125
477.63812255859375,81.66093444824219,194.10536193847656
477.78948974609375,81.65504455566406,194.10836791992188
477.9496765136719,81.64879608154297,194.11158752441406
478.1003112792969,81.64289855957031,194.11460876464844
478.25115966796875,81.63697814941406,194.11766052246094
478.4010314941406,81.6310806274414,194.1206817626953
478.550537109375,81.62517547607422,194.12371826171875
478.6996765136719,81.6192626953125,194.1267547607422
478.84844970703125,81.61335754394531,194.12979125976562
478.996826171875,81.60743713378906,194.13282775878906
479.1448669433594,81.60150909423828,194.1358642578125
479.2951965332031,81.5954818725586,194.1389617919922
479.4424743652344,81.58954620361328,194.1420135498047
479.58935546875,81.5836181640625,194.14505004882812
479.73590087890625,81.57767486572266,194.14810180664062
479.8820495605469,81.57173919677734,194.15115356445312
480.02783203125,81.56578826904297,194.15420532226562
480.1732177734375,81.55984497070312,194.15724182128906
480.31829833984375,81.55389404296875,194.16029357910156
480.4674987792969,81.54776000976562,194.16342163085938
480.61175537109375,81.54180908203125,194.16648864746094
480.7664794921875,81.53541564941406,194.16973876953125
480.9706115722656,81.5269546508789,194.17405700683594
481.11566162109375,81.52092742919922,194.1771240234375
481.25830078125,81.51497650146484,194.1801300048828
481.4005432128906,81.50902557373047,194.18313598632812
481.54241943359375,81.50308990478516,194.18614196777344
481.6839294433594,81.49714660644531,194.1891326904297
481.8251037597656,81.49120330810547,194.19212341308594
481.96588134765625,81.48526763916016,194.19509887695312
482.1062927246094,81.47933197021484,194.1980438232422
482.2463073730469,81.47339630126953,194.2010040283203
482.38824462890625,81.46736907958984,194.20399475097656
482.52752685546875,81.46144104003906,194.2069091796875
482.66644287109375,81.45551300048828,194.2098388671875
482.80499267578125,81.4495849609375,194.21275329589844
482.9432067871094,81.44366455078125,194.21563720703125
483.08099365234375,81.437744140625,194.21852111816406
483.21844482421875,81.43183135986328,194.22137451171875
483.3554992675781,81.42591857910156,194.22422790527344
483.4922180175781,81.42000579833984,194.22706604003906
483.630615234375,81.41400909423828,194.22991943359375
483.7666015625,81.40809631347656,194.23272705078125
483.9021911621094,81.40219116210938,194.2355194091797
484.03741455078125,81.39628601074219,194.23828125
484.1800842285156,81.39004516601562,194.2412109375
484.3145751953125,81.3841323852539,194.24395751953125
484.4486999511719,81.37822723388672,194.2467041015625
484.58245849609375,81.37232208251953,194.24942016601562
484.7158508300781,81.36641693115234,194.25213623046875
484.84893798828125,81.36051940917969,194.2548370361328
484.98162841796875,81.3546142578125,194.2575225830078
485.11395263671875,81.34871673583984,194.26019287109375
485.2459411621094,81.34281921386719,194.26287841796875
485.3775634765625,81.3369140625,194.26551818847656
485.5087890625,81.33102416992188,194.26815795898438
485.63970947265625,81.32513427734375,194.2707977294922
485.7859802246094,81.31853485107422,194.2737274169922
485.9161071777344,81.3126449584961,194.27633666992188
486.04595947265625,81.3067626953125,194.2789306640625
486.1753845214844,81.3008804321289,194.28150939941406
486.304443359375,81.29500579833984,194.28408813476562
486.43316650390625,81.28911590576172,194.28665161132812
486.5615539550781,81.28324127197266,194.28921508789062
486.6895446777344,81.27735900878906,194.291748046875
486.81719970703125,81.27149200439453,194.29429626464844
486.9467468261719,81.26551055908203,194.29689025878906
487.1226806640625,81.25736999511719,194.30038452148438
487.2491455078125,81.25149536132812,194.3029022216797
487.375244140625,81.2456283569336,194.305419921875
487.5009765625,81.23976135253906,194.3079071044922
487.6263732910156,81.23390197753906,194.3104248046875
487.75140380859375,81.22805786132812,194.3129119873047
487.8760986328125,81.22220611572266,194.31539916992188
488.00042724609375,81.21636962890625,194.31787109375
488.12445068359375,81.21053314208984,194.32034301757812
488.2480773925781,81.20470428466797,194.3227996826172
488.3719177246094,81.1988525390625,194.3252716064453
488.4949035644531,81.19303131103516,194.32772827148438
488.6175231933594,81.18721771240234,194.33016967773438
488.7398376464844,81.18140411376953,194.33262634277344
488.8618469238281,81.17560577392578,194.3350830078125
488.9835510253906,81.1697998046875,194.3375244140625
489.10491943359375,81.16400146484375,194.3399658203125
489.2260437011719,81.158203125,194.34242248535156
489.3468933105469,81.15241241455078,194.34486389160156
489.4674987792969,81.14662170410156,194.34730529785156
489.5878601074219,81.14083099365234,194.34974670410156
489.70794677734375,81.13504028320312,194.35218811035156
489.8278503417969,81.12925720214844,194.35464477539062
489.947509765625,81.12347412109375,194.35708618164062
490.0669250488281,81.11769104003906,194.35952758789062
490.1861267089844,81.1119155883789,194.36196899414062
490.3050842285156,81.10614776611328,194.36439514160156
490.4238586425781,81.10037994384766,194.3668212890625
490.5423889160156,81.09461975097656,194.36924743652344
490.6607360839844,81.08885955810547,194.3716583251953
490.7789001464844,81.08309936523438,194.37408447265625
490.8987121582031,81.07726287841797,194.37652587890625
491.0164794921875,81.0715103149414,194.37892150878906
491.1340637207031,81.06576538085938,194.3813018798828
491.2514343261719,81.06002044677734,194.38369750976562
491.36871337890625,81.05428314208984,194.38604736328125
491.48577880859375,81.04854583740234,194.38841247558594
491.6026916503906,81.04280853271484,194.39076232910156
491.7194519042969,81.03707122802734,194.3931121826172
491.8360595703125,81.03134155273438,194.39544677734375
491.9537048339844,81.02555847167969,194.3977813720703
492.0700378417969,81.01984405517578,194.4001007080078
492.1916809082031,81.01386260986328,194.4025115966797
492.3077697753906,81.0081558227539,194.40480041503906
492.42376708984375,81.00245666503906,194.4071044921875
492.5968017578125,80.99394989013672,194.41049194335938
492.7125244140625,80.9882583618164,194.4127655029297
492.8310241699219,80.98243713378906,194.4150848388672
492.94659423828125,80.97676086425781,194.41732788085938
493.0621337890625,80.97108459472656,194.4195556640625
493.1775817871094,80.96540832519531,194.4217987060547
493.29296875,80.95973205566406,194.4240264892578
493.4083557128906,80.95406341552734,194.42623901367188
493.523681640625,80.94839477539062,194.428466796875
493.6426696777344,80.94254302978516,194.43075561523438
493.7579040527344,80.93688201904297,194.43295288085938
493.8731689453125,80.93122100830078,194.43516540527344
493.98834228515625,80.92557525634766,194.43736267089844
494.103515625,80.91993713378906,194.4395751953125
494.2186279296875,80.914306640625,194.44175720214844
494.3388366699219,80.90843200683594,194.44406127929688
494.45391845703125,80.90281677246094,194.4462432861328
494.56890869140625,80.89720916748047,194.4484405517578
494.68389892578125,80.89160919189453,194.45062255859375
494.7988586425781,80.88601684570312,194.45278930664062
494.9137878417969,80.88043212890625,194.45497131347656
495.0286865234375,80.87484741210938,194.45713806152344
495.1435241699219,80.86927795410156,194.4593048095703
495.25836181640625,80.86370849609375,194.4614715576172
495.3731384277344,80.85814666748047,194.463623046875
495.4878845214844,80.85259246826172,194.46580505371094
495.6026306152344,80.8470458984375,194.4679718017578
495.7173156738281,80.8415298461914,194.4701690673828
495.8320007324219,80.83602905273438,194.4723663330078
495.94659423828125,80.83055877685547,194.4745635986328
496.06121826171875,80.82512664794922,194.47677612304688
496.17578125,80.81974029541016,194.47900390625
496.290283203125,80.81439971923828,194.48123168945312
496.40478515625,80.80911254882812,194.48345947265625
496.5192565917969,80.80388641357422,194.48570251464844
496.6336975097656,80.7987289428711,194.48794555664062
496.7480773925781,80.79362487792969,194.49020385742188
496.8624572753906,80.78858947753906,194.4924774169922
496.976806640625,80.78361511230469,194.4947509765625
497.0910949707031,80.77871704101562,194.49705505371094
497.2089538574219,80.77373504638672,194.49945068359375
497.33270263671875,80.76859283447266,194.50198364257812
497.4468688964844,80.76392364501953,194.5043487548828
497.56103515625,80.75933074951172,194.50674438476562
497.6751708984375,80.75482177734375,194.5091552734375
497.8422546386719,80.74835205078125,194.5127410888672
497.9563293457031,80.74405670166016,194.5152587890625
498.0703125,80.73983764648438,194.5177764892578
498.1842956542969,80.73571014404297,194.52035522460938
498.2982482910156,80.73167419433594,194.52294921875
498.4121398925781,80.72772979736328,194.5255889892578
498.5260314941406,80.72388458251953,194.52825927734375
498.6398620605469,80.72013092041016,194.53094482421875
498.7536926269531,80.71647644042969,194.53367614746094
498.867431640625,80.7129135131836,194.53643798828125
498.9811706542969,80.70945739746094,194.53921508789062
499.09490966796875,80.70612335205078,194.5420379638672
499.20855712890625,80.70287322998047,194.5448760986328
499.32220458984375,80.69975280761719,194.5477294921875
499.4358215332031,80.69673156738281,194.55062866210938
499.54937744140625,80.6938247680664,194.5535430908203
499.66290283203125,80.6910400390625,194.5564727783203
499.7763977050781,80.68836212158203,194.55941772460938
499.889892578125,80.6858139038086,194.5623779296875
500.0033264160156,80.68338012695312,194.5653533935547
500.11669921875,80.68106079101562,194.56834411621094
500.23004150390625,80.67886352539062,194.5713348388672
500.3433532714844,80.67679595947266,194.5743408203125
500.4566650390625,80.67485046386719,194.57736206054688
500.56988525390625,80.67301177978516,194.58038330078125
500.68310546875,80.67131805419922,194.58338928222656
500.8116455078125,80.6695327758789,194.58682250976562
500.9247741699219,80.66809844970703,194.58984375
501.037841796875,80.66677856445312,194.59286499023438
501.1509094238281,80.66558837890625,194.5958709716797
501.2639465332031,80.6645278930664,194.598876953125
501.376953125,80.66358947753906,194.6018829345703
501.4898681640625,80.66277313232422,194.60487365722656
501.6028137207031,80.66209411621094,194.6078338623047
501.7156982421875,80.66153717041016,194.61082458496094
501.8311767578125,80.66110229492188,194.6138458251953
501.9439697265625,80.66080474853516,194.61680603027344
502.0567321777344,80.66064453125,194.6197509765625
502.1694641113281,80.66060638427734,194.62266540527344
502.2821350097656,80.66070556640625,194.6255645751953
502.394775390625,80.66094207763672,194.6284637451172
502.50738525390625,80.66131591796875,194.63136291503906
502.6199645996094,80.66181945800781,194.63424682617188
502.7325134277344,80.66246795654297,194.63711547851562
502.8450012207031,80.66323852539062,194.63999938964844
503.01019287109375,80.66462707519531,194.64418029785156
503.12255859375,80.6657485961914,194.64703369140625
503.23492431640625,80.6670150756836,194.6498565673828
503.34722900390625,80.66840362548828,194.6526641845703
503.4595031738281,80.66995239257812,194.65548706054688
503.57769775390625,80.67173767089844,194.65841674804688
503.6902770996094,80.67357635498047,194.6612091064453
503.80242919921875,80.67555236816406,194.6639862060547
503.91455078125,80.67768096923828,194.66676330566406
504.0265808105469,80.67996215820312,194.66952514648438
504.1385803222656,80.68238830566406,194.6722869873047
504.2558288574219,80.68508911132812,194.6751708984375
504.3677673339844,80.68781280517578,194.67791748046875
504.4796447753906,80.69068145751953,194.68063354492188
504.5915222167969,80.69371032714844,194.68336486816406
504.70330810546875,80.69688415527344,194.68609619140625
504.8150634765625,80.70022583007812,194.68882751464844
504.9267883300781,80.7037124633789,194.69155883789062
505.0384521484375,80.70734405517578,194.69427490234375
505.15008544921875,80.71112823486328,194.6969757080078
505.2650146484375,80.7151870727539,194.6997833251953
505.3765869140625,80.71928405761719,194.70248413085938
505.4880676269531,80.72354125976562,194.7052001953125
505.5995178222656,80.72795867919922,194.7079315185547
505.7109069824219,80.7325210571289,194.7106475830078
505.8222961425781,80.73723602294922,194.71336364746094
505.9335632324219,80.74211120605469,194.71604919433594
506.0448303222656,80.74714660644531,194.71876525878906
506.1560974121094,80.75232696533203,194.7214813232422
506.2701110839844,80.7578125,194.72427368164062
506.39056396484375,80.76378631591797,194.72723388671875
506.5016174316406,80.76946258544922,194.72994995117188
506.6126403808594,80.77529907226562,194.732666015625
506.7236328125,80.78128051757812,194.7353973388672
506.83453369140625,80.78742218017578,194.73812866210938
506.9454345703125,80.7937240600586,194.74085998535156
507.0562744140625,80.80017852783203,194.74359130859375
507.16705322265625,80.80679321289062,194.74636840820312
507.27777099609375,80.81356048583984,194.74911499023438
507.3884582519531,80.82048797607422,194.7518768310547
507.4991149902344,80.82757568359375,194.75465393066406
507.60968017578125,80.83480834960938,194.75741577148438
507.72021484375,80.84220123291016,194.76019287109375
507.8353271484375,80.85006713867188,194.7631072998047
507.94573974609375,80.85778045654297,194.76588439941406
508.1163330078125,80.87000274658203,194.7702178955078
508.22662353515625,80.87810516357422,194.7730255126953
508.3368835449219,80.88636779785156,194.7758331298828
508.4471740722656,80.89479064941406,194.7786407470703
508.55731201171875,80.90335845947266,194.78147888183594
508.66741943359375,80.9120864868164,194.7843017578125
508.7774353027344,80.92095947265625,194.78712463378906
508.887451171875,80.92998504638672,194.7899627685547
508.9974060058594,80.93917083740234,194.7928009033203
509.1072998046875,80.9485092163086,194.79563903808594
509.21710205078125,80.9579849243164,194.79847717285156
509.326904296875,80.96763610839844,194.8013458251953
509.44384765625,80.97807312011719,194.80438232421875
509.5535583496094,80.98802947998047,194.8072509765625
509.66314697265625,80.99813079833984,194.81011962890625
509.7727355957031,81.0083999633789,194.81300354003906
509.8822326660156,81.01880645751953,194.81588745117188
509.99169921875,81.02935791015625,194.81875610351562
510.10113525390625,81.04006958007812,194.82164001464844
510.2104797363281,81.05091857910156,194.82452392578125
510.31976318359375,81.06193542480469,194.82742309570312
510.43084716796875,81.07328033447266,194.83035278320312
510.5400390625,81.0845947265625,194.833251953125
510.649169921875,81.09606170654297,194.8361358642578
510.7582702636719,81.107666015625,194.8390350341797
510.8673095703125,81.11941528320312,194.84194946289062
510.9762878417969,81.1313247680664,194.84486389160156
511.085205078125,81.14337921142578,194.84776306152344
511.1940612792969,81.15558624267578,194.8506622314453
511.3028564453125,81.16793823242188,194.8535614013672
511.413330078125,81.18064880371094,194.85650634765625
511.5220031738281,81.19332122802734,194.85939025878906
511.6306457519531,81.2061538696289,194.86228942871094
511.7392272949219,81.21913146972656,194.86517333984375
511.8477478027344,81.23226928710938,194.86807250976562
511.9562072753906,81.24555206298828,194.8709716796875
512.0646362304688,81.25899505615234,194.8738555908203
512.1729736328125,81.27259826660156,194.8767547607422
512.28125,81.28634643554688,194.87965393066406
512.3895263671875,81.30024719238281,194.88253784179688
512.4976196289062,81.31430053710938,194.8854217529297
512.6057739257812,81.32849884033203,194.8883056640625
512.7138671875,81.34286499023438,194.8911895751953
512.82177734375,81.35738372802734,194.8940887451172
512.9297485351562,81.3720474243164,194.89697265625
513.0885009765625,81.3939208984375,194.9012451171875
513.1962890625,81.4089584350586,194.90415954589844
513.303955078125,81.42414855957031,194.90704345703125
513.4116821289062,81.43950653076172,194.9099578857422
513.519287109375,81.45499420166016,194.91285705566406
513.6267700195312,81.47062683105469,194.91574096679688
513.7343139648438,81.48641204833984,194.91859436035156
513.8416748046875,81.50232696533203,194.9214324951172
513.9490966796875,81.51838684082031,194.92425537109375
514.058349609375,81.53488159179688,194.9270782470703
514.1656494140625,81.55123138427734,194.92982482910156
514.2728271484375,81.56774139404297,194.93252563476562
514.3799438476562,81.58439636230469,194.93521118164062
514.4869995117188,81.60121154785156,194.93789672851562
514.593994140625,81.61819458007812,194.94058227539062
514.7009887695312,81.63533020019531,194.94325256347656
514.807861328125,81.65262603759766,194.94593811035156
514.9146728515625,81.67007446289062,194.94863891601562
515.0214233398438,81.68769073486328,194.9513397216797
515.1281127929688,81.7054672241211,194.9540557861328
515.2347412109375,81.723388671875,194.95675659179688
515.34130859375,81.74146270751953,194.95948791503906
515.44775390625,81.75969696044922,194.9622039794922
515.55419921875,81.77808380126953,194.96495056152344
515.6605224609375,81.796630859375,194.96768188476562
515.7667846679688,81.81531524658203,194.97042846679688
515.8729858398438,81.83415985107422,194.97315979003906
515.9832153320312,81.8538818359375,194.9760284423828
516.0892944335938,81.87303161621094,194.97877502441406
516.1954345703125,81.89234161376953,194.98150634765625
516.3014526367188,81.91179656982422,194.9842529296875
516.4073486328125,81.93141174316406,194.9869842529297
516.5132446289062,81.95120239257812,194.9897003173828
516.6243286132812,81.97213745117188,194.99252319335938
516.7301635742188,81.99224853515625,194.99522399902344
516.8359375,82.01251983642578,194.99794006347656
516.941650390625,82.032958984375,195.00064086914062
517.0472412109375,82.05355834960938,195.0033721923828
517.1527709960938,82.0743179321289,195.006103515625
517.2583618164062,82.09524536132812,195.00885009765625
517.3638305664062,82.1163330078125,195.01158142089844
517.46923828125,82.1375732421875,195.0143280029297
517.5765380859375,82.15937042236328,195.01712036132812
517.681884765625,82.18093872070312,195.0198516845703
517.787109375,82.2026596069336,195.0225830078125
517.9407958984375,82.23469543457031,195.02658081054688
518.0458984375,82.25682067871094,195.029296875
518.1510009765625,82.27910614013672,195.03201293945312
518.2592163085938,82.30223083496094,195.03482055664062
518.3641357421875,82.32484436035156,195.03756713867188
518.4690551757812,82.34762573242188,195.04029846191406
518.5738525390625,82.37056732177734,195.0430450439453
518.6786499023438,82.39366149902344,195.0457763671875
518.7884521484375,82.41806030273438,195.0486602783203
518.8931274414062,82.44148254394531,195.05137634277344
518.9977416992188,82.46507263183594,195.0541229248047
519.1022338867188,82.48882293701172,195.05685424804688
519.206787109375,82.5127182006836,195.0595703125
519.3112182617188,82.53678131103516,195.0623016357422
519.4155883789062,82.5610122680664,195.0650177001953
519.5198974609375,82.58540344238281,195.06771850585938
519.6241455078125,82.60995483398438,195.07041931152344
519.7283325195312,82.6346664428711,195.0731201171875
519.8364868164062,82.66050720214844,195.07591247558594
519.9404907226562,82.6855697631836,195.07858276367188
520.0444946289062,82.7108154296875,195.08126831054688
520.1484375,82.73626708984375,195.08392333984375
520.2523193359375,82.76190185546875,195.08657836914062
520.3560791015625,82.78775024414062,195.0892333984375
520.4597778320312,82.81379699707031,195.0918426513672
520.5634155273438,82.84005737304688,195.094482421875
520.6669921875,82.86652374267578,195.09707641601562
520.7703857421875,82.89320373535156,195.0996856689453
520.873779296875,82.92008209228516,195.10227966308594
520.97705078125,82.94718170166016,195.10487365722656
521.0802612304688,82.97447204589844,195.10745239257812
521.1860961914062,83.00269317626953,195.11009216308594
521.2891235351562,83.03040313720703,195.1126708984375
521.39208984375,83.05831909179688,195.115234375
521.5119018554688,83.0910873413086,195.1182098388672
521.6146850585938,83.11944580078125,195.12075805664062
521.7184448242188,83.14830780029297,195.12332153320312
521.8209838867188,83.17709350585938,195.1258544921875
521.9235229492188,83.2060775756836,195.12838745117188
522.02587890625,83.23526763916016,195.1309051513672
522.1282348632812,83.2646713256836,195.13340759277344
522.2304077148438,83.29426574707031,195.1359100341797
522.33251953125,83.32406616210938,195.13841247558594
522.4345092773438,83.35407257080078,195.140869140625
522.5364379882812,83.38429260253906,195.14332580566406
522.6661376953125,83.423095703125,195.1464385986328
522.7677612304688,83.45378112792969,195.1488800048828
522.8693237304688,83.48467254638672,195.1512908935547
522.9706420898438,83.51577758789062,195.15370178222656
523.0747680664062,83.54794311523438,195.15615844726562
523.1759033203125,83.5794677734375,195.15853881835938
523.2845458984375,83.61360168457031,195.16107177734375
523.3853759765625,83.6455307006836,195.16342163085938
523.4861450195312,83.67767333984375,195.16574096679688
523.5951538085938,83.71273040771484,195.16824340820312
523.695556640625,83.74529266357422,195.17051696777344
523.7958984375,83.7780532836914,195.1727752685547
523.89599609375,83.81100463867188,195.1750030517578
523.9959106445312,83.84417724609375,195.17723083496094
524.095703125,83.87752532958984,195.179443359375
524.1953735351562,83.91107940673828,195.18162536621094
524.2948608398438,83.94483947753906,195.1837921142578
524.3941040039062,83.9787826538086,195.18594360351562
524.4932861328125,84.01293182373047,195.18807983398438
524.5921630859375,84.04727172851562,195.190185546875
524.6909790039062,84.08180236816406,195.19227600097656
524.78955078125,84.11652374267578,195.19436645507812
524.8927612304688,84.15316009521484,195.196533203125
524.990966796875,84.18829345703125,195.19857788085938
525.0889892578125,84.22361755371094,195.2006378173828
525.186767578125,84.25916290283203,195.20265197753906
525.284423828125,84.2948989868164,195.20469665527344
525.3819580078125,84.33084869384766,195.20669555664062
525.4854736328125,84.36932373046875,195.2088165283203
525.5826416015625,84.40570831298828,195.2108154296875
525.6796264648438,84.4422836303711,195.21278381347656
525.7763671875,84.47908020019531,195.21475219726562
525.873046875,84.51609802246094,195.21670532226562
525.969482421875,84.55333709716797,195.21864318847656
526.0658569335938,84.59078979492188,195.2205810546875
526.1619873046875,84.62847137451172,195.22250366210938
526.2579345703125,84.66637420654297,195.2244110107422
526.3553466796875,84.70509338378906,195.2263641357422
526.4510498046875,84.743408203125,195.22824096679688
526.5465698242188,84.78192138671875,195.23011779785156
526.6419067382812,84.82063293457031,195.23199462890625
526.7371826171875,84.8595199584961,195.2338409423828
526.832275390625,84.89861297607422,195.2357177734375
526.92724609375,84.9378890991211,195.237548828125
527.0220947265625,84.97734832763672,195.23939514160156
527.171142578125,85.03988647460938,195.24227905273438
527.268310546875,85.08100891113281,195.244140625
527.3626098632812,85.12113952636719,195.24595642089844
527.4567260742188,85.16146850585938,195.2477569580078
527.5505981445312,85.20198822021484,195.24952697753906
527.6444091796875,85.2426986694336,195.2512969970703
527.7380981445312,85.2835922241211,195.25306701660156
527.8316040039062,85.32467651367188,195.2548370361328
527.9248657226562,85.36595153808594,195.25656127929688
528.01806640625,85.40741729736328,195.25828552246094
528.1112060546875,85.44906616210938,195.25999450683594
528.2040405273438,85.49089050292969,195.26168823242188
528.296875,85.53288269042969,195.26339721679688
528.3898315429688,85.57518768310547,195.26507568359375
528.4822998046875,85.61747741699219,195.26673889160156
528.57470703125,85.65990447998047,195.2683868408203
528.6669921875,85.70245361328125,195.27001953125
528.7592163085938,85.7451171875,195.27162170410156
528.8511962890625,85.78790283203125,195.27322387695312
528.943115234375,85.83080291748047,195.27481079101562
529.0349731445312,85.87381744384766,195.2763671875
529.1267700195312,85.91693878173828,195.2779083251953
529.2183227539062,85.96017456054688,195.27940368652344
529.309814453125,86.00352478027344,195.2808837890625
529.4012451171875,86.0469970703125,195.28233337402344
529.4925537109375,86.09058380126953,195.28375244140625
529.5838012695312,86.13428497314453,195.28514099121094
529.6748657226562,86.17811584472656,195.28651428222656
529.765869140625,86.22207641601562,195.28787231445312
529.8568115234375,86.26615905761719,195.28924560546875
529.9476928710938,86.31037139892578,195.29061889648438
530.0383911132812,86.35469818115234,195.29200744628906
530.1434936523438,86.40618133544922,195.29359436035156
530.2340698242188,86.45075988769531,195.2949676513672
530.3245849609375,86.49544525146484,195.2963409423828
530.4150390625,86.54023742675781,195.29771423339844
530.5054321289062,86.58514404296875,195.299072265625
530.5957641601562,86.63015747070312,195.30043029785156
530.68603515625,86.6752700805664,195.30177307128906
530.7762451171875,86.72047424316406,195.30311584472656
530.8663940429688,86.76578521728516,195.30445861816406
530.9588012695312,86.81232452392578,195.30581665039062
531.0488891601562,86.85780334472656,195.30712890625
531.138916015625,86.90338134765625,195.3084259033203
531.2288818359375,86.94903564453125,195.30970764160156
531.3780517578125,87.02497100830078,195.3118133544922
531.4721069335938,87.07300567626953,195.31312561035156
531.56201171875,87.11898040771484,195.31436157226562
531.6517944335938,87.1650390625,195.31558227539062
531.7415771484375,87.21118927001953,195.3168182373047
531.8313598632812,87.2574234008789,195.3180694580078
531.9210815429688,87.30374908447266,195.3193359375
532.0108032226562,87.35015106201172,195.32061767578125
532.1047973632812,87.39889526367188,195.32199096679688
532.1944580078125,87.44548797607422,195.32334899902344
532.2841186523438,87.4921875,195.32472229003906
532.373779296875,87.53897857666016,195.3261260986328
532.46826171875,87.5885009765625,195.32760620117188
532.5744018554688,87.64421844482422,195.3292999267578
532.6639404296875,87.69135284423828,195.3307342529297
532.7533569335938,87.73859405517578,195.3321533203125
532.8428344726562,87.78593444824219,195.3335723876953
532.9321899414062,87.8333969116211,195.33497619628906
533.021484375,87.88097381591797,195.33641052246094
533.1137084960938,87.93023681640625,195.33787536621094
533.2182006835938,87.98625946044922,195.33956909179688
533.3074340820312,88.03424072265625,195.34103393554688
533.3965454101562,88.08235168457031,195.34249877929688
533.4856567382812,88.13058471679688,195.343994140625
533.5747680664062,88.17894744873047,195.34548950195312
533.6637573242188,88.22743225097656,195.34701538085938
533.7564697265625,88.27806091308594,195.34860229492188
533.8453979492188,88.32679748535156,195.35012817382812
533.934326171875,88.37565612792969,195.3516845703125
534.0289916992188,88.42784881591797,195.35333251953125
534.117919921875,88.47697448730469,195.3549041748047
534.2067260742188,88.52622985839844,195.3564910888672
534.2954711914062,88.57561492919922,195.35809326171875
534.3842163085938,88.62512969970703,195.3596954345703
534.4729614257812,88.67477416992188,195.361328125
534.5616455078125,88.72454833984375,195.36297607421875
534.6530151367188,88.77598571777344,195.36465454101562
534.74169921875,88.8260269165039,195.36631774902344
534.8302612304688,88.87620544433594,195.36795043945312
534.9187622070312,88.92650604248047,195.36961364746094
535.0072631835938,88.97694396972656,195.37127685546875
535.0968627929688,89.02812194824219,195.3729705810547
535.1852416992188,89.07884979248047,195.37469482421875
535.27587890625,89.1309814453125,195.37644958496094
535.4046630859375,89.20542907714844,195.37904357910156
535.4930419921875,89.25666046142578,195.38082885742188
535.5812377929688,89.30803680419922,195.3826446533203
535.6694946289062,89.35955047607422,195.3844757080078
535.7576904296875,89.41120910644531,195.38633728027344
535.8457641601562,89.4630126953125,195.38819885253906
535.933837890625,89.51496124267578,195.3900909423828
536.0233764648438,89.5678939819336,195.3920135498047
536.1112670898438,89.62012481689453,195.39393615722656
536.1992797851562,89.67249298095703,195.39584350585938
536.2871704101562,89.7249984741211,195.39773559570312
536.3750610351562,89.77762603759766,195.39959716796875
536.462890625,89.83040618896484,195.40145874023438
536.55078125,89.88335418701172,195.4032745361328
536.6414184570312,89.9380874633789,195.40512084960938
536.7291870117188,89.99129486083984,195.4069061279297
536.81689453125,90.04463958740234,195.40866088867188
536.904541015625,90.09814453125,195.410400390625
536.9922485351562,90.15179443359375,195.412109375
537.079833984375,90.20559692382812,195.41383361816406
537.1674194335938,90.2595443725586,195.41552734375
537.2550048828125,90.31365203857422,195.41720581054688
537.3424682617188,90.36791229248047,195.4188995361328
537.43115234375,90.4231185913086,195.42059326171875
537.5186157226562,90.47769165039062,195.42227172851562
537.6060791015625,90.53242492675781,195.42396545410156
537.6934204101562,90.58731842041016,195.4256591796875
537.7872314453125,90.646484375,195.427490234375
537.8817749023438,90.70630645751953,195.42933654785156
537.9690551757812,90.76170349121094,195.4310760498047
538.05615234375,90.8172607421875,195.43283081054688
538.143310546875,90.87297821044922,195.43458557128906
538.23046875,90.92884063720703,195.43634033203125
538.3175659179688,90.98484802246094,195.43809509277344
538.404541015625,91.041015625,195.43984985351562
538.4915161132812,91.09732818603516,195.44158935546875
538.5784301757812,91.15380859375,195.4433135986328
538.665283203125,91.21044921875,195.44503784179688
538.7521362304688,91.26725006103516,195.44676208496094
538.8389282226562,91.32421112060547,195.44847106933594
538.9256591796875,91.3813247680664,195.45018005371094
539.0123901367188,91.43860626220703,195.45187377929688
539.0990600585938,91.49604797363281,195.45358276367188
539.1857299804688,91.55365753173828,195.4552764892578
539.2755126953125,91.61354064941406,195.45701599121094
539.396728515625,91.69475555419922,195.4593505859375
539.4832153320312,91.7529067993164,195.4610137939453
539.5696411132812,91.81123352050781,195.46266174316406
539.6560668945312,91.8697280883789,195.4643096923828
539.7572021484375,91.9384536743164,195.4662322998047
539.8563232421875,92.00604248046875,195.46810913085938
539.9429931640625,92.06537628173828,195.46974182128906
540.0291748046875,92.12459564208984,195.47137451171875
540.1153564453125,92.1839828491211,195.47299194335938
540.2014770507812,92.24353790283203,195.47462463378906
540.2875366210938,92.30326080322266,195.47625732421875
540.3735961914062,92.36315155029297,195.47789001464844
540.4595336914062,92.42322540283203,195.47952270507812
540.5454711914062,92.48345947265625,195.48118591308594
540.63134765625,92.54387664794922,195.4828338623047
540.7171630859375,92.6044692993164,195.48451232910156
540.8029174804688,92.66522216796875,195.48619079589844
540.8886108398438,92.72615051269531,195.48788452148438
540.9742431640625,92.78724670410156,195.4895782470703
541.0598754882812,92.84850311279297,195.4912567138672
541.1453857421875,92.9099349975586,195.49298095703125
541.2308959960938,92.97154998779297,195.49468994140625
541.3163452148438,93.03331756591797,195.49639892578125
541.4017333984375,93.09526062011719,195.49810791015625
541.487060546875,93.1573715209961,195.49981689453125
541.5723266601562,93.21965026855469,195.50152587890625
541.6610107421875,93.28460693359375,195.5032958984375
541.74609375,93.34724426269531,195.50502014160156
541.8311767578125,93.41006469726562,195.50672912597656
541.916259765625,93.47306060791016,195.50843811035156
542.001220703125,93.53624725341797,195.51014709472656
542.0901489257812,93.60267639160156,195.51193237304688
542.1749877929688,93.6662368774414,195.51364135742188
542.259765625,93.72996520996094,195.5153350830078
542.3443603515625,93.79388427734375,195.5170440673828
542.4290161132812,93.85799407958984,195.51873779296875
542.5135498046875,93.92228698730469,195.52044677734375
542.5979614257812,93.98677825927734,195.52218627929688
542.6823120117188,94.05145263671875,195.52395629882812
542.7684936523438,94.11781311035156,195.52577209472656
542.8526611328125,94.18287658691406,195.52760314941406
542.936767578125,94.24812316894531,195.52944946289062
543.020751953125,94.31355285644531,195.5312957763672
543.109375,94.38286590576172,195.53323364257812
543.1931762695312,94.44865417480469,195.53506469726562
543.31103515625,94.5415267944336,195.53759765625
543.3945922851562,94.6077651977539,195.5393829345703
543.4780883789062,94.67418670654297,195.54116821289062
543.5614624023438,94.74080657958984,195.54290771484375
543.644775390625,94.80760955810547,195.54464721679688
543.7279663085938,94.8746109008789,195.54637145996094
543.8109741210938,94.94181060791016,195.54806518554688
543.8939208984375,95.00918579101562,195.5497589111328
543.976806640625,95.07676696777344,195.5514373779297
544.0633544921875,95.1477279663086,195.55316162109375
544.14599609375,95.2156982421875,195.55479431152344
544.2284545898438,95.28385925292969,195.55641174316406
544.310791015625,95.35221862792969,195.55801391601562
544.3929443359375,95.42079162597656,195.5596466064453
544.47509765625,95.48956298828125,195.56126403808594
544.568115234375,95.56792449951172,195.5631103515625
544.64990234375,95.63712310791016,195.5647735595703
544.7315673828125,95.7065200805664,195.56642150878906
544.8131103515625,95.7761001586914,195.5680694580078
544.8944702148438,95.84587860107422,195.56967163085938
544.9757080078125,95.91584014892578,195.5712890625
545.060302734375,95.98898315429688,195.5729522705078
545.1550903320312,96.07142639160156,195.5747833251953
545.2359619140625,96.14201354980469,195.5763397216797
545.3165283203125,96.21278381347656,195.577880859375
545.3970336914062,96.28375244140625,195.5794219970703
545.4774169921875,96.35491180419922,195.5809326171875
545.5576171875,96.42626953125,195.5824432373047
545.640869140625,96.50067138671875,195.58399963378906
545.7207641601562,96.57244110107422,195.58546447753906
545.8004760742188,96.64439392089844,195.5869140625
545.8800659179688,96.716552734375,195.58836364746094
545.96044921875,96.78973388671875,195.58981323242188
546.046630859375,96.86861419677734,195.5913543701172
546.125732421875,96.94139862060547,195.5927734375
546.2105102539062,97.01983642578125,195.59426879882812
546.289306640625,97.09303283691406,195.59567260742188
546.367919921875,97.16644287109375,195.59706115722656
546.4463500976562,97.24006652832031,195.59844970703125
546.524658203125,97.31388854980469,195.59983825683594
546.6027221679688,97.3879165649414,195.60121154785156
546.6806640625,97.46216583251953,195.60260009765625
546.7583618164062,97.53660583496094,195.60398864746094
546.8359375,97.61125183105469,195.60536193847656
546.9149780273438,97.68765258789062,195.6067657470703
547.0299072265625,97.79954528808594,195.60879516601562
547.1068725585938,97.87496185302734,195.61016845703125
547.19287109375,97.95958709716797,195.61167907714844
547.2694091796875,98.035400390625,195.61302185058594
547.3460693359375,98.11166381835938,195.61436462402344
547.4223022460938,98.1878890991211,195.6156768798828
547.4983520507812,98.26432037353516,195.6169891357422
547.57421875,98.34098052978516,195.61827087402344
547.64990234375,98.41783142089844,195.61953735351562
547.7254638671875,98.49490356445312,195.6208038330078
547.80078125,98.57218170166016,195.6220703125
547.8785400390625,98.6523208618164,195.6233367919922
547.9534912109375,98.73003387451172,195.62457275390625
548.0282592773438,98.8079605102539,195.6258087158203
548.1083984375,98.89195251464844,195.62713623046875
548.1828002929688,98.97032928466797,195.6283721923828
548.2569580078125,99.0489273071289,195.6295928955078
548.3309326171875,99.12773895263672,195.63084411621094
548.4047241210938,99.20677185058594,195.632080078125
548.4783325195312,99.28600311279297,195.63331604003906
548.5516967773438,99.36544799804688,195.63455200195312
548.6249389648438,99.44509887695312,195.63577270507812
548.697998046875,99.52496337890625,195.63697814941406
548.7720947265625,99.60648345947266,195.6382293701172
548.8447875976562,99.68675231933594,195.639404296875
548.9171752929688,99.7672348022461,195.64059448242188
548.9894409179688,99.84791564941406,195.64175415039062
549.0615234375,99.92880249023438,195.64288330078125
549.1334228515625,100.00989532470703,195.64401245117188
549.2083740234375,100.09484100341797,195.64517211914062
549.2798461914062,100.17635345458984,195.64625549316406
549.3511962890625,100.258056640625,195.64727783203125
549.4224243164062,100.33997344970703,195.64830017089844
549.493408203125,100.4220962524414,195.64930725097656
549.564208984375,100.50443267822266,195.6502685546875
549.6348266601562,100.58697509765625,195.65122985839844
549.7052612304688,100.66973876953125,195.65216064453125
549.7755737304688,100.75271606445312,195.65306091308594
549.8470458984375,100.83763122558594,195.65399169921875
549.9169311523438,100.9210205078125,195.6548614501953
549.9866943359375,101.00462341308594,195.6557159423828
550.0562133789062,101.08842468261719,195.6565399169922
550.1255493164062,101.17242431640625,195.65733337402344
550.1947021484375,101.25663757324219,195.65809631347656
550.2637329101562,101.341064453125,195.65882873535156
550.358154296875,101.45732116699219,195.65977478027344
550.4267578125,101.54222106933594,195.6604461669922
550.4951782226562,101.62732696533203,195.6610870361328
550.5633544921875,101.71263885498047,195.66168212890625
550.63134765625,101.79815673828125,195.6622314453125
550.7027587890625,101.88835144042969,195.66281127929688
550.7703857421875,101.97428131103516,195.66331481933594
550.838623046875,102.06149291992188,195.66378784179688
550.9058837890625,102.14784240722656,195.66424560546875
550.9730224609375,102.2343978881836,195.66464233398438
551.0398559570312,102.3211441040039,195.66502380371094
551.11083984375,102.41364288330078,195.6654052734375
551.1773071289062,102.50081634521484,195.6657257080078
551.2435913085938,102.58820343017578,195.666015625
551.3097534179688,102.67578887939453,195.66627502441406
551.3756713867188,102.76356506347656,195.66651916503906
551.44140625,102.8515396118164,195.66671752929688
551.5069580078125,102.93970489501953,195.66690063476562
551.5723266601562,103.02806854248047,195.6670684814453
551.6402587890625,103.12026977539062,195.66720581054688
551.705322265625,103.20899963378906,195.66732788085938
551.770263671875,103.29790496826172,195.66741943359375
551.8350219726562,103.386962890625,195.66748046875
551.9036254882812,103.48151397705078,195.6675262451172
551.9682006835938,103.57089233398438,195.6675567626953
552.0326538085938,103.66043090820312,195.6675567626953
552.0969848632812,103.75012969970703,195.6675262451172
552.1611938476562,103.8399887084961,195.66746520996094
552.2254028320312,103.93000793457031,195.66741943359375
552.2893676757812,104.02019500732422,195.66732788085938
552.353271484375,104.11052703857422,195.66722106933594
552.4171142578125,104.20101928710938,195.66708374023438
552.4807739257812,104.29166412353516,195.6669158935547
552.5443115234375,104.38247680664062,195.66671752929688
552.6077880859375,104.47344207763672,195.66648864746094
552.6710815429688,104.56456756591797,195.66622924804688
552.738525390625,104.6620101928711,195.66592407226562
552.8015747070312,104.75347137451172,195.6656036376953
552.8646240234375,104.84510040283203,195.665283203125
552.9274291992188,104.9368667602539,195.6649169921875
552.9949340820312,105.03579711914062,195.6645050048828
553.0575561523438,105.12789916992188,195.6641082763672
553.1200561523438,105.22014617919922,195.6636962890625
553.1824340820312,105.31255340576172,195.66326904296875
553.2446899414062,105.40511322021484,195.66282653808594
553.3370361328125,105.54298400878906,195.66217041015625
553.3990478515625,105.63591766357422,195.66171264648438
553.4608154296875,105.7290267944336,195.66128540039062
553.5225830078125,105.82229614257812,195.6608428955078
553.5841064453125,105.91573333740234,195.66041564941406
553.6455078125,106.00932312011719,195.66000366210938
553.7067260742188,106.10308837890625,195.6595916748047
553.767822265625,106.1969985961914,195.65921020507812
553.8287963867188,106.29107666015625,195.65878295898438
553.8896484375,106.38530731201172,195.6583709716797
553.9517211914062,106.4819107055664,195.65792846679688
554.0123291015625,106.57644653320312,195.65748596191406
554.07275390625,106.67112731933594,195.6570281982422
554.1331176757812,106.76596069335938,195.65652465820312
554.1932983398438,106.8609390258789,195.656005859375
554.25341796875,106.95606994628906,195.6554718017578
554.3133544921875,107.05133819580078,195.65492248535156
554.3732299804688,107.14676666259766,195.6543731689453
554.4329223632812,107.24234771728516,195.65379333496094
554.493408203125,107.33943939208984,195.65321350097656
554.5528564453125,107.43533325195312,195.6526641845703
554.6122436523438,107.5313720703125,195.65211486816406
554.6714477539062,107.6275634765625,195.65159606933594
554.7305297851562,107.72393035888672,195.65109252929688
554.7894897460938,107.82044219970703,195.650634765625
554.8482666015625,107.91712188720703,195.65020751953125
554.906982421875,108.01395416259766,195.6498260498047
554.9655151367188,108.11092376708984,195.64947509765625
555.02392578125,108.20804595947266,195.64915466308594
555.0827026367188,108.30611419677734,195.64886474609375
555.1408081054688,108.40351104736328,195.64857482910156
555.1989135742188,108.50104522705078,195.6483154296875
555.2567749023438,108.59870910644531,195.64804077148438
555.3145751953125,108.6965103149414,195.6477813720703
555.3751831054688,108.79936981201172,195.6475067138672
555.4326782226562,108.8974609375,195.64724731445312
555.4900512695312,108.99569702148438,195.64700317382812
555.5473022460938,109.09407806396484,195.6467742919922
555.6044311523438,109.192626953125,195.6465606689453
555.6614379882812,109.29131317138672,195.6463623046875
555.7205810546875,109.39413452148438,195.64617919921875
555.77734375,109.49313354492188,195.64599609375
555.8339233398438,109.59227752685547,195.64584350585938
555.890380859375,109.69158172607422,195.64569091796875
555.9467163085938,109.7910385131836,195.6455535888672
556.0208740234375,109.92255401611328,195.64540100097656
556.076904296875,110.02237701416016,195.6453094482422
556.1328125,110.12236022949219,195.64523315429688
556.1921997070312,110.2289810180664,195.64515686035156
556.247802734375,110.32926177978516,195.6450653076172
556.3034057617188,110.42969512939453,195.6449737548828
556.3587646484375,110.53026580810547,195.64486694335938
556.4140625,110.6309814453125,195.644775390625
556.4691772460938,110.73186492919922,195.64466857910156
556.5264282226562,110.8370132446289,195.64456176757812
556.581298828125,110.93820190429688,195.6444549560547
556.635986328125,111.03955841064453,195.64437866210938
556.6905517578125,111.14107513427734,195.64431762695312
556.7449951171875,111.24275207519531,195.644287109375
556.79931640625,111.3445816040039,195.644287109375
556.8533935546875,111.4465560913086,195.64430236816406
556.907470703125,111.54867553710938,195.6443634033203
556.9612426757812,111.65095520019531,195.6444091796875
557.0157470703125,111.7548828125,195.6444854736328
557.0693359375,111.85746765136719,195.64456176757812
557.1226806640625,111.96021270751953,195.64468383789062
557.1759643554688,112.06310272216797,195.64479064941406
557.2290649414062,112.16614532470703,195.64491271972656
557.2821044921875,112.26933288574219,195.64503479003906
557.3348999023438,112.37267303466797,195.64515686035156
557.3875732421875,112.47615814208984,195.64527893066406
557.4401245117188,112.57980346679688,195.64540100097656
557.4932861328125,112.6851806640625,195.64552307128906
557.5455322265625,112.78913116455078,195.6456756591797
557.5975341796875,112.89324951171875,195.64584350585938
557.6494140625,112.99751281738281,195.6460418701172
557.701171875,113.10194396972656,195.64627075195312
557.7527465820312,113.20652770996094,195.64651489257812
557.80419921875,113.31127166748047,195.6467742919922
557.85546875,113.41617584228516,195.6470184326172
557.9066162109375,113.52123260498047,195.64730834960938
557.9583129882812,113.62805938720703,195.64761352539062
558.0091552734375,113.73342895507812,195.64793395996094
558.059814453125,113.83895111083984,195.64825439453125
558.1102905273438,113.94462585449219,195.64857482910156
558.16064453125,114.05044555664062,195.64886474609375
558.2108764648438,114.15641021728516,195.6491241455078
558.260986328125,114.26251983642578,195.6493682861328
558.3109130859375,114.3687973022461,195.64956665039062
558.3606567382812,114.4752197265625,195.6497802734375
558.4314575195312,114.6275405883789,195.6500701904297
558.4808349609375,114.73435974121094,195.65028381347656
558.530029296875,114.84135437011719,195.65054321289062
558.5790405273438,114.94851684570312,195.65084838867188
558.6278076171875,115.05585479736328,195.65121459960938
558.6764526367188,115.16333770751953,195.65158081054688
558.7249755859375,115.27096557617188,195.65196228027344
558.7733764648438,115.37872314453125,195.65231323242188
558.8215942382812,115.48661804199219,195.6526336669922
558.8696899414062,115.59465789794922,195.6529083251953
558.9176025390625,115.70285034179688,195.65316772460938
558.96533203125,115.81118774414062,195.65341186523438
559.0130004882812,115.91967010498047,195.6536407470703
559.0603637695312,116.0282974243164,195.6538543701172
559.107666015625,116.13703918457031,195.65406799316406
559.15478515625,116.24592590332031,195.6542510986328
559.2015991210938,116.3549575805664,195.65444946289062
559.2483520507812,116.46412658691406,195.65464782714844
559.2948608398438,116.57344055175781,195.65484619140625
559.34130859375,116.68289947509766,195.655029296875
559.3875122070312,116.79251098632812,195.65518188476562
559.4335327148438,116.90227508544922,195.65533447265625
559.4794921875,117.0121841430664,195.65548706054688
559.5252075195312,117.12223815917969,195.65562438964844
559.5759887695312,117.24491882324219,195.65579223632812
559.6212768554688,117.3552017211914,195.65589904785156
559.66650390625,117.46561431884766,195.65597534179688
559.7115478515625,117.57611846923828,195.65603637695312
559.75634765625,117.68675231933594,195.65606689453125
559.8009643554688,117.79750061035156,195.65609741210938
559.8472900390625,117.91313934326172,195.65611267089844
559.8915405273438,118.024169921875,195.65614318847656
559.9356079101562,118.13532257080078,195.6561737060547
559.9794921875,118.2466049194336,195.6562042236328
560.023193359375,118.3580322265625,195.65623474121094
560.0667114257812,118.4695816040039,195.65628051757812
560.1099853515625,118.58126831054688,195.65635681152344
560.1531372070312,118.69306182861328,195.6564483642578
560.1961059570312,118.8049545288086,195.65650939941406
560.2388916015625,118.91694641113281,195.6565399169922
560.281494140625,119.02904510498047,195.65650939941406
560.3241577148438,119.1417465209961,195.6564178466797
560.366455078125,119.25406646728516,195.65628051757812
560.4085693359375,119.36650848388672,195.65609741210938
560.4505004882812,119.47907257080078,195.65586853027344
560.5044555664062,119.62506103515625,195.65554809570312
560.5459594726562,119.73793029785156,195.65528869628906
560.587158203125,119.85093688964844,195.65501403808594
560.628173828125,119.9640884399414,195.65475463867188
560.6700439453125,120.0804672241211,195.65447998046875
560.7105712890625,120.19387817382812,195.6542205810547
560.7509155273438,120.3073959350586,195.65396118164062
560.791015625,120.42103576660156,195.65370178222656
560.8308715820312,120.53480529785156,195.65341186523438
560.8704833984375,120.64869689941406,195.6531524658203
560.9098510742188,120.7627182006836,195.65289306640625
560.9503784179688,120.88086700439453,195.6526336669922
560.9892578125,120.9951171875,195.65237426757812
561.0278930664062,121.1094741821289,195.65211486816406
561.06640625,121.22393035888672,195.6518096923828
561.1045532226562,121.33850860595703,195.65150451660156
561.142578125,121.45319366455078,195.6511688232422
561.1802978515625,121.56800079345703,195.6508331298828
561.2177734375,121.68292999267578,195.65048217773438
561.2550659179688,121.79796600341797,195.65011596679688
561.2921142578125,121.91312408447266,195.64974975585938
561.328857421875,122.02839660644531,195.64938354492188
561.3654174804688,122.14380645751953,195.64901733398438
561.4016723632812,122.25932312011719,195.6486358642578
561.437744140625,122.37496948242188,195.6482696533203
561.4735107421875,122.49072265625,195.64788818359375
561.5090942382812,122.60659790039062,195.64752197265625
561.5499267578125,122.74098205566406,195.64707946777344
561.5849609375,122.85710906982422,195.64671325683594
561.6196899414062,122.97335052490234,195.64633178710938
561.6541748046875,123.08971405029297,195.64596557617188
561.6884155273438,123.20618438720703,195.64556884765625
561.7223510742188,123.32276916503906,195.64517211914062
561.756103515625,123.43946838378906,195.64476013183594
561.78955078125,123.55628204345703,195.64434814453125
561.8238525390625,123.67705535888672,195.6439208984375
561.8568115234375,123.79410552978516,195.64349365234375
561.8895263671875,123.91126251220703,195.64305114746094
561.9219970703125,124.02853393554688,195.6426239013672
561.9541015625,124.14591979980469,195.64215087890625
561.9860229492188,124.26341247558594,195.64169311523438
562.0177001953125,124.38101959228516,195.64120483398438
562.0501098632812,124.50260925292969,195.64068603515625
562.0812377929688,124.62043762207031,195.64016723632812
562.112060546875,124.73837280273438,195.63966369628906
562.1527709960938,124.89616394042969,195.63893127441406
562.1829833984375,125.01435852050781,195.6383819580078
562.212890625,125.13265228271484,195.6378173828125
562.2424926757812,125.25106048583984,195.63723754882812
562.2717895507812,125.36956787109375,195.6366424560547
562.3014526367188,125.49067687988281,195.6360321044922
562.3302001953125,125.6093978881836,195.63539123535156
562.358642578125,125.72821807861328,195.634765625
562.38671875,125.84713745117188,195.6341094970703
562.4146118164062,125.9661636352539,195.6334228515625
562.4421997070312,126.08528137207031,195.63275146484375
562.4707641601562,126.21002960205078,195.6320037841797
562.4977416992188,126.32935333251953,195.63128662109375
562.5244140625,126.44876861572266,195.6305389404297
562.5507202148438,126.56827545166016,195.62979125976562
562.5768432617188,126.68789672851562,195.62901306152344
562.6026000976562,126.80758666992188,195.6282196044922
562.6281127929688,126.92738342285156,195.6273956298828
562.6533203125,127.04727935791016,195.6265869140625
562.6781005859375,127.1672592163086,195.625732421875
562.7026977539062,127.28733825683594,195.6248779296875
562.7296752929688,127.42115783691406,195.6239013671875
562.7536010742188,127.54141235351562,195.6230010986328
562.7771606445312,127.6617660522461,195.62208557128906
562.8004760742188,127.78221130371094,195.62115478515625
562.8234252929688,127.9027328491211,195.6202392578125
562.8460693359375,128.02334594726562,195.61927795410156
562.8693237304688,128.14906311035156,195.61825561523438
562.891357421875,128.26983642578125,195.61729431152344
562.9130249023438,128.39071655273438,195.61630249023438
562.9343872070312,128.51165771484375,195.61529541015625
562.9554443359375,128.6326904296875,195.6142578125
562.9761352539062,128.75379943847656,195.61322021484375
562.99658203125,128.87498474121094,195.6121826171875
563.0166625976562,128.99624633789062,195.611083984375
563.0364379882812,129.11758422851562,195.61000061035156
563.05615234375,129.24082946777344,195.60887145996094
563.0753173828125,129.3623046875,195.60772705078125
563.0941162109375,129.48388671875,195.60658264160156
563.1126098632812,129.6055145263672,195.6054229736328
563.1318359375,129.73428344726562,195.60414123535156
563.149658203125,129.85606384277344,195.60293579101562
563.1671142578125,129.97793579101562,195.60169982910156
563.1842651367188,130.09986877441406,195.60044860839844
563.2011108398438,130.22189331054688,195.59918212890625
563.2234497070312,130.38760375976562,195.59744262695312
563.2401123046875,130.51547241210938,195.59608459472656
563.2557983398438,130.63771057128906,195.59475708007812
563.2711791992188,130.760009765625,195.5934295654297
563.2861328125,130.8823699951172,195.5921173095703
563.30078125,131.00477600097656,195.5907745361328
563.3151245117188,131.12725830078125,195.5894012451172
563.3290405273438,131.24978637695312,195.58804321289062
563.3426513671875,131.37234497070312,195.586669921875
563.3558959960938,131.49496459960938,195.5852813720703
563.3688354492188,131.61766052246094,195.58387756347656
563.3814086914062,131.74038696289062,195.5824737548828
563.3935546875,131.86314392089844,195.5810546875
563.4058227539062,131.98948669433594,195.57957458496094
563.4173583984375,132.11233520507812,195.578125
563.429443359375,132.24447631835938,195.57655334472656
563.4402465820312,132.36741638183594,195.57505798339844
563.4507446289062,132.4904022216797,195.57357788085938
563.4608764648438,132.61343383789062,195.5720672607422
563.4707641601562,132.7364959716797,195.57057189941406
563.4801635742188,132.85958862304688,195.5690460205078
563.4896850585938,132.98806762695312,195.56747436523438
563.4984741210938,133.11122131347656,195.56594848632812
563.5068969726562,133.2344207763672,195.56443786621094
563.5149536132812,133.35765075683594,195.5629119873047
563.522705078125,133.4809112548828,195.5614013671875
563.5300903320312,133.6042022705078,195.5598602294922
563.5374755859375,133.7332305908203,195.5582275390625
563.5442504882812,133.8565673828125,195.556640625
563.5505981445312,133.9799346923828,195.55503845214844
563.5567016601562,134.10330200195312,195.55343627929688
563.5623168945312,134.22669982910156,195.5518341064453
563.567626953125,134.35011291503906,195.55023193359375
563.572509765625,134.4735565185547,195.5486297607422
563.5771484375,134.59698486328125,195.5470428466797
563.5813598632812,134.72044372558594,195.5454559326172
563.585205078125,134.84390258789062,195.5438690185547
563.5887451171875,134.96739196777344,195.54226684570312
563.5919189453125,135.0908660888672,195.5406951904297
563.5947265625,135.21437072753906,195.5391082763672
563.5974731445312,135.3539276123047,195.53732299804688
563.5994873046875,135.47744750976562,195.53575134277344
563.6011352539062,135.60098266601562,195.5341796875
563.6024169921875,135.7245330810547,195.53262329101562
563.603515625,135.84803771972656,195.53106689453125
563.604248046875,136.01686096191406,195.52890014648438
563.6044311523438,136.14035034179688,195.52732849121094
563.604248046875,136.26385498046875,195.52572631835938
563.6036987304688,136.38739013671875,195.5241241455078
563.6028442382812,136.51089477539062,195.5225372314453
563.6015625,136.63442993164062,195.52098083496094
563.5997924804688,136.7624969482422,195.51934814453125
563.5978393554688,136.8860321044922,195.51779174804688
563.5955200195312,137.00953674316406,195.51625061035156
563.5927734375,137.1330108642578,195.5147247314453
563.5897216796875,137.25648498535156,195.51318359375
563.5863037109375,137.3799591064453,195.51165771484375
563.5825805664062,137.50340270996094,195.5101318359375
563.5784912109375,137.6268310546875,195.50860595703125
563.573974609375,137.750244140625,195.50709533691406
563.569091796875,137.8757781982422,195.50555419921875
563.56396484375,137.9991455078125,195.50405883789062
563.5584106445312,138.1224822998047,195.5025634765625
563.5525512695312,138.2458038330078,195.5010528564453
563.5460205078125,138.3761444091797,195.49948120117188
563.5394897460938,138.49942016601562,195.4980010986328
563.5325927734375,138.62266540527344,195.49652099609375
563.5253295898438,138.7458953857422,195.49505615234375
563.5177612304688,138.86907958984375,195.49359130859375
563.5098876953125,138.99224853515625,195.49212646484375
563.5016479492188,139.11538696289062,195.4906768798828
563.4928588867188,139.24249267578125,195.48915100097656
563.4840698242188,139.36558532714844,195.48770141601562
563.4749145507812,139.48866271972656,195.48623657226562
563.4654541015625,139.6116943359375,195.48477172851562
563.4556884765625,139.73471069335938,195.48329162597656
563.4456787109375,139.85772705078125,195.48179626464844
563.4353637695312,139.98069763183594,195.48033142089844
563.4247436523438,140.10365295410156,195.47885131835938
563.4139404296875,140.22659301757812,195.47735595703125
563.4027709960938,140.34950256347656,195.47589111328125
563.391357421875,140.47239685058594,195.4744110107422
563.379638671875,140.59524536132812,195.47293090820312
563.3675537109375,140.71925354003906,195.471435546875
563.3552856445312,140.84207153320312,195.46994018554688
563.3427734375,140.96485900878906,195.46844482421875
563.3300170898438,141.0876007080078,195.46694946289062
563.3169555664062,141.21034240722656,195.4654541015625
563.3029174804688,141.33929443359375,195.46388244628906
563.2893676757812,141.4619598388672,195.4623565673828
563.2697143554688,141.63497924804688,195.460205078125
563.2555541992188,141.75758361816406,195.45867919921875
563.2410278320312,141.88014221191406,195.45712280273438
563.2261962890625,142.00343322753906,195.45555114746094
563.2113037109375,142.1259307861328,195.4539794921875
563.196044921875,142.24839782714844,195.45240783691406
563.1806030273438,142.37083435058594,195.4508056640625
563.1648559570312,142.4932403564453,195.44921875
563.14892578125,142.6156005859375,195.44761657714844
563.1326904296875,142.73794555664062,195.44601440429688
563.1162109375,142.86026000976562,195.44439697265625
563.099609375,142.9825439453125,195.44277954101562
563.0826416015625,143.10479736328125,195.44114685058594
563.0655517578125,143.22702026367188,195.4394989013672
563.0482177734375,143.34921264648438,195.4378662109375
563.0305786132812,143.47137451171875,195.4362335205078
563.0127563476562,143.593505859375,195.43455505371094
562.9946899414062,143.71560668945312,195.4329071044922
562.9763793945312,143.83792114257812,195.43124389648438
562.9579467773438,143.9599609375,195.4295654296875
562.939208984375,144.08197021484375,195.4279022216797
562.9202270507812,144.2039794921875,195.42623901367188
562.901123046875,144.325927734375,195.42457580566406
562.8817749023438,144.44786071777344,195.4228973388672
562.8621826171875,144.56976318359375,195.42123413085938
562.8424072265625,144.69163513183594,195.4195556640625
562.8224487304688,144.81349182128906,195.4178924560547
562.801513671875,144.93954467773438,195.41615295410156
562.7811889648438,145.06134033203125,195.4144744873047
562.7605590820312,145.18312072753906,195.4127960205078
562.73974609375,145.30487060546875,195.41111755371094
562.71875,145.4265899658203,195.409423828125
562.6976318359375,145.54827880859375,195.40773010253906
562.67626953125,145.6699676513672,195.40602111816406
562.6546630859375,145.79161071777344,195.40432739257812
562.6329345703125,145.91323852539062,195.40260314941406
562.6105346679688,146.03733825683594,195.40086364746094
562.58837890625,146.15892028808594,195.39913940429688
562.5648193359375,146.28736877441406,195.3973388671875
562.5422973632812,146.4088897705078,195.39561462402344
562.5195922851562,146.5303955078125,195.3938751220703
562.4967041015625,146.6519012451172,195.39215087890625
562.4736938476562,146.7733612060547,195.39039611816406
562.4505004882812,146.89480590820312,195.388671875
562.4270629882812,147.01622009277344,195.3869171142578
562.3954467773438,147.17857360839844,195.38455200195312
562.3716430664062,147.29995727539062,195.3828125
562.34765625,147.4213104248047,195.3810272216797
562.3235473632812,147.54263305664062,195.3792724609375
562.2991943359375,147.6639404296875,195.3774871826172
562.2745971679688,147.7852325439453,195.37570190429688
562.2498779296875,147.90647888183594,195.3739013671875
562.2249755859375,148.02769470214844,195.37210083007812
562.1998291015625,148.14889526367188,195.37030029296875
562.174560546875,148.2700653076172,195.36846923828125
562.1491088867188,148.39120483398438,195.36663818359375
562.1234130859375,148.5123291015625,195.3648223876953
562.0975341796875,148.63340759277344,195.36297607421875
562.0714721679688,148.7544708251953,195.3611297607422
562.0452270507812,148.87550354003906,195.35928344726562
562.018798828125,148.99652099609375,195.35740661621094
561.9921264648438,149.1175079345703,195.35552978515625
561.96533203125,149.23846435546875,195.3536376953125
561.9382934570312,149.35939025878906,195.3517608642578
561.9111328125,149.48031616210938,195.349853515625
561.8837280273438,149.60118103027344,195.34796142578125
561.856201171875,149.7220458984375,195.34605407714844
561.8284301757812,149.8428955078125,195.34413146972656
561.8004150390625,149.9636993408203,195.34222412109375
561.7722778320312,150.08448791503906,195.34030151367188
561.7439575195312,150.20523071289062,195.33837890625
561.7154541015625,150.3259735107422,195.33644104003906
561.686767578125,150.4466552734375,195.33450317382812
561.6578369140625,150.5673370361328,195.33258056640625
561.6287231445312,150.68798828125,195.3306427001953
561.5994262695312,150.80862426757812,195.3286895751953
561.5699462890625,150.92919921875,195.32675170898438
561.5399780273438,151.05084228515625,195.32479858398438
561.5100708007812,151.17138671875,195.32284545898438
561.4800415039062,151.29188537597656,195.32089233398438
561.4497680664062,151.412353515625,195.31893920898438
561.4192504882812,151.53280639648438,195.3169708251953
561.388671875,151.65321350097656,195.3150177001953
561.3577270507812,151.7736053466797,195.3130340576172
561.3267211914062,151.89395141601562,195.31106567382812
561.29541015625,152.01426696777344,195.30908203125
561.2639770507812,152.1345672607422,195.30709838867188
561.228759765625,152.26829528808594,195.3048858642578
561.1968383789062,152.38851928710938,195.30287170410156
561.164794921875,152.5087127685547,195.30087280273438
561.11767578125,152.68386840820312,195.2979278564453
561.0850830078125,152.80398559570312,195.2958984375
561.0523681640625,152.924072265625,195.2938690185547
561.0194091796875,153.04412841796875,195.2918243408203
560.9862060546875,153.16415405273438,195.28977966308594
560.952880859375,153.28414916992188,195.2877197265625
560.9192504882812,153.4040985107422,195.28562927246094
560.885498046875,153.52401733398438,195.28355407714844
560.8515014648438,153.64390563964844,195.28147888183594
560.8173217773438,153.76373291015625,195.27938842773438
560.7828979492188,153.883544921875,195.27731323242188
560.748291015625,154.00332641601562,195.27520751953125
560.7134399414062,154.123046875,195.27310180664062
560.6784057617188,154.2427215576172,195.27098083496094
560.6431274414062,154.3623504638672,195.2688751220703
560.6063232421875,154.48635864257812,195.26669311523438
560.5706176757812,154.60589599609375,195.2645721435547
560.5347290039062,154.72540283203125,195.26243591308594
560.4962158203125,154.8526611328125,195.26016235351562
560.4598388671875,154.97206115722656,195.25802612304688
560.4232788085938,155.0914306640625,195.25587463378906
560.3864135742188,155.21072387695312,195.2537078857422
560.3494262695312,155.3300018310547,195.25157165527344
560.3121337890625,155.44920349121094,195.24940490722656
560.2747192382812,155.56837463378906,195.2472381591797
560.237060546875,155.6875,195.2450714111328
560.19921875,155.80657958984375,195.24288940429688
560.1589965820312,155.93212890625,195.24058532714844
560.1206665039062,156.0511016845703,195.23838806152344
560.0820922851562,156.17002868652344,195.23619079589844
560.0433349609375,156.2888946533203,195.23399353027344
560.0043334960938,156.40771484375,195.23178100585938
559.9651489257812,156.52647399902344,195.22958374023438
559.924072265625,156.65017700195312,195.22727966308594
559.8843383789062,156.76881408691406,195.22508239746094
559.8444213867188,156.88742065429688,195.22286987304688
559.8043212890625,157.00596618652344,195.2206573486328
559.7639770507812,157.1244354248047,195.21844482421875
559.723388671875,157.24285888671875,195.2162322998047
559.6826171875,157.36123657226562,195.2140350341797
559.6416015625,157.4795379638672,195.21180725097656
559.600341796875,157.59779357910156,195.20960998535156
559.5579833984375,157.7185821533203,195.2073516845703
559.5162963867188,157.8367156982422,195.20513916015625
559.4743041992188,157.95477294921875,195.20291137695312
559.41796875,158.11248779296875,195.199951171875
559.3755493164062,158.2304229736328,195.19772338867188
559.3328857421875,158.34828186035156,195.19549560546875
559.2899780273438,158.46607971191406,195.1932830810547
559.246826171875,158.5838165283203,195.19105529785156
559.2034912109375,158.70150756835938,195.18881225585938
559.1575927734375,158.8253936767578,195.18643188476562
559.11376953125,158.94293212890625,195.1842041015625
559.0697021484375,159.06039428710938,195.18197631835938
559.025390625,159.17776489257812,195.17979431152344
558.9807739257812,159.2950897216797,195.17762756347656
558.93603515625,159.41233825683594,195.1754913330078
558.8910522460938,159.52951049804688,195.17335510253906
558.8457641601562,159.6466064453125,195.1712188720703
558.80029296875,159.7636260986328,195.16909790039062
558.7545776367188,159.88058471679688,195.16697692871094
558.7086791992188,159.9974822998047,195.16485595703125
558.6625366210938,160.1143035888672,195.16273498535156
558.6161499023438,160.23104858398438,195.16061401367188
558.5695190429688,160.34771728515625,195.1584930419922
558.522705078125,160.4643096923828,195.1563720703125
558.4755859375,160.58084106445312,195.15426635742188
558.4283447265625,160.69728088378906,195.1521453857422
558.3807983398438,160.8136444091797,195.15005493164062
558.3330688476562,160.929931640625,195.14794921875
558.2850952148438,161.046142578125,195.14584350585938
558.23681640625,161.16229248046875,195.14376831054688
558.1882934570312,161.27833557128906,195.1417236328125
558.1395874023438,161.3943328857422,195.1396942138672
558.089111328125,161.5137481689453,195.13763427734375
558.0399169921875,161.6295623779297,195.1356658935547
557.9904174804688,161.7453155517578,195.1337127685547
557.9407958984375,161.86097717285156,195.1317596435547
557.890869140625,161.97654724121094,195.12982177734375
557.8407592773438,162.09202575683594,195.1278839111328
557.7904052734375,162.2074432373047,195.1259765625
557.73974609375,162.32276916503906,195.1240692138672
557.6874389648438,162.44143676757812,195.1221160888672
557.6363525390625,162.55661010742188,195.12022399902344
557.5810546875,162.6805419921875,195.11817932128906
557.5294799804688,162.79554748535156,195.11630249023438
557.4777221679688,162.91046142578125,195.1144256591797
557.4257202148438,163.02529907226562,195.11257934570312
557.3734741210938,163.14004516601562,195.1107177734375
557.321044921875,163.25469970703125,195.10888671875
557.24951171875,163.41006469726562,195.10638427734375
557.1943969726562,163.52903747558594,195.10450744628906
557.1411743164062,163.64341735839844,195.10269165039062
557.087646484375,163.75772094726562,195.10089111328125
557.0338745117188,163.87196350097656,195.09910583496094
556.9768676757812,163.99264526367188,195.0972442626953
556.9226684570312,164.106689453125,195.09548950195312
556.8682250976562,164.2206573486328,195.09373474121094
556.8135375976562,164.33456420898438,195.09197998046875
556.7586669921875,164.4483642578125,195.09024047851562
556.70361328125,164.5620880126953,195.0885009765625
556.6482543945312,164.67572021484375,195.08677673339844
556.5927124023438,164.78927612304688,195.08505249023438
556.5369262695312,164.90274047851562,195.08334350585938
556.478759765625,165.02047729492188,195.08157348632812
556.4224243164062,165.1337890625,195.0798797607422
556.365966796875,165.24697875976562,195.07821655273438
556.3092041015625,165.360107421875,195.07652282714844
556.2523193359375,165.47314453125,195.0748748779297
556.19189453125,165.59251403808594,195.07310485839844
556.134521484375,165.7053680419922,195.0714569091797
556.0725708007812,165.8265380859375,195.06968688964844
556.0147094726562,165.93922424316406,195.0680389404297
555.9566040039062,166.05184936523438,195.06637573242188
555.8983154296875,166.1643829345703,195.06471252441406
555.8385009765625,166.27928161621094,195.06301879882812
555.77978515625,166.39161682128906,195.06134033203125
555.7208251953125,166.50390625,195.0596466064453
555.6616821289062,166.61607360839844,195.05795288085938
555.6022338867188,166.72816467285156,195.05624389648438
555.5426635742188,166.84017944335938,195.05455017089844
555.4744262695312,166.96775817871094,195.05259704589844
555.4142456054688,167.07958984375,195.0509033203125
555.35400390625,167.1913299560547,195.0491943359375
555.29345703125,167.302978515625,195.04750061035156
555.2327270507812,167.41453552246094,195.0457763671875
555.1717529296875,167.5260009765625,195.04405212402344
555.1080322265625,167.6419677734375,195.04226684570312
555.0466918945312,167.75326538085938,195.04052734375
554.9850463867188,167.8644561767578,195.03878784179688
554.9232177734375,167.97557067871094,195.0370330810547
554.8612060546875,168.08657836914062,195.03524780273438
554.7989501953125,168.19752502441406,195.03346252441406
554.7365112304688,168.308349609375,195.03167724609375
554.673828125,168.41908264160156,195.0298614501953
554.5792236328125,168.58538818359375,195.02711486816406
554.5159912109375,168.69590759277344,195.02528381347656
554.451171875,168.8087921142578,195.0233917236328
554.387451171875,168.91909790039062,195.0215301513672
554.3236694335938,169.0293426513672,195.01966857910156
554.2596435546875,169.1394805908203,195.0177764892578
554.191650390625,169.2557373046875,195.01577758789062
554.1271362304688,169.3656768798828,195.0138702392578
554.0625,169.4755096435547,195.011962890625
553.99755859375,169.58526611328125,195.010009765625
553.9324340820312,169.6949005126953,195.008056640625
553.8670654296875,169.80445861816406,195.00608825683594
553.8015747070312,169.91392517089844,195.00408935546875
553.7337646484375,170.02667236328125,195.00201416015625
553.6677856445312,170.1359405517578,195.0
553.6016235351562,170.24510192871094,194.9979705810547
553.5352783203125,170.3541717529297,194.99591064453125
553.4686889648438,170.46315002441406,194.9938507080078
553.4019165039062,170.572021484375,194.99176025390625
553.3322143554688,170.6851348876953,194.9895782470703
553.2650146484375,170.79383850097656,194.9874725341797
553.1975708007812,170.9024200439453,194.9853515625
553.1300048828125,171.0109100341797,194.9832000732422
553.0621337890625,171.11929321289062,194.9810333251953
552.9942016601562,171.22760009765625,194.97885131835938
552.9259033203125,171.33580017089844,194.97665405273438
552.8575439453125,171.4438934326172,194.9744110107422
552.7888793945312,171.55189514160156,194.97218322753906
552.7191162109375,171.66128540039062,194.96987915039062
552.6500244140625,171.7690887451172,194.96759033203125
552.5807495117188,171.8767852783203,194.9652862548828
552.5113525390625,171.98439025878906,194.9629669189453
552.4312133789062,172.10801696777344,194.96026611328125
552.361328125,172.21539306640625,194.95790100097656
552.291259765625,172.3226776123047,194.9555206298828
552.220947265625,172.4298553466797,194.95310974121094
552.1504516601562,172.5369415283203,194.95069885253906
552.0797119140625,172.64390563964844,194.94825744628906
552.0066528320312,172.75393676757812,194.94573974609375
551.935546875,172.86070251464844,194.94326782226562
551.8642578125,172.96734619140625,194.9407958984375
551.7926635742188,173.07391357421875,194.93829345703125
551.7199096679688,173.18191528320312,194.93576049804688
551.64794921875,173.2882537841797,194.93321228027344
551.5758056640625,173.3944854736328,194.93067932128906
551.4793090820312,173.53590393066406,194.92726135253906
551.4066162109375,173.6418914794922,194.92469787597656
551.3338012695312,173.7477569580078,194.92210388183594
551.2608032226562,173.85353088378906,194.9195098876953
551.1875,173.9591827392578,194.91690063476562
551.1140747070312,174.06472778320312,194.91427612304688
551.0404052734375,174.17015075683594,194.91163635253906
550.9659423828125,174.27630615234375,194.9089813232422
550.8919067382812,174.3815155029297,194.90631103515625
550.8175659179688,174.48660278320312,194.90365600585938
550.7431030273438,174.59158325195312,194.90098571777344
550.66845703125,174.6964569091797,194.8983154296875
550.593505859375,174.8012237548828,194.89561462402344
550.5183715820312,174.90586853027344,194.89292907714844
550.443115234375,175.01039123535156,194.89024353027344
550.3675537109375,175.11480712890625,194.8875274658203
550.2918090820312,175.21910095214844,194.8848114013672
550.2158813476562,175.3232879638672,194.88211059570312
550.1394653320312,175.4276885986328,194.87936401367188
550.0631713867188,175.53163146972656,194.87664794921875
549.9866333007812,175.63548278808594,194.8739013671875
549.9098510742188,175.73919677734375,194.8711700439453
549.8283081054688,175.84889221191406,194.86825561523438
549.7511596679688,175.95237731933594,194.86550903320312
549.6737670898438,176.05572509765625,194.86273193359375
549.59619140625,176.15896606445312,194.85995483398438
549.513916015625,176.26797485351562,194.8570098876953
549.4359130859375,176.3709716796875,194.85423278808594
549.3577270507812,176.47386169433594,194.8514404296875
549.279296875,176.5766143798828,194.84864807128906
549.20068359375,176.6792449951172,194.8458251953125
549.1219482421875,176.78176879882812,194.843017578125
549.035400390625,176.89381408691406,194.83993530273438
548.9423828125,177.0138397216797,194.8366241455078
548.8628540039062,177.115966796875,194.8337860107422
548.783203125,177.2179718017578,194.83094787597656
548.7033081054688,177.31985473632812,194.82810974121094
548.623291015625,177.42161560058594,194.82525634765625
548.54296875,177.52325439453125,194.82240295410156
548.4591674804688,177.62896728515625,194.8194122314453
548.3785400390625,177.7303466796875,194.8165283203125
548.2976684570312,177.8316192626953,194.81365966796875
548.216552734375,177.93275451660156,194.81077575683594
548.1353149414062,178.03375244140625,194.80787658691406
548.0498046875,178.13955688476562,194.80482482910156
547.9358520507812,178.2800750732422,194.80075073242188
547.8539428710938,178.3806610107422,194.79783630371094
547.7717895507812,178.4811248779297,194.79490661621094
547.689453125,178.5814666748047,194.79196166992188
547.6055297851562,178.683349609375,194.78895568847656
547.5228271484375,178.783447265625,194.78599548339844
547.4398803710938,178.88340759277344,194.7830352783203
547.3567504882812,178.9832305908203,194.7800750732422
547.2734985351562,179.0829315185547,194.77708435058594
547.18994140625,179.18252563476562,194.7740936279297
547.1062622070312,179.28196716308594,194.7711181640625
547.0223999023438,179.3813018798828,194.76812744140625
546.9382934570312,179.48048400878906,194.76512145996094
546.85400390625,179.57955932617188,194.76211547851562
546.76953125,179.67848205566406,194.75912475585938
546.6742553710938,179.7896728515625,194.7557373046875
546.58935546875,179.88833618164062,194.7527313232422
546.5042724609375,179.98684692382812,194.7497100830078
546.4190063476562,180.08523559570312,194.7467041015625
546.33349609375,180.18350219726562,194.74368286132812
546.2478637695312,180.28163146972656,194.7406463623047
546.1620483398438,180.37962341308594,194.73760986328125
546.0760498046875,180.4774932861328,194.73455810546875
545.98974609375,180.57522583007812,194.73153686523438
545.9017333984375,180.6746826171875,194.72840881347656
545.8151245117188,180.77215576171875,194.72535705566406
545.728271484375,180.86949157714844,194.7222900390625
545.6412963867188,180.96669006347656,194.71920776367188
545.5541381835938,181.06375122070312,194.71612548828125
545.466796875,181.16070556640625,194.71302795410156
545.3753662109375,181.26177978515625,194.70977783203125
545.28759765625,181.3584442138672,194.70668029785156
545.1996459960938,181.45497131347656,194.7035675048828
545.1115112304688,181.55136108398438,194.70046997070312
545.023193359375,181.64761352539062,194.6973419189453
544.9346923828125,181.7437286376953,194.6942138671875
544.8460083007812,181.83969116210938,194.69110107421875
544.7571411132812,181.93553161621094,194.68797302246094
544.6680297851562,182.03123474121094,194.68482971191406
544.5787963867188,182.1267852783203,194.68167114257812
544.4774169921875,182.23489379882812,194.67811584472656
544.3878173828125,182.33013916015625,194.67495727539062
544.2979125976562,182.42526245117188,194.6717987060547
544.2078857421875,182.52024841308594,194.6686248779297
544.11767578125,182.61508178710938,194.66546630859375
543.995849609375,182.7426300048828,194.66119384765625
543.9052124023438,182.83712768554688,194.65798950195312
543.8143920898438,182.93148803710938,194.65480041503906
543.7233276367188,183.0257110595703,194.651611328125
543.6322021484375,183.11978149414062,194.64842224121094
543.5380249023438,183.21652221679688,194.64512634277344
543.446533203125,183.31031799316406,194.64190673828125
543.354736328125,183.40394592285156,194.63868713378906
543.2628173828125,183.49742126464844,194.63546752929688
543.1651611328125,183.5963592529297,194.63204956054688
543.0652465820312,183.69720458984375,194.62857055664062
542.9727172851562,183.7902374267578,194.62533569335938
542.8800659179688,183.88311767578125,194.62210083007812
542.7792358398438,183.98374938964844,194.6185760498047
542.6861572265625,184.07630920410156,194.6153564453125
542.5928955078125,184.16873168945312,194.61212158203125
542.4994506835938,184.260986328125,194.60888671875
542.4058227539062,184.3531036376953,194.6056671142578
542.31201171875,184.44505310058594,194.60243225097656
542.218017578125,184.536865234375,194.5991973876953
542.1196899414062,184.6326141357422,194.59584045410156
542.0252685546875,184.72409057617188,194.59262084960938
541.9307250976562,184.81541442871094,194.58941650390625
541.8359985351562,184.90658569335938,194.5862274169922
541.7373657226562,185.00115966796875,194.58290100097656
541.6422729492188,185.09201049804688,194.57972717285156
541.5399169921875,185.18943786621094,194.57630920410156
541.4443969726562,185.2799530029297,194.5731201171875
541.3487548828125,185.37030029296875,194.56997680664062
541.2528686523438,185.46051025390625,194.5668182373047
541.1569213867188,185.55055236816406,194.5636749267578
541.0607299804688,185.64041137695312,194.560546875
540.9600830078125,185.73406982421875,194.55728149414062
540.8634643554688,185.8236083984375,194.55416870117188
540.7667846679688,185.91299438476562,194.5510711669922
540.6698608398438,186.002197265625,194.5479736328125
540.5726928710938,186.09124755859375,194.54490661621094
540.4754028320312,186.1801300048828,194.54183959960938
540.3735961914062,186.27279663085938,194.5386505126953
540.2759399414062,186.36134338378906,194.53562927246094
540.1781005859375,186.44972229003906,194.53260803222656
540.0800170898438,186.53793334960938,194.52960205078125
539.9773559570312,186.6300048828125,194.5264892578125
539.8789672851562,186.71786499023438,194.5235137939453
539.7803955078125,186.8055877685547,194.52056884765625
539.6345825195312,186.93475341796875,194.5162353515625
539.5355224609375,187.02203369140625,194.51332092285156
539.433349609375,187.11180114746094,194.5103302001953
539.3339233398438,187.19874572753906,194.5074462890625
539.234375,187.2855224609375,194.50457763671875
539.1347045898438,187.37213134765625,194.50172424316406
539.0347900390625,187.4585723876953,194.49887084960938
538.9347534179688,187.54486083984375,194.4960479736328
538.8345336914062,187.63096618652344,194.49322509765625
538.7340698242188,187.71690368652344,194.4904022216797
538.633544921875,187.80267333984375,194.48760986328125
538.5327758789062,187.88827514648438,194.4848175048828
538.4318237304688,187.97369384765625,194.4820556640625
538.3307495117188,188.0589599609375,194.4792938232422
538.2294311523438,188.14404296875,194.4765625
538.1279907226562,188.2289581298828,194.47384643554688
538.0263671875,188.31369018554688,194.4711456298828
537.924560546875,188.39825439453125,194.4684600830078
537.8225708007812,188.48265075683594,194.46578979492188
537.720458984375,188.56686401367188,194.46315002441406
537.6182250976562,188.65090942382812,194.4605255126953
537.5157470703125,188.7347869873047,194.45791625976562
537.4130249023438,188.81845092773438,194.45533752441406
537.3102416992188,188.9019775390625,194.4527587890625
537.207275390625,188.9853057861328,194.4501953125
537.1041870117188,189.0684814453125,194.44766235351562
537.0003662109375,189.1519012451172,194.4451141357422
536.8969116210938,189.23472595214844,194.44261169433594
536.793212890625,189.31736755371094,194.4401092529297
536.689453125,189.39984130859375,194.4376220703125
536.5855102539062,189.4821319580078,194.43515014648438
536.4813842773438,189.56423950195312,194.4326934814453
536.3770141601562,189.6461944580078,194.4302520751953
536.2725830078125,189.7279815673828,194.42782592773438
536.16796875,189.80958557128906,194.42539978027344
536.0599975585938,189.89349365234375,194.4229278564453
535.9550170898438,189.9747314453125,194.4205322265625
535.8499145507812,190.05581665039062,194.4181671142578
535.74462890625,190.13670349121094,194.41578674316406
535.6392211914062,190.21742248535156,194.41342163085938
535.5336303710938,190.2979736328125,194.4110565185547
535.4278564453125,190.37835693359375,194.40872192382812
535.3219604492188,190.45855712890625,194.40638732910156
535.2159423828125,190.53857421875,194.404052734375
535.1096801757812,190.61842346191406,194.4017333984375
534.9566040039062,190.73294067382812,194.3984375
534.8499755859375,190.8123321533203,194.3961639404297
534.7431640625,190.89154052734375,194.3939208984375
534.6362915039062,190.97056579589844,194.39169311523438
534.5291748046875,191.0493927001953,194.3894805908203
534.4219360351562,191.1280517578125,194.38729858398438
534.3145751953125,191.20654296875,194.3850860595703
534.1983642578125,191.29115295410156,194.38272094726562
534.0906372070312,191.36929321289062,194.3805389404297
533.9827880859375,191.44725036621094,194.37832641601562
533.8748168945312,191.52503967285156,194.37612915039062
533.7603149414062,191.607177734375,194.373779296875
533.6520385742188,191.68460083007812,194.37155151367188
533.5435791015625,191.76185607910156,194.36932373046875
533.4349975585938,191.83892822265625,194.36708068847656
533.3262329101562,191.9158477783203,194.3648223876953
533.2173461914062,191.99258422851562,194.36256408691406
533.1082763671875,192.0691375732422,194.36032104492188
532.9990234375,192.14549255371094,194.3580780029297
532.8897094726562,192.2216796875,194.35585021972656
532.7781982421875,192.2990264892578,194.35360717773438
532.6594848632812,192.381103515625,194.35121154785156
532.5496215820312,192.4567108154297,194.34901428222656
532.4307250976562,192.5382843017578,194.34661865234375
532.3206176757812,192.61349487304688,194.3444061279297
532.2102661132812,192.68853759765625,194.34219360351562
532.09130859375,192.7691650390625,194.3397979736328
531.980712890625,192.84381103515625,194.33758544921875
531.8616943359375,192.923828125,194.335205078125
531.7508544921875,192.99807739257812,194.33297729492188
531.6398315429688,193.07212829589844,194.3307647705078
531.5286254882812,193.14598083496094,194.3285369873047
531.4172973632812,193.21963500976562,194.32632446289062
531.3057861328125,193.29310607910156,194.3240966796875
531.1895751953125,193.3694305419922,194.32179260253906
531.0778198242188,193.4425048828125,194.31956481933594
530.9658813476562,193.51541137695312,194.31735229492188
530.8538208007812,193.58810424804688,194.3151092529297
530.7416381835938,193.66061401367188,194.31289672851562
530.6292724609375,193.73294067382812,194.3106689453125
530.5167846679688,193.80506896972656,194.3084259033203
530.4041748046875,193.8769989013672,194.3061981201172
530.2913818359375,193.94873046875,194.303955078125
530.1754150390625,194.02215576171875,194.30165100097656
530.0623168945312,194.09349060058594,194.29942321777344
529.9095458984375,194.18942260742188,194.29640197753906
529.796142578125,194.2602996826172,194.29417419433594
529.6824951171875,194.33094787597656,194.29196166992188
529.561767578125,194.40577697753906,194.2895965576172
529.4478759765625,194.4759979248047,194.28738403320312
529.3339233398438,194.54605102539062,194.28517150878906
529.2197265625,194.6158905029297,194.282958984375
529.10546875,194.68553161621094,194.28074645996094
528.9910278320312,194.75497436523438,194.2785186767578
528.8715209960938,194.82723999023438,194.27618408203125
528.7567749023438,194.89627075195312,194.27395629882812
528.6419067382812,194.965087890625,194.27169799804688
528.5269165039062,195.03370666503906,194.26947021484375
528.3984375,195.1100616455078,194.2669677734375
528.2830810546875,195.17825317382812,194.26470947265625
528.1676635742188,195.24623107910156,194.26246643066406
528.0521240234375,195.3140106201172,194.26019287109375
527.9364013671875,195.38157653808594,194.2579345703125
527.820556640625,195.44894409179688,194.25567626953125
527.6993408203125,195.51913452148438,194.25331115722656
527.5831909179688,195.58607482910156,194.2510528564453
527.4669189453125,195.6527862548828,194.24879455566406
527.3505249023438,195.71929931640625,194.2465362548828
527.2339477539062,195.78561401367188,194.2442626953125
527.1173095703125,195.8517303466797,194.2419891357422
527.00048828125,195.91761779785156,194.2397003173828
526.883544921875,195.98330688476562,194.23739624023438
526.7664794921875,196.0487823486328,194.23509216308594
526.6492919921875,196.11404418945312,194.2327880859375
526.5319213867188,196.1790771484375,194.23046875
526.412353515625,196.2450714111328,194.2281036376953
526.2947387695312,196.3096923828125,194.22579956054688
526.177001953125,196.37411499023438,194.2234649658203
526.05908203125,196.4383087158203,194.2211456298828
525.9411010742188,196.5022735595703,194.21881103515625
525.8229370117188,196.5660400390625,194.21646118164062
525.7047119140625,196.62957763671875,194.21412658691406
525.5863037109375,196.69288635253906,194.21176147460938
525.453125,196.76382446289062,194.20912170410156
525.3345336914062,196.82664489746094,194.20675659179688
525.2158203125,196.88922119140625,194.20440673828125
525.0970458984375,196.9515838623047,194.2020263671875
524.9781494140625,197.01368713378906,194.19964599609375
524.8591918945312,197.0755615234375,194.19723510742188
524.7344970703125,197.14013671875,194.19471740722656
524.5643920898438,197.22763061523438,194.19129943847656
524.445068359375,197.28868103027344,194.18890380859375
524.32568359375,197.34951782226562,194.1864776611328
524.2061767578125,197.4100799560547,194.18406677246094
524.0865478515625,197.4704132080078,194.18162536621094
523.966796875,197.530517578125,194.17919921875
523.8470458984375,197.5903778076172,194.17677307128906
523.7186889648438,197.65420532226562,194.17416381835938
523.5986938476562,197.71356201171875,194.1717071533203
523.4785766601562,197.77267456054688,194.16925048828125
523.3583984375,197.83155822753906,194.1667938232422
523.2307739257812,197.8937530517578,194.16416931152344
523.1103515625,197.95213317871094,194.1616973876953
522.9898681640625,198.01025390625,194.15921020507812
522.8693237304688,198.06814575195312,194.15670776367188
522.7486572265625,198.12579345703125,194.1542205810547
522.6278686523438,198.18321228027344,194.15170288085938
522.507080078125,198.2403564453125,194.14918518066406
522.3860473632812,198.29725646972656,194.1466522216797
522.26123046875,198.35572814941406,194.14404296875
522.1400756835938,198.41212463378906,194.14149475097656
522.0188598632812,198.46829223632812,194.13893127441406
521.8974609375,198.52420043945312,194.13636779785156
521.776123046875,198.5798797607422,194.13380432128906
521.6546020507812,198.63528442382812,194.13121032714844
521.5330200195312,198.69044494628906,194.1286163330078
521.411376953125,198.745361328125,194.12600708007812
521.2896728515625,198.800048828125,194.12338256835938
521.1677856445312,198.85446166992188,194.1207275390625
521.0438842773438,198.90951538085938,194.11801147460938
520.921875,198.96343994140625,194.11534118652344
520.7997436523438,199.0171356201172,194.11264038085938
520.6776123046875,199.070556640625,194.10992431640625
520.5552978515625,199.12371826171875,194.10719299316406
520.4329833984375,199.17660522460938,194.10446166992188
520.310546875,199.229248046875,194.1017303466797
520.1879272460938,199.28164672851562,194.0989990234375
520.0651245117188,199.33387756347656,194.09628295898438
519.9421997070312,199.3859100341797,194.09356689453125
519.8189697265625,199.437744140625,194.09085083007812
519.6956787109375,199.48936462402344,194.08815002441406
519.5722045898438,199.54078674316406,194.08543395996094
519.4486083984375,199.59201049804688,194.0827178955078
519.324951171875,199.64303588867188,194.0800018310547
519.201171875,199.69387817382812,194.0772705078125
519.0191650390625,199.76824951171875,194.07327270507812
518.8951416015625,199.81863403320312,194.0705108642578
518.77099609375,199.86888122558594,194.0677490234375
518.6397094726562,199.92176818847656,194.06480407714844
518.5153198242188,199.9716339111328,194.06201171875
518.38134765625,200.025146484375,194.0589599609375
518.2567138671875,200.07467651367188,194.05615234375
518.1319580078125,200.1240234375,194.0532989501953
518.007080078125,200.17320251464844,194.0504608154297
517.882080078125,200.22219848632812,194.047607421875
517.7570190429688,200.27101135253906,194.04473876953125
517.6317749023438,200.3196563720703,194.0418701171875
517.5064086914062,200.3681182861328,194.03900146484375
517.3809204101562,200.4164276123047,194.03611755371094
517.25537109375,200.46456909179688,194.03323364257812
517.1295776367188,200.51254272460938,194.03033447265625
517.0037841796875,200.56033325195312,194.0274200439453
516.8777465820312,200.60797119140625,194.0245361328125
516.7516479492188,200.65542602539062,194.02162170410156
516.6254272460938,200.70274353027344,194.01869201660156
516.488525390625,200.7538299560547,194.01553344726562
516.3515014648438,200.80470275878906,194.01234436035156
516.224853515625,200.85153198242188,194.00942993164062
516.09814453125,200.89820861816406,194.0064697265625
515.9712524414062,200.9447021484375,194.0035400390625
515.8442993164062,200.9910888671875,194.00057983398438
515.7171630859375,201.0373077392578,193.99765014648438
515.5899658203125,201.08338928222656,193.99468994140625
515.4625854492188,201.1293487548828,193.9917449951172
515.3351440429688,201.17515563964844,193.98878479003906
515.2042236328125,201.2220458984375,193.9857635498047
515.054443359375,201.2754364013672,193.98231506347656
514.9266357421875,201.32083129882812,193.9793701171875
514.7986450195312,201.3660888671875,193.97640991210938
514.6705322265625,201.4112548828125,193.97348022460938
514.5424194335938,201.45626831054688,193.97056579589844
514.4140625,201.50119018554688,193.96762084960938
514.28564453125,201.54598999023438,193.96470642089844
514.1571655273438,201.59068298339844,193.96177673339844
514.028564453125,201.63526916503906,193.9588623046875
513.8997802734375,201.67974853515625,193.9559783935547
513.77099609375,201.72413635253906,193.95306396484375
513.6419677734375,201.76841735839844,193.95018005371094
513.512939453125,201.8126220703125,193.94728088378906
513.3837890625,201.85670471191406,193.9444122314453
513.2102661132812,201.9157257080078,193.9405517578125
513.0760498046875,201.96124267578125,193.93759155273438
512.946533203125,202.0050506591797,193.9347381591797
512.81689453125,202.0487823486328,193.931884765625
512.6871948242188,202.09242248535156,193.92904663085938
512.557373046875,202.135986328125,193.92620849609375
512.4274291992188,202.1794891357422,193.92337036132812
512.2974243164062,202.22291564941406,193.9205322265625
512.1672973632812,202.2662811279297,193.91770935058594
512.0370483398438,202.3095703125,193.91490173339844
511.90557861328125,202.3531951904297,193.9120635986328
511.7751770019531,202.3963623046875,193.90927124023438
511.6446533203125,202.43948364257812,193.90646362304688
511.5045166015625,202.4856719970703,193.90345764160156
511.373779296875,202.52865600585938,193.90066528320312
511.24298095703125,202.5715789794922,193.89788818359375
511.1026916503906,202.6174774169922,193.8948974609375
510.9716491699219,202.6602325439453,193.8921356201172
510.8404846191406,202.7029266357422,193.88937377929688
510.7092590332031,202.74554443359375,193.88661193847656
510.5779113769531,202.78810119628906,193.8838653564453
510.4464416503906,202.83056640625,193.88113403320312
510.3090515136719,202.87484741210938,193.87828063964844
510.17742919921875,202.9171905517578,193.87554931640625
510.045654296875,202.95945739746094,193.87283325195312
509.91375732421875,203.00164794921875,193.87014770507812
509.78179931640625,203.04379272460938,193.86746215820312
509.6496887207031,203.08584594726562,193.8647918701172
509.51751708984375,203.1278533935547,193.8621368408203
509.38525390625,203.16978454589844,193.8594970703125
509.2528991699219,203.211669921875,193.85687255859375
509.1177062988281,203.25433349609375,193.85418701171875
508.9851379394531,203.29608154296875,193.85157775878906
508.8524475097656,203.3377685546875,193.84898376464844
508.7196350097656,203.37937927246094,193.84640502929688
508.5867614746094,203.42092895507812,193.8438262939453
508.4537658691406,203.46243286132812,193.84127807617188
508.3206787109375,203.50384521484375,193.83872985839844
508.1875,203.5452117919922,193.836181640625
508.05419921875,203.58651733398438,193.83364868164062
507.9162902832031,203.629150390625,193.8310546875
507.78277587890625,203.67031860351562,193.8285369873047
507.649169921875,203.71141052246094,193.82601928710938
507.5154724121094,203.75245666503906,193.82350158691406
507.3816833496094,203.7934112548828,193.82101440429688
507.19464111328125,203.8505096435547,193.8175506591797
507.0605773925781,203.89129638671875,193.81507873535156
506.9264221191406,203.93203735351562,193.81260681152344
506.79217529296875,203.9727020263672,193.8101348876953
506.6578063964844,204.01327514648438,193.80767822265625
506.5233459472656,204.0537872314453,193.8052215576172
506.3887634277344,204.09422302246094,193.80276489257812
506.2541198730469,204.13458251953125,193.80030822753906
506.11932373046875,204.17486572265625,193.7978515625
505.9820556640625,204.21575927734375,193.79534912109375
505.8362121582031,204.25909423828125,193.79270935058594
505.7004089355469,204.29933166503906,193.7902374267578
505.5652160644531,204.33926391601562,193.7877960205078
505.429931640625,204.37911987304688,193.7853240966797
505.29449462890625,204.4188995361328,193.7828826904297
505.15899658203125,204.45858764648438,193.78042602539062
505.0167236328125,204.5001220703125,193.77784729003906
504.8810119628906,204.53958129882812,193.775390625
504.74517822265625,204.5789337158203,193.77293395996094
504.60919189453125,204.61813354492188,193.77047729492188
504.47314453125,204.65721130371094,193.7679901123047
504.3369445800781,204.69615173339844,193.76551818847656
504.2006530761719,204.7349090576172,193.76303100585938
504.0642395019531,204.77352905273438,193.7605438232422
503.92376708984375,204.8131103515625,193.7579803466797
503.787109375,204.85140991210938,193.7554931640625
503.65032958984375,204.88954162597656,193.75299072265625
503.5040283203125,204.9301300048828,193.7503204345703
503.3670349121094,204.9679412841797,193.747802734375
503.22991943359375,205.0055694580078,193.7452850341797
503.0926818847656,205.04306030273438,193.74276733398438
502.9553527832031,205.08035278320312,193.74024963378906
502.8179016113281,205.1175079345703,193.73770141601562
502.68035888671875,205.1544647216797,193.73516845703125
502.54266357421875,205.1912384033203,193.7326202392578
502.4009094238281,205.22891235351562,193.72999572753906
502.2629699707031,205.26531982421875,193.72743225097656
502.12493896484375,205.3015594482422,193.72488403320312
501.9867858886719,205.33761596679688,193.72230529785156
501.8485107421875,205.3734893798828,193.71974182128906
501.71014404296875,205.40916442871094,193.71717834472656
501.56536865234375,205.44625854492188,193.7144775390625
501.4267578125,205.48155212402344,193.71189880371094
501.28802490234375,205.5166473388672,193.7093048095703
501.149169921875,205.55152893066406,193.70669555664062
500.94561767578125,205.60227966308594,193.702880859375
500.8065185546875,205.63671875,193.7002716064453
500.66729736328125,205.67095947265625,193.6976318359375
500.5279541015625,205.7050323486328,193.69497680664062
500.38848876953125,205.73895263671875,193.69232177734375
500.2489318847656,205.77268981933594,193.68966674804688
500.1092529296875,205.8062744140625,193.68699645996094
499.9694519042969,205.8396759033203,193.68431091308594
499.82958984375,205.8729248046875,193.6815948486328
499.6895751953125,205.90602111816406,193.67889404296875
499.5494689941406,205.93893432617188,193.6761474609375
499.40924072265625,205.9716796875,193.67340087890625
499.2689208984375,206.00425720214844,193.67063903808594
499.1284484863281,206.0366973876953,193.66786193847656
498.9879150390625,206.06895446777344,193.66506958007812
498.8472595214844,206.10105895996094,193.66224670410156
498.70648193359375,206.1330108642578,193.65940856933594
498.56561279296875,206.16481018066406,193.65655517578125
498.4246520996094,206.19644165039062,193.6536865234375
498.2835693359375,206.22793579101562,193.65078735351562
498.1423645019531,206.25924682617188,193.64785766601562
498.0010681152344,206.2904052734375,193.6448974609375
497.8596496582031,206.3214111328125,193.6419219970703
497.7181396484375,206.35226440429688,193.63893127441406
497.5765380859375,206.3829345703125,193.6359100341797
497.4347839355469,206.41343688964844,193.6328582763672
497.2929382324219,206.44378662109375,193.6298065185547
497.1509704589844,206.47396850585938,193.626708984375
497.0083923339844,206.50408935546875,193.62359619140625
496.8662414550781,206.53392028808594,193.62046813964844
496.7239685058594,206.5635986328125,193.6173095703125
496.5815734863281,206.59310913085938,193.6141357421875
496.4390563964844,206.62245178222656,193.61093139648438
496.2893981933594,206.65306091308594,193.6075439453125
496.1466979980469,206.68206787109375,193.60430908203125
496.0038757324219,206.71090698242188,193.60104370117188
495.8609619140625,206.73956298828125,193.59776306152344
495.7178955078125,206.76805114746094,193.59445190429688
495.56793212890625,206.79774475097656,193.59095764160156
495.4246826171875,206.82589721679688,193.58763122558594
495.2799377441406,206.85414123535156,193.58424377441406
495.136474609375,206.8819580078125,193.58087158203125
494.9928894042969,206.9095916748047,193.57748413085938
494.8492126464844,206.9370574951172,193.5740966796875
494.6965637207031,206.96600341796875,193.57046508789062
494.47576904296875,207.00747680664062,193.56520080566406
494.3316955566406,207.03427124023438,193.56175231933594
494.1875305175781,207.06089782714844,193.55828857421875
494.04327392578125,207.08734130859375,193.5548095703125
493.8902893066406,207.11514282226562,193.55111694335938
493.7457580566406,207.14120483398438,193.547607421875
493.6011657714844,207.16709899902344,193.5441131591797
493.4564514160156,207.1927947998047,193.54058837890625
493.3116455078125,207.2183074951172,193.53707885742188
493.166748046875,207.24362182617188,193.53353881835938
493.021728515625,207.26876831054688,193.52999877929688
492.87139892578125,207.2946319580078,193.5263214111328
492.7261657714844,207.3194122314453,193.5227508544922
492.5808410644531,207.34400939941406,193.51919555664062
492.4354248046875,207.368408203125,193.515625
492.2898864746094,207.3926544189453,193.5120391845703
492.14422607421875,207.4167022705078,193.50845336914062
491.9985046386719,207.4405975341797,193.50485229492188
491.8526611328125,207.46429443359375,193.50125122070312
491.6999206542969,207.48890686035156,193.49746704101562
491.54168701171875,207.51419067382812,193.49354553222656
491.39556884765625,207.53732299804688,193.4899139404297
491.2492980957031,207.56028747558594,193.4862823486328
491.10296630859375,207.58306884765625,193.48265075683594
490.95648193359375,207.60568237304688,193.47900390625
490.8099365234375,207.62811279296875,193.47535705566406
490.663330078125,207.65037536621094,193.47171020507812
490.5107116699219,207.67333984375,193.4678955078125
490.3638610839844,207.69525146484375,193.4642333984375
490.2169494628906,207.7169647216797,193.46055603027344
490.0699157714844,207.738525390625,193.45687866210938
489.92279052734375,207.75990295410156,193.45318603515625
489.7755126953125,207.78109741210938,193.44949340820312
489.62823486328125,207.80213928222656,193.44577026367188
489.48077392578125,207.82301330566406,193.4420623779297
489.3332824707031,207.84368896484375,193.43833923339844
489.1856689453125,207.8641815185547,193.4346160888672
489.0379638671875,207.884521484375,193.43089294433594
488.8901672363281,207.90467834472656,193.42715454101562
488.74224853515625,207.92465209960938,193.42343139648438
488.5942687988281,207.9444580078125,193.41969299316406
488.4461669921875,207.96408081054688,193.4159393310547
488.2980041503906,207.9835662841797,193.41220092773438
488.14971923828125,208.00286865234375,193.408447265625
488.0013732910156,208.02203369140625,193.40469360351562
487.79742431640625,208.04812622070312,193.39952087402344
487.6488342285156,208.0669708251953,193.395751953125
487.498779296875,208.08583068847656,193.39195251464844
487.3500061035156,208.10438537597656,193.38816833496094
487.201171875,208.12281799316406,193.38438415527344
487.0481262207031,208.1416015625,193.38047790527344
486.8990783691406,208.15972900390625,193.37669372558594
486.74993896484375,208.177734375,193.3728790283203
486.6007080078125,208.1956024169922,193.36907958984375
486.4513854980469,208.2133331298828,193.36526489257812
486.3019714355469,208.2309112548828,193.3614501953125
486.1524658203125,208.2483367919922,193.35763549804688
486.00286865234375,208.26565551757812,193.35382080078125
485.8531799316406,208.28280639648438,193.34999084472656
485.7004699707031,208.3001708984375,193.34608459472656
485.55059814453125,208.31707763671875,193.34226989746094
485.400634765625,208.33383178710938,193.33843994140625
485.2505798339844,208.35044860839844,193.33460998535156
485.1004333496094,208.366943359375,193.3307647705078
484.9502258300781,208.38330078125,193.32693481445312
484.7998962402344,208.39955139160156,193.32310485839844
484.64947509765625,208.4156494140625,193.31927490234375
484.49896240234375,208.431640625,193.3154296875
484.3483581542969,208.44749450683594,193.31158447265625
484.1977233886719,208.46322631835938,193.3077392578125
484.04693603515625,208.4788360595703,193.3039093017578
483.8960876464844,208.4943389892578,193.30006408691406
483.7451477050781,208.50970458984375,193.29623413085938
483.5941162109375,208.5249481201172,193.2924041748047
483.4429931640625,208.5400848388672,193.28857421875
483.2917785644531,208.5550994873047,193.28472900390625
483.1405029296875,208.5699920654297,193.28091430664062
482.9891052246094,208.58477783203125,193.27708435058594
482.8175354003906,208.6013946533203,193.27276611328125
482.6659851074219,208.61593627929688,193.26895141601562
482.5143127441406,208.63037109375,193.26513671875
482.3625793457031,208.64471435546875,193.26133728027344
482.21075439453125,208.65895080566406,193.25753784179688
482.058837890625,208.67306518554688,193.25372314453125
481.9007873535156,208.68763732910156,193.24978637695312
481.7486877441406,208.7015380859375,193.24598693847656
481.5965270996094,208.71536254882812,193.24220275878906
481.4442443847656,208.72906494140625,193.2384033203125
481.29193115234375,208.74269104003906,193.234619140625
481.1394958496094,208.75619506835938,193.23085021972656
480.91522216796875,208.77589416503906,193.22531127929688
480.7626037597656,208.78916931152344,193.22154235839844
480.6098327636719,208.80235290527344,193.2177734375
480.4570617675781,208.81544494628906,193.2140350341797
480.30413818359375,208.8284454345703,193.21029663085938
480.15118408203125,208.84136962890625,193.20655822753906
479.9981384277344,208.8542022705078,193.20281982421875
479.844970703125,208.86692810058594,193.1990966796875
479.6917419433594,208.8795928955078,193.19537353515625
479.5384521484375,208.8921661376953,193.19166564941406
479.38507080078125,208.90464782714844,193.18795776367188
479.2315979003906,208.9170684814453,193.1842498779297
479.07806396484375,208.9293975830078,193.18055725097656
478.9147644042969,208.94241333007812,193.17665100097656
478.76104736328125,208.95455932617188,193.1729736328125
478.5949401855469,208.9676055908203,193.16900634765625
478.4410705566406,208.9796142578125,193.16534423828125
478.2870788574219,208.9915313720703,193.1616973876953
478.1330261230469,209.00338745117188,193.15805053710938
477.9788818359375,209.01516723632812,193.15440368652344
477.8246765136719,209.02687072753906,193.1507568359375
477.67034912109375,209.0384979248047,193.14712524414062
477.5159606933594,209.05006408691406,193.1435089111328
477.36151123046875,209.06153869628906,193.139892578125
477.2069396972656,209.0729522705078,193.13629150390625
477.0523376464844,209.0843048095703,193.1326904296875
476.8975830078125,209.0955810546875,193.1291046142578
476.7427978515625,209.10679626464844,193.12551879882812
476.5879211425781,209.11793518066406,193.1219482421875
476.4329833984375,209.12901306152344,193.1183624267578
476.2771911621094,209.1400909423828,193.11477661132812
476.1221008300781,209.1510467529297,193.11122131347656
475.9668884277344,209.16192626953125,193.10763549804688
475.8116149902344,209.17274475097656,193.10409545898438
475.6562805175781,209.18350219726562,193.10052490234375
475.5008239746094,209.19419860839844,193.09698486328125
475.3453063964844,209.204833984375,193.0934600830078
475.18487548828125,209.21571350097656,193.08981323242188
475.0292053222656,209.22622680664062,193.08627319335938
474.8734436035156,209.23666381835938,193.08277893066406
474.7176208496094,209.24705505371094,193.07925415039062
474.56170654296875,209.2573699951172,193.07574462890625
474.40570068359375,209.2676239013672,193.07225036621094
474.22747802734375,209.27926635742188,193.06825256347656
474.0713195800781,209.28939819335938,193.06475830078125
473.8423767089844,209.3041534423828,193.05963134765625
473.68603515625,209.3141326904297,193.05613708496094
473.52960205078125,209.32406616210938,193.05264282226562
473.3730773925781,209.3339385986328,193.0491485595703
473.21649169921875,209.34375,193.045654296875
473.059814453125,209.353515625,193.04217529296875
472.9030456542969,209.36322021484375,193.0386962890625
472.7462158203125,209.37286376953125,193.0352325439453
472.58929443359375,209.3824462890625,193.0317840576172
472.43231201171875,209.39198303222656,193.0283203125
472.2752380371094,209.40145874023438,193.0248565673828
472.11810302734375,209.41085815429688,193.0214080810547
471.96087646484375,209.42022705078125,193.0179443359375
471.8035888671875,209.42950439453125,193.01449584960938
471.6462097167969,209.4387664794922,193.0110321044922
471.4887390136719,209.4479522705078,193.00758361816406
471.313720703125,209.4580841064453,193.00375366210938
471.1560974121094,209.46714782714844,193.00030517578125
470.9984130859375,209.47616577148438,192.99685668945312
470.84063720703125,209.48512268066406,192.99342346191406
470.6827697753906,209.4940185546875,192.98997497558594
470.52484130859375,209.50286865234375,192.98654174804688
470.3667907714844,209.5116424560547,192.98309326171875
470.208740234375,209.52040100097656,192.9796600341797
470.0505676269531,209.529052734375,192.97622680664062
469.88922119140625,209.53785705566406,192.9727325439453
469.73089599609375,209.54641723632812,192.9692840576172
469.572509765625,209.554931640625,192.96585083007812
469.41400146484375,209.56336975097656,192.96240234375
469.25543212890625,209.57176208496094,192.95896911621094
469.0968322753906,209.58010864257812,192.95553588867188
468.9381103515625,209.58839416503906,192.9521026611328
468.779296875,209.5966033935547,192.94866943359375
468.6204528808594,209.60476684570312,192.94525146484375
468.45831298828125,209.61305236816406,192.94174194335938
468.2992858886719,209.62110900878906,192.9383087158203
468.14019775390625,209.6291046142578,192.9348907470703
467.9809875488281,209.6370391845703,192.93145751953125
467.82177734375,209.64492797851562,192.9280242919922
467.6624450683594,209.6527557373047,192.92459106445312
467.5030212402344,209.6605224609375,192.92115783691406
467.3435363769531,209.66822814941406,192.91773986816406
467.1839904785156,209.67588806152344,192.914306640625
467.02191162109375,209.68360900878906,192.9108123779297
466.8621826171875,209.69114685058594,192.90737915039062
466.617431640625,209.7025909423828,192.90213012695312
466.4575500488281,209.70999145507812,192.89871215820312
466.2975769042969,209.7173309326172,192.89529418945312
466.1374816894531,209.724609375,192.89186096191406
465.9693603515625,209.73219299316406,192.8882598876953
465.80914306640625,209.73934936523438,192.8848419189453
465.6488342285156,209.7464599609375,192.88140869140625
465.48846435546875,209.7534942626953,192.87799072265625
465.3280334472656,209.76048278808594,192.87457275390625
465.1675109863281,209.7674102783203,192.87115478515625
465.00030517578125,209.77456665039062,192.8675994873047
464.839599609375,209.7813720703125,192.8641815185547
464.6788635253906,209.78811645507812,192.86074829101562
464.51800537109375,209.79481506347656,192.85733032226562
464.3570861816406,209.80145263671875,192.85391235351562
464.19610595703125,209.80801391601562,192.85049438476562
464.0350646972656,209.81454467773438,192.8470916748047
463.8739013671875,209.8209991455078,192.8436737060547
463.71270751953125,209.827392578125,192.84027099609375
463.5513916015625,209.833740234375,192.8368682861328
463.3900451660156,209.8400115966797,192.83346557617188
463.2286071777344,209.84622192382812,192.83004760742188
463.06707763671875,209.85238647460938,192.82666015625
462.9054870605469,209.85848999023438,192.82327270507812
462.7438049316406,209.86451721191406,192.8198699951172
462.5820617675781,209.8704833984375,192.81649780273438
462.3955078125,209.87730407714844,192.81259155273438
462.23358154296875,209.8831787109375,192.80921936035156
462.07159423828125,209.88897705078125,192.8058319091797
461.9095458984375,209.89474487304688,192.80247497558594
461.7474060058594,209.9004669189453,192.79910278320312
461.585205078125,209.9061737060547,192.7957305908203
461.4229431152344,209.91180419921875,192.79237365722656
461.2605895996094,209.91741943359375,192.78900146484375
461.09814453125,209.9229736328125,192.78565979003906
460.93560791015625,209.9285125732422,192.7823028564453
460.7730407714844,209.93399047851562,192.77896118164062
460.6097412109375,209.939453125,192.77560424804688
460.447021484375,209.9448699951172,192.7722930908203
460.2841796875,209.95022583007812,192.76895141601562
460.1213073730469,209.95558166503906,192.76564025878906
459.9583740234375,209.9608612060547,192.76231384277344
459.7953186035156,209.96612548828125,192.75900268554688
459.6322326660156,209.9713592529297,192.75570678710938
459.462646484375,209.97674560546875,192.75225830078125
459.2483825683594,209.9835205078125,192.7479248046875
459.0850524902344,209.9886474609375,192.74462890625
458.91680908203125,209.99388122558594,192.74122619628906
458.7532958984375,209.99893188476562,192.73794555664062
458.5897216796875,210.0039520263672,192.73464965820312
458.42608642578125,210.00894165039062,192.7313690185547
458.2623291015625,210.013916015625,192.7281036376953
458.0985412597656,210.0188446044922,192.72483825683594
457.9346618652344,210.02377319335938,192.72157287597656
457.77069091796875,210.02865600585938,192.71832275390625
457.606689453125,210.0335235595703,192.71507263183594
457.44256591796875,210.03836059570312,192.71182250976562
457.2784118652344,210.0431671142578,192.70858764648438
457.10931396484375,210.04812622070312,192.7052459716797
456.94500732421875,210.0529022216797,192.7020263671875
456.7806091308594,210.0576629638672,192.6988067626953
456.61614990234375,210.06239318847656,192.6956024169922
456.45159912109375,210.06712341308594,192.69239807128906
456.2869567871094,210.07183837890625,192.68917846679688
456.1222839355469,210.07652282714844,192.6859893798828
455.95751953125,210.08120727539062,192.6827850341797
455.79266357421875,210.0858612060547,192.67959594726562
455.624267578125,210.0906219482422,192.6763458251953
455.4592590332031,210.0952606201172,192.6731719970703
455.294189453125,210.09988403320312,192.6699981689453
455.1290588378906,210.1044921875,192.66685485839844
454.9638671875,210.10910034179688,192.6636962890625
454.798583984375,210.11367797851562,192.66055297851562
454.63323974609375,210.11827087402344,192.65740966796875
454.4678039550781,210.12286376953125,192.654296875
454.30230712890625,210.12742614746094,192.65118408203125
454.1367492675781,210.13198852539062,192.6480712890625
453.9710998535156,210.1365509033203,192.6449737548828
453.80535888671875,210.14111328125,192.6418914794922
453.63958740234375,210.14566040039062,192.6387939453125
453.4737243652344,210.15020751953125,192.63571166992188
453.3077697753906,210.15475463867188,192.6326446533203
453.14178466796875,210.1593017578125,192.62957763671875
452.9757080078125,210.16384887695312,192.6265106201172
452.8095397949219,210.16839599609375,192.62344360351562
452.6433410644531,210.17294311523438,192.62039184570312
452.47705078125,210.177490234375,192.6173553466797
452.3106384277344,210.18202209472656,192.61428833007812
452.14422607421875,210.1865692138672,192.61126708984375
451.9776916503906,210.19110107421875,192.6082305908203
451.756591796875,210.1971435546875,192.60423278808594
451.58990478515625,210.20169067382812,192.60121154785156
451.42315673828125,210.20623779296875,192.59820556640625
451.2563171386719,210.21078491210938,192.59519958496094
451.08941650390625,210.21534729003906,192.5922088623047
450.9115295410156,210.22021484375,192.58900451660156
450.7445068359375,210.2247772216797,192.5860137939453
450.5773620605469,210.22933959960938,192.58302307128906
450.41021728515625,210.23391723632812,192.5800323486328
450.2429504394531,210.23849487304688,192.5770263671875
450.07562255859375,210.2430877685547,192.57403564453125
449.908203125,210.2476806640625,192.571044921875
449.72760009765625,210.2526397705078,192.5677947998047
449.5600891113281,210.2572479248047,192.56480407714844
449.382568359375,210.2621307373047,192.56163024902344
449.21484375,210.26675415039062,192.5586395263672
449.0470886230469,210.2713623046875,192.55563354492188
448.8792419433594,210.2760009765625,192.55262756347656
448.7113342285156,210.2806396484375,192.5496368408203
448.5433654785156,210.2852783203125,192.546630859375
448.36614990234375,210.29017639160156,192.54345703125
448.1980285644531,210.2948455810547,192.5404510498047
448.02984619140625,210.29949951171875,192.53744506835938
447.861572265625,210.30418395996094,192.534423828125
447.6932067871094,210.30885314941406,192.53138732910156
447.5248107910156,210.31353759765625,192.52835083007812
447.33465576171875,210.31884765625,192.52493286132812
447.1661071777344,210.32354736328125,192.52188110351562
446.9974670410156,210.32827758789062,192.51882934570312
446.8287658691406,210.33299255371094,192.51577758789062
446.65997314453125,210.33773803710938,192.51271057128906
446.49114990234375,210.3424530029297,192.50965881347656
446.3147277832031,210.34742736816406,192.50645446777344
446.145751953125,210.35218811035156,192.5033721923828
445.9767150878906,210.35694885253906,192.50030517578125
445.80755615234375,210.36172485351562,192.4972381591797
445.63836669921875,210.36651611328125,192.49415588378906
445.4691162109375,210.37130737304688,192.49105834960938
445.29974365234375,210.37611389160156,192.48797607421875
445.13037109375,210.3809356689453,192.48487854003906
444.9608459472656,210.3857421875,192.48178100585938
444.7845764160156,210.39077758789062,192.47854614257812
444.6149597167969,210.39561462402344,192.47543334960938
444.44525146484375,210.40045166015625,192.47232055664062
444.2754821777344,210.40533447265625,192.4691925048828
444.0221862792969,210.41259765625,192.46453857421875
443.8522644042969,210.41748046875,192.46139526367188
443.6822204589844,210.42236328125,192.45828247070312
443.51214599609375,210.42727661132812,192.45513916015625
443.34197998046875,210.43218994140625,192.45201110839844
443.1717529296875,210.43711853027344,192.44886779785156
443.00146484375,210.44204711914062,192.44573974609375
442.8310852050781,210.44699096679688,192.44259643554688
442.66064453125,210.4519500732422,192.43946838378906
442.4901123046875,210.45692443847656,192.43630981445312
442.31951904296875,210.46189880371094,192.4331817626953
442.14581298828125,210.4669647216797,192.42996215820312
441.97509765625,210.4719696044922,192.42681884765625
441.8043212890625,210.47695922851562,192.42367553710938
441.6334228515625,210.4819793701172,192.42051696777344
441.4624938964844,210.4870147705078,192.4173583984375
441.2914733886719,210.49203491210938,192.41419982910156
441.11297607421875,210.497314453125,192.41090393066406
440.94183349609375,210.5023651123047,192.4077606201172
440.7706298828125,210.50743103027344,192.4045867919922
440.5993347167969,210.51251220703125,192.4014434814453
440.4279479980469,210.51760864257812,192.39828491210938
440.2565002441406,210.522705078125,192.39512634277344
440.0849914550781,210.52781677246094,192.39199829101562
439.9134216308594,210.53294372558594,192.3888397216797
439.74176025390625,210.53807067871094,192.3856964111328
439.56646728515625,210.54331970214844,192.3824920654297
439.39471435546875,210.5484619140625,192.37933349609375
439.2224426269531,210.55364990234375,192.37619018554688
439.0505065917969,210.55882263183594,192.37306213378906
438.8785095214844,210.56398010253906,192.36990356445312
438.7064514160156,210.5691680908203,192.36676025390625
438.5343017578125,210.57437133789062,192.36363220214844
438.3620910644531,210.57957458496094,192.36050415039062
438.1897888183594,210.58477783203125,192.35736083984375
438.0159912109375,210.59005737304688,192.3542022705078
437.84356689453125,210.59527587890625,192.35108947753906
437.6711120605469,210.6005096435547,192.3479766845703
437.49853515625,210.60574340820312,192.3448486328125
437.3258972167969,210.61099243164062,192.3417510986328
437.1531982421875,210.61627197265625,192.33863830566406
436.9804382324219,210.6215362548828,192.33554077148438
436.8075866699219,210.62681579589844,192.3324432373047
436.6346435546875,210.632080078125,192.32936096191406
436.4589538574219,210.637451171875,192.3262176513672
436.205078125,210.64523315429688,192.32171630859375
436.03192138671875,210.65054321289062,192.3186492919922
435.85870361328125,210.65585327148438,192.31558227539062
435.6853942871094,210.6611785888672,192.31253051757812
435.5120544433594,210.66650390625,192.30947875976562
435.3385925292969,210.67184448242188,192.30642700195312
435.16510009765625,210.6772003173828,192.30337524414062
434.99151611328125,210.68255615234375,192.30035400390625
434.81787109375,210.68792724609375,192.29733276367188
434.6441650390625,210.6932830810547,192.29429626464844
434.4703674316406,210.6986541748047,192.29129028320312
434.2837219238281,210.70443725585938,192.28807067871094
434.10980224609375,210.7098388671875,192.28506469726562
433.935791015625,210.71522521972656,192.28208923339844
433.76171875,210.7206268310547,192.2790985107422
433.58758544921875,210.7260284423828,192.27613830566406
433.40484619140625,210.73171997070312,192.2730255126953
433.2305908203125,210.73712158203125,192.2700958251953
433.05621337890625,210.74256896972656,192.26715087890625
432.8818359375,210.74798583984375,192.2642059326172
432.7073059082031,210.75343322753906,192.2612762451172
432.53277587890625,210.7588653564453,192.25836181640625
432.34979248046875,210.76458740234375,192.25531005859375
432.17510986328125,210.77003479003906,192.25242614746094
432.0003356933594,210.77549743652344,192.24952697753906
431.82550048828125,210.7809600830078,192.24664306640625
431.6506042480469,210.7864227294922,192.24375915527344
431.47564697265625,210.79188537597656,192.2408905029297
431.2913818359375,210.7976531982422,192.23789978027344
431.11627197265625,210.80313110351562,192.2350616455078
430.9275207519531,210.80902099609375,192.2320098876953
430.7522888183594,210.8144989013672,192.2292022705078
430.5769348144531,210.81997680664062,192.2263946533203
430.40155029296875,210.825439453125,192.22360229492188
430.2261047363281,210.83090209960938,192.2208251953125
430.050537109375,210.83636474609375,192.21807861328125
429.8749694824219,210.84182739257812,192.21531677246094
429.69927978515625,210.84727478027344,192.2125701904297
429.5235290527344,210.8527374267578,192.20985412597656
429.34771728515625,210.8582000732422,192.20713806152344
429.171875,210.8636474609375,192.20443725585938
428.99591064453125,210.86911010742188,192.20175170898438
428.81988525390625,210.8745574951172,192.1990966796875
428.6438293457031,210.8800048828125,192.1964569091797
428.4676513671875,210.8854522705078,192.19383239746094
428.2300720214844,210.89279174804688,192.19033813476562
428.05291748046875,210.8982391357422,192.187744140625
427.87652587890625,210.9036865234375,192.1851806640625
427.7000427246094,210.9091033935547,192.18263244628906
427.5235595703125,210.91452026367188,192.1800994873047
427.3359680175781,210.92027282714844,192.17742919921875
427.1291809082031,210.92660522460938,192.17449951171875
426.95245361328125,210.9320068359375,192.1720428466797
426.7756042480469,210.93740844726562,192.16957092285156
426.5987243652344,210.9427947998047,192.16712951660156
426.4217834472656,210.94818115234375,192.16470336914062
426.2447814941406,210.9535675048828,192.1622772216797
426.0583801269531,210.95921325683594,192.15975952148438
425.8812255859375,210.96458435058594,192.15737915039062
425.7040100097656,210.96994018554688,192.15499877929688
425.5267028808594,210.97528076171875,192.1526336669922
425.3493347167969,210.98060607910156,192.15028381347656
425.1719055175781,210.98593139648438,192.14793395996094
424.9944152832031,210.99124145507812,192.14561462402344
424.81683349609375,210.99655151367188,192.14329528808594
424.6391906738281,211.00186157226562,192.14097595214844
424.4615173339844,211.0071258544922,192.13868713378906
424.28375244140625,211.01242065429688,192.1363983154297
424.10540771484375,211.0177001953125,192.1341094970703
423.9275207519531,211.02294921875,192.1318359375
423.74957275390625,211.0281982421875,192.12957763671875
423.571533203125,211.03343200683594,192.12730407714844
423.38226318359375,211.03897094726562,192.1249237060547
423.1890869140625,211.04461669921875,192.1224822998047
423.0108337402344,211.0498046875,192.1202392578125
422.83251953125,211.05499267578125,192.11802673339844
422.6541748046875,211.06015014648438,192.11581420898438
422.4757080078125,211.0653076171875,192.11361694335938
422.2972106933594,211.07044982910156,192.11141967773438
422.11865234375,211.07557678222656,192.10923767089844
421.9399719238281,211.0806884765625,192.10704040527344
421.7612609863281,211.08580017089844,192.1048583984375
421.578125,211.09100341796875,192.10264587402344
421.3992919921875,211.09608459472656,192.10049438476562
421.2203674316406,211.10113525390625,192.0983428955078
421.0414123535156,211.10618591308594,192.09620666503906
420.8623352050781,211.11122131347656,192.09408569335938
420.6832275390625,211.11624145507812,192.0919647216797
420.5040588378906,211.12123107910156,192.0898895263672
420.3183288574219,211.12640380859375,192.0877227783203
420.0836181640625,211.13290405273438,192.08502197265625
419.9042053222656,211.13784790039062,192.08297729492188
419.7247619628906,211.1427764892578,192.08091735839844
419.5451965332031,211.147705078125,192.07887268066406
419.3656005859375,211.15261840820312,192.0768280029297
419.1859130859375,211.15748596191406,192.07479858398438
418.99993896484375,211.16253662109375,192.0727081298828
418.8200988769531,211.16738891601562,192.07069396972656
418.6402282714844,211.17222595214844,192.0686798095703
418.4602966308594,211.1770477294922,192.06668090820312
418.2802734375,211.18185424804688,192.06468200683594
418.1001892089844,211.1866455078125,192.06271362304688
417.9200439453125,211.19142150878906,192.06076049804688
417.7398376464844,211.19618225097656,192.0587921142578
417.55950927734375,211.20091247558594,192.0568389892578
417.3756103515625,211.2057342529297,192.0548553466797
417.1951904296875,211.21043395996094,192.05291748046875
417.01470947265625,211.21511840820312,192.05096435546875
416.83416748046875,211.21978759765625,192.04904174804688
416.653564453125,211.22445678710938,192.04708862304688
416.472900390625,211.22909545898438,192.04515075683594
416.2921447753906,211.2336883544922,192.043212890625
416.111328125,211.23831176757812,192.04129028320312
415.9304504394531,211.24288940429688,192.03936767578125
415.74951171875,211.2474365234375,192.03744506835938
415.5685119628906,211.251953125,192.0355224609375
415.387451171875,211.2564239501953,192.03363037109375
415.2059326171875,211.26083374023438,192.0316925048828
415.02471923828125,211.26516723632812,192.02978515625
414.8434753417969,211.26942443847656,192.0278778076172
414.6621398925781,211.27359008789062,192.02598571777344
414.4807434082031,211.2776641845703,192.0240936279297
414.2877197265625,211.2819366455078,192.02207946777344
414.106201171875,211.2858428955078,192.0202178955078
413.92462158203125,211.2896728515625,192.0183563232422
413.7429504394531,211.29342651367188,192.0164794921875
413.5612487792969,211.29710388183594,192.01463317871094
413.3709411621094,211.30084228515625,192.01268005371094
413.1891174316406,211.30435180664062,192.01084899902344
413.0072021484375,211.30775451660156,192.0089874267578
412.8119812011719,211.31130981445312,192.00701904296875
412.62994384765625,211.3145294189453,192.0051727294922
412.4478454589844,211.31765747070312,192.0033416748047
412.2656555175781,211.32069396972656,192.0015411376953
412.0834045410156,211.3236541748047,191.99974060058594
411.80963134765625,211.3279266357422,191.9970703125
411.612548828125,211.3309326171875,191.99517822265625
411.4300842285156,211.33363342285156,191.99343872070312
411.24755859375,211.33627319335938,191.99172973632812
411.0649719238281,211.3388671875,191.99002075195312
410.88232421875,211.34136962890625,191.98834228515625
410.6996154785156,211.3438262939453,191.98666381835938
410.5168151855469,211.34617614746094,191.98500061035156
410.3339538574219,211.34848022460938,191.98333740234375
410.1441955566406,211.35079956054688,191.9816131591797
409.961181640625,211.35292053222656,191.97998046875
409.7781677246094,211.35498046875,191.9783477783203
409.59503173828125,211.35694885253906,191.9767303466797
409.4118957519531,211.3588409423828,191.97511291503906
409.2286376953125,211.3606414794922,191.97352600097656
409.04534912109375,211.36236572265625,191.97195434570312
408.8620300292969,211.36398315429688,191.97039794921875
408.6786193847656,211.3655242919922,191.96885681152344
408.4951171875,211.3669891357422,191.96731567382812
408.31158447265625,211.36834716796875,191.9657745361328
408.12799072265625,211.36961364746094,191.96426391601562
407.9443359375,211.3708038330078,191.96275329589844
407.7606201171875,211.3719024658203,191.9612579345703
407.57684326171875,211.37290954589844,191.95974731445312
407.39300537109375,211.3738250732422,191.95823669433594
407.2091369628906,211.37466430664062,191.95672607421875
407.025146484375,211.37542724609375,191.95521545410156
406.8411560058594,211.37606811523438,191.95370483398438
406.6570739746094,211.37664794921875,191.9521942138672
406.472900390625,211.3771209716797,191.95066833496094
406.2886962890625,211.3775177001953,191.94915771484375
406.10443115234375,211.37782287597656,191.94764709472656
405.92010498046875,211.37802124023438,191.94613647460938
405.7357177734375,211.37814331054688,191.94464111328125
405.55126953125,211.37818908691406,191.94313049316406
405.36676025390625,211.37814331054688,191.94163513183594
405.1822204589844,211.3780059814453,191.94015502929688
404.99755859375,211.37782287597656,191.93865966796875
404.8128662109375,211.37754821777344,191.93716430664062
404.6281433105469,211.377197265625,191.93565368652344
404.443359375,211.37677001953125,191.93414306640625
404.2585144042969,211.3762969970703,191.93263244628906
404.0735778808594,211.375732421875,191.93112182617188
403.8862609863281,211.37510681152344,191.92958068847656
403.7012023925781,211.37440490722656,191.9280548095703
403.4427185058594,211.3733367919922,191.92591857910156
403.25750732421875,211.3724822998047,191.92437744140625
403.072265625,211.37156677246094,191.92283630371094
402.88421630859375,211.37057495117188,191.9212646484375
402.6988525390625,211.36953735351562,191.91973876953125
402.513427734375,211.36843872070312,191.91819763183594
402.3279113769531,211.36727905273438,191.9166717529297
402.1423645019531,211.3660888671875,191.91513061523438
401.9567565917969,211.3648223876953,191.91358947753906
401.7710876464844,211.363525390625,191.91204833984375
401.5853576660156,211.36216735839844,191.9105224609375
401.3995666503906,211.36077880859375,191.9089813232422
401.2137145996094,211.35934448242188,191.9074249267578
401.02783203125,211.3578643798828,191.90586853027344
400.8418273925781,211.3563232421875,191.90431213378906
400.6557922363281,211.35476684570312,191.90277099609375
400.4697265625,211.3531494140625,191.90121459960938
400.2835693359375,211.35150146484375,191.89964294433594
400.0973815917969,211.34982299804688,191.89808654785156
399.9111022949219,211.3480987548828,191.8965301513672
399.7247619628906,211.3463592529297,191.8949737548828
399.53839111328125,211.3445587158203,191.89340209960938
399.3519287109375,211.34274291992188,191.89187622070312
399.16278076171875,211.34088134765625,191.89028930664062
398.9762268066406,211.33901977539062,191.88873291015625
398.7895812988281,211.3371124267578,191.88717651367188
398.6028747558594,211.335205078125,191.88563537597656
398.4161376953125,211.333251953125,191.88409423828125
398.22930908203125,211.33128356933594,191.88253784179688
398.0424499511719,211.32931518554688,191.8809814453125
397.8554992675781,211.3273162841797,191.8794403076172
397.66851806640625,211.3253173828125,191.8778839111328
397.4814453125,211.32330322265625,191.8763427734375
397.2943420410156,211.32127380371094,191.8748016357422
397.107177734375,211.3192138671875,191.87327575683594
396.919921875,211.31716918945312,191.87173461914062
396.7326354980469,211.3151092529297,191.87020874023438
396.5452880859375,211.3130645751953,191.8686981201172
396.35784912109375,211.31100463867188,191.86715698242188
396.17041015625,211.30894470214844,191.8656463623047
395.98284912109375,211.30686950683594,191.86415100097656
395.7952575683594,211.3048095703125,191.8626251220703
395.6076354980469,211.30274963378906,191.8611297607422
395.4198913574219,211.3007049560547,191.85963439941406
395.2321472167969,211.29864501953125,191.85813903808594
394.9676208496094,211.2957763671875,191.8560333251953
394.77972412109375,211.29376220703125,191.8545379638672
394.59173583984375,211.29173278808594,191.85305786132812
394.4037170410156,211.28973388671875,191.85159301757812
394.2156066894531,211.2877655029297,191.85012817382812
394.0274963378906,211.28579711914062,191.84866333007812
393.8392639160156,211.2838592529297,191.8472137451172
393.6509704589844,211.28192138671875,191.8457489013672
393.462646484375,211.280029296875,191.8443145751953
393.2742614746094,211.27813720703125,191.84286499023438
393.0858154296875,211.2762908935547,191.84141540527344
392.8973083496094,211.2744598388672,191.83998107910156
392.708740234375,211.27264404296875,191.83856201171875
392.5201110839844,211.2708740234375,191.83712768554688
392.3314208984375,211.2691192626953,191.83570861816406
392.1426696777344,211.26739501953125,191.83428955078125
391.953857421875,211.26571655273438,191.8328857421875
391.7650146484375,211.26405334472656,191.83148193359375
391.5669250488281,211.26234436035156,191.8300323486328
391.3779296875,211.2607421875,191.82862854003906
391.18890380859375,211.25918579101562,191.82723999023438
390.99981689453125,211.25765991210938,191.8258514404297
390.8106689453125,211.2561492919922,191.82447814941406
390.6214599609375,211.2547149658203,191.8230743408203
390.4234619140625,211.2532196044922,191.82162475585938
390.234130859375,211.25184631347656,191.8202362060547
390.04473876953125,211.25048828125,191.81884765625
389.8553161621094,211.24917602539062,191.81748962402344
389.66583251953125,211.24790954589844,191.81610107421875
389.4671936035156,211.24664306640625,191.8146514892578
389.2775573730469,211.24545288085938,191.81326293945312
389.087890625,211.2443084716797,191.8118896484375
388.898193359375,211.2432098388672,191.8105010986328
388.7084045410156,211.2421417236328,191.80914306640625
388.5185241699219,211.24111938476562,191.80775451660156
388.32110595703125,211.2401123046875,191.8063201904297
388.13116455078125,211.23919677734375,191.80494689941406
387.9411315917969,211.23829650878906,191.80355834960938
387.75103759765625,211.2374725341797,191.8021697998047
387.5609436035156,211.23666381835938,191.80079650878906
387.3707580566406,211.2359161376953,191.79940795898438
387.1805114746094,211.23521423339844,191.7980194091797
386.990234375,211.23455810546875,191.79664611816406
386.77850341796875,211.23388671875,191.7950897216797
386.58807373046875,211.23333740234375,191.793701171875
386.3125,211.2326202392578,191.7917022705078
386.1219787597656,211.232177734375,191.79034423828125
385.9313659667969,211.23179626464844,191.78897094726562
385.7406921386719,211.2314453125,191.78761291503906
385.5500183105469,211.2311553955078,191.78623962402344
385.3592224121094,211.2309112548828,191.78488159179688
385.16839599609375,211.23072814941406,191.78350830078125
384.9775085449219,211.23057556152344,191.78211975097656
384.7865905761719,211.23048400878906,191.78074645996094
384.59375,211.23043823242188,191.7793731689453
384.3768615722656,211.23046875,191.77781677246094
384.1857604980469,211.23052978515625,191.7764434814453
383.99456787109375,211.23065185546875,191.77508544921875
383.8033447265625,211.23081970214844,191.7737274169922
383.612060546875,211.23106384277344,191.7723846435547
383.42071533203125,211.23133850097656,191.77102661132812
383.2156677246094,211.23170471191406,191.76959228515625
383.0242004394531,211.23208618164062,191.7682342529297
382.83270263671875,211.23252868652344,191.7668914794922
382.6411437988281,211.2330322265625,191.7655487060547
382.44952392578125,211.23358154296875,191.76419067382812
382.25787353515625,211.23419189453125,191.7628631591797
382.066162109375,211.23484802246094,191.76153564453125
381.8743591308594,211.23558044433594,191.7602081298828
381.6825256347656,211.23634338378906,191.75889587402344
381.49066162109375,211.23716735839844,191.757568359375
381.2987060546875,211.23805236816406,191.7562713623047
381.1067199707031,211.23898315429688,191.75497436523438
380.9146728515625,211.23997497558594,191.753662109375
380.72259521484375,211.24102783203125,191.7523651123047
380.5304260253906,211.24212646484375,191.7510528564453
380.33819580078125,211.2432861328125,191.74974060058594
380.14593505859375,211.2445068359375,191.74844360351562
379.9536437988281,211.2457733154297,191.74713134765625
379.76123046875,211.24710083007812,191.74583435058594
379.5688171386719,211.2484893798828,191.74452209472656
379.3763122558594,211.2499237060547,191.7432098388672
379.1838073730469,211.2514190673828,191.7418975830078
378.9911804199219,211.2529754638672,191.7406005859375
378.7985534667969,211.25457763671875,191.73928833007812
378.6058654785156,211.25624084472656,191.73797607421875
378.4131164550781,211.25794982910156,191.73666381835938
378.2203063964844,211.2597198486328,191.7353515625
378.0274353027344,211.2615203857422,191.7340545654297
377.83453369140625,211.26336669921875,191.7327423095703
377.5702819824219,211.2659912109375,191.73094177246094
377.3772277832031,211.2679443359375,191.72962951660156
377.18414306640625,211.2699432373047,191.7283172607422
376.9889221191406,211.2720184326172,191.72698974609375
376.79571533203125,211.2740936279297,191.7256622314453
376.60247802734375,211.27622985839844,191.72434997558594
376.4091491699219,211.2783966064453,191.7230224609375
376.2158203125,211.28062438964844,191.72169494628906
376.02239990234375,211.28286743164062,191.72035217285156
375.8289489746094,211.28515625,191.71902465820312
375.63543701171875,211.28749084472656,191.71768188476562
375.4418640136719,211.28985595703125,191.71633911132812
375.24249267578125,211.2923126220703,191.7149658203125
375.048828125,211.29473876953125,191.71360778808594
374.8550720214844,211.29718017578125,191.71224975585938
374.66131591796875,211.29966735839844,191.71090698242188
374.4674987792969,211.30215454101562,191.70953369140625
374.2735900878906,211.30465698242188,191.7081756591797
374.07965087890625,211.30718994140625,191.7068328857422
373.8856506347656,211.30972290039062,191.70545959472656
373.6916198730469,211.31228637695312,191.70408630371094
373.49749755859375,211.31483459472656,191.7027130126953
373.3033447265625,211.31741333007812,191.7013397216797
373.1091613769531,211.32000732421875,191.699951171875
372.9148864746094,211.3225860595703,191.69859313964844
372.7205810546875,211.32518005371094,191.69720458984375
372.5262145996094,211.32778930664062,191.69581604003906
372.32684326171875,211.33047485351562,191.69439697265625
372.1323547363281,211.33309936523438,191.6929931640625
371.93780517578125,211.33570861816406,191.69161987304688
371.7432556152344,211.33831787109375,191.69021606445312
371.5486145019531,211.34092712402344,191.68882751464844
371.3539123535156,211.3435516357422,191.68743896484375
371.1591796875,211.3461456298828,191.68603515625
370.96441650390625,211.3487548828125,191.6846466064453
370.7695617675781,211.35134887695312,191.68325805664062
370.57464599609375,211.35394287109375,191.68185424804688
370.37969970703125,211.35650634765625,191.6804656982422
370.1846923828125,211.35906982421875,191.6790771484375
369.9896545410156,211.3616180419922,191.6776885986328
369.7945251464844,211.36415100097656,191.67628479003906
369.599365234375,211.36666870117188,191.67491149902344
369.4041442871094,211.36917114257812,191.67352294921875
369.2088928222656,211.3716583251953,191.67214965820312
369.0135498046875,211.3741455078125,191.67076110839844
368.7369384765625,211.37759399414062,191.6688232421875
368.5414733886719,211.3800048828125,191.66744995117188
368.345947265625,211.3824005126953,191.6660919189453
368.1504211425781,211.384765625,191.66473388671875
367.9548034667969,211.38710021972656,191.6634063720703
367.7591247558594,211.389404296875,191.66204833984375
367.56341552734375,211.3916778564453,191.66070556640625
367.3676452636719,211.3939208984375,191.6593780517578
367.1718444824219,211.39613342285156,191.65805053710938
366.9759826660156,211.3983154296875,191.65672302246094
366.7800598144531,211.40045166015625,191.65541076660156
366.5840759277344,211.40255737304688,191.6540985107422
366.3880310058594,211.4046173095703,191.6527862548828
366.1919250488281,211.40664672851562,191.6514892578125
365.9958190917969,211.40863037109375,191.65020751953125
365.79962158203125,211.41058349609375,191.64891052246094
365.6034240722656,211.4124755859375,191.6476287841797
365.4071044921875,211.4143524169922,191.64634704589844
365.21075439453125,211.41615295410156,191.64508056640625
365.014404296875,211.41793823242188,191.643798828125
364.81793212890625,211.41966247558594,191.6425323486328
364.6214599609375,211.4213409423828,191.64126586914062
364.4250183105469,211.4229736328125,191.63998413085938
364.22857666015625,211.424560546875,191.6387176513672
364.0321044921875,211.42608642578125,191.637451171875
363.835693359375,211.4275665283203,191.6361846923828
363.6393127441406,211.4290008544922,191.63490295410156
363.4429016113281,211.43038940429688,191.6336212158203
363.2465515136719,211.4317169189453,191.63232421875
363.0502014160156,211.43299865722656,191.63104248046875
362.8538818359375,211.43421936035156,191.62974548339844
362.6575622558594,211.43539428710938,191.62843322753906
362.46124267578125,211.43650817871094,191.62713623046875
362.2649841308594,211.4375762939453,191.62582397460938
362.0687255859375,211.43858337402344,191.62449645996094
361.8724670410156,211.43954467773438,191.62318420410156
361.6762390136719,211.44044494628906,191.62185668945312
361.48004150390625,211.44129943847656,191.6205291748047
361.2838439941406,211.44207763671875,191.61920166015625
361.0876770019531,211.44281005859375,191.61785888671875
360.89154052734375,211.44349670410156,191.61651611328125
360.6954040527344,211.44410705566406,191.6151885986328
360.4992980957031,211.44468688964844,191.6138458251953
360.30322265625,211.4451904296875,191.6125030517578
360.1071472167969,211.44564819335938,191.6111602783203
359.8529357910156,211.44613647460938,191.60940551757812
359.6568908691406,211.44647216796875,191.6080780029297
359.4609069824219,211.4467315673828,191.60671997070312
359.264892578125,211.44692993164062,191.60537719726562
359.0689392089844,211.44708251953125,191.60401916503906
358.8682556152344,211.44717407226562,191.60264587402344
358.6723327636719,211.44720458984375,191.60128784179688
358.4764099121094,211.44717407226562,191.5999298095703
358.280517578125,211.44708251953125,191.5985870361328
358.0846252441406,211.44692993164062,191.5972137451172
357.8887939453125,211.4467315673828,191.59585571289062
357.6929626464844,211.44647216796875,191.594482421875
357.49713134765625,211.44615173339844,191.59310913085938
357.3013000488281,211.44578552246094,191.59173583984375
357.1055603027344,211.44537353515625,191.59036254882812
356.9097900390625,211.44491577148438,191.5889892578125
356.71405029296875,211.4444122314453,191.58763122558594
356.518310546875,211.44386291503906,191.58624267578125
356.3226013183594,211.44326782226562,191.58486938476562
356.091064453125,211.44253540039062,191.583251953125
355.8954162597656,211.44183349609375,191.58187866210938
355.6910095214844,211.44107055664062,191.5804443359375
355.495361328125,211.44029235839844,191.57908630371094
355.2991027832031,211.43948364257812,191.5777130126953
355.0988464355469,211.4385986328125,191.57632446289062
354.8659973144531,211.43751525878906,191.57469177246094
354.660400390625,211.43653869628906,191.57325744628906
354.4638366699219,211.435546875,191.57188415527344
354.2682189941406,211.4345245361328,191.5705108642578
354.0726623535156,211.43348693847656,191.5691375732422
353.8770751953125,211.43243408203125,191.56777954101562
353.6757507324219,211.43130493164062,191.5663604736328
353.4801330566406,211.43017578125,191.56500244140625
353.28448486328125,211.4290313720703,191.5636444091797
353.0838317871094,211.42784118652344,191.562255859375
352.8880920410156,211.4266357421875,191.56089782714844
352.69232177734375,211.42543029785156,191.55955505371094
352.49560546875,211.4241943359375,191.5582275390625
352.2997131347656,211.42294311523438,191.556884765625
352.1037902832031,211.42166137695312,191.55557250976562
351.9078674316406,211.4203643798828,191.55422973632812
351.7118225097656,211.41905212402344,191.55291748046875
351.5157775878906,211.41773986816406,191.55160522460938
351.3083190917969,211.41632080078125,191.55023193359375
351.1121826171875,211.4149932861328,191.54893493652344
350.70263671875,211.41213989257812,191.54623413085938
350.5063171386719,211.4107666015625,191.54495239257812
350.30999755859375,211.40939331054688,191.54367065429688
350.1135559082031,211.4080047607422,191.54237365722656
349.9171142578125,211.40660095214844,191.54110717773438
349.7040710449219,211.4051055908203,191.5397186279297
349.4955749511719,211.4036407470703,191.5383758544922
349.2989501953125,211.40223693847656,191.53712463378906
349.09228515625,211.40078735351562,191.53578186035156
348.89556884765625,211.39939880371094,191.53453063964844
348.69879150390625,211.3980255126953,191.5332794189453
348.50201416015625,211.3966522216797,191.5320281982422
348.30511474609375,211.39529418945312,191.53077697753906
348.10821533203125,211.39393615722656,191.52952575683594
347.9095764160156,211.392578125,191.5282745361328
347.71258544921875,211.3912353515625,191.5270538330078
347.4950866699219,211.38978576660156,191.52569580078125
347.2979736328125,211.3884735107422,191.5244598388672
347.1007995605469,211.38719177246094,191.5232391357422
346.9035949707031,211.3859100341797,191.52203369140625
346.7063293457031,211.3846435546875,191.5208282470703
346.509033203125,211.38340759277344,191.51962280273438
346.2910461425781,211.38204956054688,191.51829528808594
346.0936279296875,211.380859375,191.51710510253906
345.8961486816406,211.3796844482422,191.5159149169922
345.6986389160156,211.37852478027344,191.51473999023438
345.5010681152344,211.3773956298828,191.51356506347656
345.303466796875,211.37628173828125,191.51239013671875
345.10577392578125,211.3751983642578,191.51123046875
344.9080505371094,211.3741455078125,191.5100555419922
344.7103271484375,211.37310791015625,191.50889587402344
344.4979248046875,211.37203979492188,191.5076446533203
344.300048828125,211.37106323242188,191.50648498535156
344.1021423339844,211.3701171875,191.50534057617188
343.9041748046875,211.3692169189453,191.50418090820312
343.7062072753906,211.3683319091797,191.50303649902344
343.500732421875,211.36744689941406,191.50184631347656
343.3026428222656,211.3666229248047,191.50070190429688
343.1045227050781,211.36582946777344,191.4995574951172
342.9062805175781,211.36509704589844,191.49842834472656
342.7080993652344,211.3643798828125,191.49728393554688
342.5098876953125,211.36370849609375,191.4961395263672
342.3116455078125,211.363037109375,191.4949951171875
342.1134033203125,211.36244201660156,191.4938507080078
341.8355712890625,211.3616485595703,191.4922332763672
341.6373291015625,211.3611297607422,191.49105834960938
341.4390563964844,211.3606414794922,191.48988342285156
341.2408752441406,211.3601837158203,191.48870849609375
341.0188903808594,211.35972595214844,191.48736572265625
340.8207092285156,211.35935974121094,191.48614501953125
340.6221923828125,211.35902404785156,191.48492431640625
340.4241027832031,211.35873413085938,191.4836883544922
340.2260437011719,211.3584747314453,191.48245239257812
340.0177001953125,211.35824584960938,191.4811553955078
339.81976318359375,211.3580780029297,191.4799041748047
339.62188720703125,211.35794067382812,191.47865295410156
339.424072265625,211.35784912109375,191.47738647460938
339.226318359375,211.3577880859375,191.4761199951172
339.0286560058594,211.35775756835938,191.47483825683594
338.8310852050781,211.35777282714844,191.47354125976562
338.6336364746094,211.3578338623047,191.4722442626953
338.436279296875,211.35792541503906,191.47093200683594
338.2390441894531,211.35804748535156,191.4696044921875
338.04107666015625,211.35821533203125,191.46827697753906
337.84405517578125,211.35842895507812,191.4669189453125
337.6471862792969,211.35865783691406,191.46556091308594
337.4504089355469,211.3589324951172,191.46420288085938
337.2537536621094,211.3592529296875,191.4628448486328
337.0572204589844,211.359619140625,191.46148681640625
336.8608093261719,211.36000061035156,191.46011352539062
336.6645202636719,211.36044311523438,191.458740234375
336.46832275390625,211.36090087890625,191.4573516845703
336.27227783203125,211.3614044189453,191.45599365234375
336.07635498046875,211.36196899414062,191.45460510253906
335.88055419921875,211.362548828125,191.45321655273438
335.6820068359375,211.36317443847656,191.45181274414062
335.4864196777344,211.3638458251953,191.45042419433594
335.2909851074219,211.36453247070312,191.44903564453125
335.0956726074219,211.3652801513672,191.4476318359375
334.9004821777344,211.36605834960938,191.44625854492188
334.7054138183594,211.3668670654297,191.4448699951172
334.51043701171875,211.3677215576172,191.44346618652344
334.31561279296875,211.36862182617188,191.44207763671875
334.1208801269531,211.3695526123047,191.44070434570312
333.9262390136719,211.37051391601562,191.4393310546875
333.7298583984375,211.3715057373047,191.4379425048828
333.5354309082031,211.37254333496094,191.43658447265625
333.3411560058594,211.3735809326172,191.4352264404297
333.14697265625,211.37466430664062,191.4338836669922
332.8826599121094,211.3761749267578,191.43206787109375
332.688720703125,211.3773193359375,191.4307403564453
332.494873046875,211.3784942626953,191.42942810058594
332.3011474609375,211.3796844482422,191.42811584472656
332.1009826660156,211.38095092773438,191.4268035888672
331.907470703125,211.38221740722656,191.425537109375
331.71405029296875,211.3834991455078,191.4242706298828
331.52069091796875,211.38482666015625,191.4230194091797
331.3274841308594,211.38616943359375,191.4217987060547
331.13433837890625,211.38754272460938,191.4205780029297
330.9413146972656,211.38894653320312,191.41937255859375
330.7483825683594,211.390380859375,191.41818237304688
330.5555419921875,211.391845703125,191.41700744628906
330.3628234863281,211.39334106445312,191.41583251953125
330.1701965332031,211.3948516845703,191.4146728515625
329.9776611328125,211.39639282226562,191.4135284423828
329.78521728515625,211.39794921875,191.41238403320312
329.59283447265625,211.39955139160156,191.41123962402344
329.3993835449219,211.40118408203125,191.41012573242188
329.20721435546875,211.40281677246094,191.4090118408203
329.01519775390625,211.4044647216797,191.4079132080078
328.8232116699219,211.4061279296875,191.4068145751953
328.6313781738281,211.40780639648438,191.40574645996094
328.4396057128906,211.4095001220703,191.4046630859375
328.2479553222656,211.4111785888672,191.4036102294922
328.0563659667969,211.41287231445312,191.4025421142578
327.8648986816406,211.41455078125,191.4014892578125
327.6735534667969,211.41619873046875,191.4004364013672
327.4822692871094,211.41786193847656,191.39939880371094
327.29107666015625,211.4195098876953,191.39834594726562
327.10003662109375,211.421142578125,191.39730834960938
326.9090881347656,211.4227752685547,191.39627075195312
326.71826171875,211.4243927001953,191.39523315429688
326.52752685546875,211.4259796142578,191.39418029785156
326.3368835449219,211.4275665283203,191.3931427001953
326.1463317871094,211.4291534423828,191.39207458496094
325.9559631347656,211.43072509765625,191.39102172851562
325.765625,211.43226623535156,191.38998413085938
325.575439453125,211.4337921142578,191.38893127441406
325.3853759765625,211.43528747558594,191.3878936767578
325.1954040527344,211.436767578125,191.3868408203125
325.0055236816406,211.438232421875,191.38580322265625
324.8157653808594,211.43966674804688,191.38475036621094
324.6261291503906,211.4410858154297,191.3837127685547
324.4366455078125,211.44247436523438,191.38265991210938
324.1661376953125,211.4444122314453,191.3811492919922
323.9768981933594,211.44573974609375,191.38011169433594
323.7878112792969,211.447021484375,191.3790740966797
323.5988464355469,211.44827270507812,191.37802124023438
323.4100036621094,211.44949340820312,191.376953125
323.2212829589844,211.45068359375,191.37591552734375
323.03271484375,211.4518280029297,191.37484741210938
322.84429931640625,211.45294189453125,191.37380981445312
322.6559753417969,211.4540252685547,191.3727569580078
322.46783447265625,211.45504760742188,191.37173461914062
322.27984619140625,211.4560546875,191.3706817626953
322.0920104980469,211.45700073242188,191.36965942382812
321.90435791015625,211.45791625976562,191.36862182617188
321.7168884277344,211.4587860107422,191.36758422851562
321.529541015625,211.45960998535156,191.36656188964844
321.3423767089844,211.4603729248047,191.36553955078125
321.1553955078125,211.4611053466797,191.364501953125
320.9685974121094,211.46177673339844,191.36349487304688
320.76739501953125,211.46246337890625,191.36241149902344
320.5809631347656,211.46302795410156,191.36138916015625
320.39471435546875,211.4635467529297,191.36038208007812
320.2086486816406,211.46400451660156,191.359375
320.02276611328125,211.46441650390625,191.35838317871094
319.83709716796875,211.4647979736328,191.35740661621094
319.6515808105469,211.4651336669922,191.35643005371094
319.4606018066406,211.4654083251953,191.35543823242188
319.2755126953125,211.4656524658203,191.35447692871094
319.09063720703125,211.46585083007812,191.35353088378906
318.9059753417969,211.46600341796875,191.35256958007812
318.7215270996094,211.4661407470703,191.3516387939453
318.52838134765625,211.46621704101562,191.3506622314453
318.3443908691406,211.4662628173828,191.34974670410156
318.16058349609375,211.46627807617188,191.3488311767578
317.97705078125,211.4662628173828,191.34793090820312
317.7937316894531,211.46620178222656,191.34701538085938
317.6106262207031,211.46609497070312,191.34613037109375
317.427734375,211.46597290039062,191.34524536132812
317.2451171875,211.46578979492188,191.34439086914062
317.06268310546875,211.465576171875,191.34352111816406
316.8805236816406,211.46531677246094,191.34266662597656
316.6985778808594,211.4650115966797,191.34181213378906
316.51690673828125,211.4646759033203,191.34100341796875
316.3354797363281,211.4643096923828,191.3401641845703
316.154296875,211.46389770507812,191.33935546875
315.9734191894531,211.46343994140625,191.3385467529297
315.7155456542969,211.46275329589844,191.33740234375
315.5353088378906,211.4622039794922,191.33660888671875
315.3553771972656,211.46163940429688,191.3358154296875
315.1756896972656,211.4610137939453,191.3350372314453
314.9963073730469,211.46038818359375,191.3342742919922
314.8043518066406,211.45965576171875,191.3334503173828
314.6255187988281,211.4589385986328,191.3326873779297
314.44708251953125,211.4582061767578,191.33193969726562
314.26885986328125,211.45741271972656,191.33119201660156
314.0765380859375,211.45652770996094,191.3303985595703
313.8989562988281,211.4556884765625,191.3296661376953
313.6926574707031,211.45465087890625,191.32884216308594
313.51568603515625,211.45375061035156,191.32814025878906
313.3390197753906,211.4528045654297,191.3274383544922
313.1626281738281,211.4518280029297,191.32675170898438
312.9854431152344,211.45082092285156,191.32606506347656
312.8096618652344,211.44981384277344,191.32537841796875
312.6211853027344,211.44869995117188,191.32467651367188
312.4460144042969,211.4476318359375,191.32400512695312
312.26263427734375,211.44651794433594,191.32330322265625
312.0804748535156,211.44537353515625,191.3226318359375
311.89337158203125,211.4441680908203,191.3219451904297
311.71038818359375,211.44297790527344,191.32127380371094
311.5128173828125,211.44166564941406,191.32057189941406
311.3205261230469,211.44036865234375,191.31988525390625
311.114501953125,211.43896484375,191.3191375732422
310.90789794921875,211.43753051757812,191.3184051513672
310.703125,211.43612670898438,191.3177032470703
310.53118896484375,211.43492126464844,191.3170928955078
310.35955810546875,211.43373107910156,191.3164825439453
310.18817138671875,211.43251037597656,191.31588745117188
310.0087890625,211.4312744140625,191.3152618408203
309.8380126953125,211.43006896972656,191.3146514892578
309.6641540527344,211.42884826660156,191.3140411376953
309.4940185546875,211.4276580810547,191.31344604492188
309.3224182128906,211.42645263671875,191.3128204345703
309.1528625488281,211.42527770996094,191.31222534179688
308.98358154296875,211.42410278320312,191.3115997314453
308.77740478515625,211.42266845703125,191.31085205078125
308.5760498046875,211.4212646484375,191.31011962890625
308.36566162109375,211.41981506347656,191.30934143066406
308.17156982421875,211.41847229003906,191.30862426757812
307.9969177246094,211.41729736328125,191.30795288085938
307.5724182128906,211.41444396972656,191.3063507080078
307.406005859375,211.41334533691406,191.30569458007812
307.17950439453125,211.411865234375,191.30482482910156
307.0074157714844,211.41073608398438,191.30413818359375
306.8215026855469,211.40956115722656,191.30337524414062
306.6564636230469,211.4085235595703,191.30270385742188
306.49176025390625,211.40748596191406,191.30201721191406
306.3273620605469,211.40647888183594,191.3013458251953
306.1633605957031,211.40550231933594,191.3006591796875
305.9996337890625,211.40452575683594,191.29995727539062
305.8363037109375,211.40357971191406,191.2992706298828
305.6732482910156,211.4026641845703,191.29856872558594
305.5105895996094,211.40174865722656,191.29786682128906
305.3482666015625,211.40086364746094,191.2971649169922
305.1832580566406,211.3999786376953,191.29644775390625
305.0216369628906,211.39913940429688,191.29574584960938
304.8603820800781,211.3983154296875,191.2950439453125
304.699462890625,211.39752197265625,191.29432678222656
304.52618408203125,211.39666748046875,191.29354858398438
304.3659973144531,211.3959197998047,191.2928466796875
304.2061767578125,211.3951873779297,191.29212951660156
304.0467224121094,211.39447021484375,191.29141235351562
303.88763427734375,211.39378356933594,191.2906951904297
303.7276916503906,211.3931121826172,191.28997802734375
303.5693054199219,211.39248657226562,191.2892608642578
303.4112854003906,211.39187622070312,191.28854370117188
303.25360107421875,211.39129638671875,191.287841796875
303.0963134765625,211.3907470703125,191.28712463378906
302.93939208984375,211.39022827148438,191.2864227294922
302.7828063964844,211.38973999023438,191.2857208251953
302.6265869140625,211.38926696777344,191.28501892089844
302.47076416015625,211.38885498046875,191.2843475341797
302.31524658203125,211.38845825195312,191.2836456298828
302.16009521484375,211.38809204101562,191.282958984375
302.00531005859375,211.38775634765625,191.28228759765625
301.8509216308594,211.38746643066406,191.28163146972656
301.6968078613281,211.38720703125,191.2809600830078
301.5431213378906,211.38697814941406,191.28028869628906
301.3897705078125,211.38677978515625,191.27964782714844
301.2367858886719,211.38662719726562,191.27899169921875
301.08416748046875,211.38650512695312,191.27833557128906
300.9319152832031,211.3864288330078,191.27769470214844
300.7799987792969,211.38638305664062,191.2770538330078
300.60772705078125,211.38638305664062,191.27633666992188
300.4566650390625,211.38641357421875,191.27569580078125
300.305908203125,211.38648986816406,191.2750701904297
300.155517578125,211.38661193847656,191.27444458007812
300.0054931640625,211.3867645263672,191.27383422851562
299.8558654785156,211.386962890625,191.27322387695312
299.7065734863281,211.38717651367188,191.2726287841797
299.55767822265625,211.387451171875,191.2720184326172
299.4091491699219,211.38775634765625,191.27142333984375
299.2503662109375,211.3881378173828,191.2707977294922
299.1026306152344,211.38851928710938,191.27020263671875
298.9552001953125,211.38894653320312,191.2696075439453
298.8081970214844,211.38941955566406,191.2689971923828
298.66156005859375,211.38992309570312,191.26840209960938
298.51531982421875,211.39047241210938,191.26780700683594
298.3448791503906,211.3911590576172,191.26712036132812
298.19940185546875,211.3917999267578,191.26651000976562
298.0542907714844,211.39248657226562,191.2659149169922
297.906494140625,211.39324951171875,191.2653045654297
297.7621154785156,211.39401245117188,191.2646942138672
297.6180725097656,211.39483642578125,191.26409912109375
297.47442626953125,211.3957061767578,191.26351928710938
297.3311767578125,211.3966064453125,191.26292419433594
297.18829345703125,211.39756774902344,191.2623291015625
297.0457763671875,211.39854431152344,191.26173400878906
296.90362548828125,211.3995819091797,191.26113891601562
296.7618408203125,211.40066528320312,191.26052856445312
296.62042236328125,211.40179443359375,191.2599334716797
296.4793701171875,211.4029541015625,191.25933837890625
296.338623046875,211.4041748046875,191.2587127685547
296.1982727050781,211.4054412841797,191.25811767578125
296.0583190917969,211.40670776367188,191.25750732421875
295.918701171875,211.4080352783203,191.2568817138672
295.77947998046875,211.40939331054688,191.2562713623047
295.6391296386719,211.41079711914062,191.255615234375
295.5006408691406,211.41221618652344,191.25498962402344
295.36248779296875,211.41366577148438,191.25436401367188
295.2247314453125,211.4151611328125,191.2537384033203
295.0873107910156,211.41668701171875,191.2530975341797
294.9502868652344,211.41824340820312,191.2524871826172
294.8135986328125,211.41983032226562,191.25184631347656
294.67730712890625,211.4214630126953,191.251220703125
294.5413818359375,211.42311096191406,191.2506103515625
294.40582275390625,211.4248046875,191.24996948242188
294.27069091796875,211.426513671875,191.2493438720703
294.0834655761719,211.42893981933594,191.2484588623047
293.9491882324219,211.43072509765625,191.2478485107422
293.80865478515625,211.43264770507812,191.24717712402344
293.6634216308594,211.4346466064453,191.2465057373047
293.5302734375,211.43653869628906,191.24586486816406
293.3974914550781,211.43846130371094,191.2452392578125
293.26507568359375,211.44039916992188,191.24459838867188
293.133056640625,211.44239807128906,191.24398803710938
293.0013732910156,211.4444122314453,191.24334716796875
292.8701171875,211.44644165039062,191.2427215576172
292.7340393066406,211.44859313964844,191.2420654296875
292.6035461425781,211.45068359375,191.24143981933594
292.4734191894531,211.45277404785156,191.24081420898438
292.34368896484375,211.45489501953125,191.24020385742188
292.21429443359375,211.4569854736328,191.23959350585938
292.0853271484375,211.45912170410156,191.23898315429688
291.95672607421875,211.4612579345703,191.23837280273438
291.8284606933594,211.46339416503906,191.23777770996094
291.70062255859375,211.4655303955078,191.2371826171875
291.5731201171875,211.46766662597656,191.23658752441406
291.4459533691406,211.46981811523438,191.2360076904297
291.31915283203125,211.47195434570312,191.2354278564453
291.1927490234375,211.47410583496094,191.23484802246094
291.06671142578125,211.47625732421875,191.23426818847656
290.9410400390625,211.4783935546875,191.23370361328125
290.81573486328125,211.4805450439453,191.23312377929688
290.69085693359375,211.48269653320312,191.2325439453125
290.5657653808594,211.48484802246094,191.2319793701172
290.4405517578125,211.4870147705078,191.23141479492188
290.3167724609375,211.48916625976562,191.23085021972656
290.1933898925781,211.49131774902344,191.23028564453125
290.07037353515625,211.49346923828125,191.229736328125
289.94775390625,211.49560546875,191.2291717529297
289.82550048828125,211.4977569580078,191.22860717773438
289.7035827636719,211.49989318847656,191.22805786132812
289.58099365234375,211.50205993652344,191.2274932861328
289.4598083496094,211.5041961669922,191.22694396972656
289.3390197753906,211.50631713867188,191.2263946533203
289.2185974121094,211.5084686279297,191.22584533691406
289.0984802246094,211.5106201171875,191.2252960205078
288.978759765625,211.5127716064453,191.22476196289062
288.859375,211.51495361328125,191.22422790527344
288.7403869628906,211.5171356201172,191.22369384765625
288.6216735839844,211.5193328857422,191.22317504882812
288.5033264160156,211.52154541015625,191.22265625
288.3612976074219,211.52420043945312,191.22201538085938
288.2436828613281,211.52642822265625,191.2215118408203
288.1264343261719,211.5286407470703,191.22100830078125
288.0094909667969,211.53085327148438,191.2205047607422
287.8929138183594,211.5330810546875,191.2200164794922
287.7767028808594,211.53530883789062,191.21951293945312
287.6607971191406,211.5375213623047,191.21902465820312
287.5452575683594,211.53973388671875,191.21853637695312
287.4292297363281,211.5419464111328,191.21804809570312
287.31439208984375,211.54415893554688,191.21755981445312
287.1998291015625,211.5463409423828,191.2170867919922
287.08563232421875,211.5485382080078,191.2165985107422
286.9717102050781,211.5507049560547,191.2161407470703
286.8581237792969,211.55288696289062,191.2156524658203
286.74481201171875,211.55503845214844,191.21517944335938
286.61553955078125,211.5574951171875,191.21463012695312
286.50286865234375,211.55963134765625,191.21412658691406
286.3905029296875,211.56178283691406,191.21365356445312
286.2784729003906,211.5638885498047,191.21316528320312
286.1667175292969,211.56597900390625,191.21267700195312
286.0552673339844,211.5680694580078,191.21217346191406
285.9441223144531,211.5701446533203,191.211669921875
285.833251953125,211.5721893310547,191.21116638183594
285.7226867675781,211.57423400878906,191.2106475830078
285.6105651855469,211.57627868652344,191.21011352539062
285.5005798339844,211.5782928466797,191.20957946777344
285.39093017578125,211.5802764892578,191.20904541015625
285.2815856933594,211.58224487304688,191.20849609375
285.1725158691406,211.58419799804688,191.2079315185547
285.063720703125,211.58612060546875,191.20736694335938
284.95526123046875,211.58804321289062,191.20680236816406
284.8437194824219,211.58998107910156,191.20619201660156
284.7358093261719,211.59185791015625,191.2056121826172
284.62823486328125,211.59371948242188,191.20501708984375
284.52093505859375,211.59556579589844,191.20440673828125
284.4139099121094,211.5973663330078,191.20379638671875
284.30718994140625,211.59915161132812,191.20318603515625
284.20074462890625,211.6009521484375,191.2025604248047
284.0945739746094,211.60269165039062,191.20193481445312
283.9887390136719,211.60443115234375,191.20130920410156
283.8831787109375,211.60614013671875,191.20066833496094
283.77789306640625,211.60781860351562,191.2000274658203
283.6706848144531,211.60951232910156,191.19937133789062
283.5660095214844,211.61114501953125,191.19871520996094
283.4615783691406,211.61277770996094,191.19805908203125
283.328857421875,211.6147918701172,191.19720458984375
283.2245178222656,211.6163787841797,191.19654846191406
283.11175537109375,211.61805725097656,191.19580078125
283.00860595703125,211.61956787109375,191.19512939453125
282.90576171875,211.62107849121094,191.19444274902344
282.8031921386719,211.62254333496094,191.19375610351562
282.7008972167969,211.62399291992188,191.1930694580078
282.59893798828125,211.6254119873047,191.19236755371094
282.49725341796875,211.62681579589844,191.19168090820312
282.3958740234375,211.62818908691406,191.19097900390625
282.2947692871094,211.62954711914062,191.19027709960938
282.1916198730469,211.6309051513672,191.1895751953125
282.09112548828125,211.6322021484375,191.18887329101562
281.99090576171875,211.63348388671875,191.1881866455078
281.8910217285156,211.63475036621094,191.18746948242188
281.7914733886719,211.635986328125,191.18678283691406
281.69219970703125,211.63719177246094,191.1860809326172
281.5932922363281,211.6383819580078,191.18539428710938
281.49468994140625,211.63955688476562,191.18470764160156
281.39288330078125,211.6407470703125,191.18399047851562
281.2866516113281,211.6419677734375,191.1832275390625
281.1890563964844,211.64306640625,191.1825408935547
281.0864562988281,211.64419555664062,191.1818084716797
280.9895935058594,211.64524841308594,191.18112182617188
280.89306640625,211.6462860107422,191.18043518066406
280.7969055175781,211.6472930908203,191.17974853515625
280.7010498046875,211.64828491210938,191.1790771484375
280.6045837402344,211.64926147460938,191.1783905029297
280.5094299316406,211.65020751953125,191.17770385742188
280.4120178222656,211.65113830566406,191.17701721191406
280.3175964355469,211.65203857421875,191.1763458251953
280.2235107421875,211.6529083251953,191.1757049560547
280.1297607421875,211.6537628173828,191.17503356933594
280.036376953125,211.65460205078125,191.1743927001953
279.9433288574219,211.6553955078125,191.1737518310547
279.84735107421875,211.65621948242188,191.173095703125
279.74725341796875,211.6570587158203,191.17242431640625
279.6552734375,211.65777587890625,191.1717987060547
279.5636291503906,211.6584930419922,191.1711883544922
279.4723815917969,211.65921020507812,191.1705780029297
279.3814392089844,211.65988159179688,191.1699981689453
279.29083251953125,211.66053771972656,191.16940307617188
279.2005920410156,211.66116333007812,191.16883850097656
279.11065673828125,211.66175842285156,191.16827392578125
279.02105712890625,211.662353515625,191.16770935058594
278.9107971191406,211.6630401611328,191.1670379638672
278.82196044921875,211.66357421875,191.16650390625
278.7334289550781,211.66409301757812,191.16598510742188
278.645263671875,211.66458129882812,191.16546630859375
278.5574035644531,211.66506958007812,191.16494750976562
278.4683532714844,211.66552734375,191.16444396972656
278.38116455078125,211.66595458984375,191.16395568847656
278.2942810058594,211.66636657714844,191.16348266601562
278.2071838378906,211.66676330566406,191.16299438476562
278.1209716796875,211.66712951660156,191.1625213623047
278.0350341796875,211.66746520996094,191.1620635986328
277.94940185546875,211.6678009033203,191.16162109375
277.8641052246094,211.6680908203125,191.16114807128906
277.7790832519531,211.6683807373047,191.1606903076172
277.6944274902344,211.6686553955078,191.16024780273438
277.61004638671875,211.66891479492188,191.15980529785156
277.5260314941406,211.6691436767578,191.1593475341797
277.44232177734375,211.66937255859375,191.1588897705078
277.3589782714844,211.6695556640625,191.15843200683594
277.2759094238281,211.66973876953125,191.15798950195312
277.1932067871094,211.66990661621094,191.1575164794922
277.11083984375,211.6700439453125,191.1570587158203
277.02880859375,211.670166015625,191.15658569335938
276.94708251953125,211.6702880859375,191.15611267089844
276.86572265625,211.67037963867188,191.15565490722656
276.7846984863281,211.6704559326172,191.15516662597656
276.7040100097656,211.6705322265625,191.15467834472656
276.6190185546875,211.6705780029297,191.15415954589844
276.5390625,211.6706085205078,191.15365600585938
276.45941162109375,211.67063903808594,191.15316772460938
276.3730773925781,211.67063903808594,191.15261840820312
276.294189453125,211.67062377929688,191.1521453857422
276.2156066894531,211.67059326171875,191.1516571044922
276.13739013671875,211.67054748535156,191.15118408203125
276.0595397949219,211.67050170898438,191.15069580078125
275.98199462890625,211.67042541503906,191.1502227783203
275.90478515625,211.6703338623047,191.14976501464844
275.8279113769531,211.67022705078125,191.14930725097656
275.75140380859375,211.6701202392578,191.14883422851562
275.67523193359375,211.6699981689453,191.1483917236328
275.59942626953125,211.6698760986328,191.14793395996094
275.52392578125,211.6697235107422,191.14747619628906
275.4487609863281,211.6695556640625,191.1470489501953
275.37396240234375,211.6693878173828,191.1466064453125
275.29949951171875,211.669189453125,191.1461639404297
275.18408203125,211.66888427734375,191.14549255371094
275.1105041503906,211.6686553955078,191.1450653076172
275.02716064453125,211.66839599609375,191.14459228515625
274.954345703125,211.6681671142578,191.14418029785156
274.8818054199219,211.66790771484375,191.14378356933594
274.8077087402344,211.66763305664062,191.14337158203125
274.7297058105469,211.66732788085938,191.1429443359375
274.658203125,211.66705322265625,191.14254760742188
274.5870361328125,211.666748046875,191.1421661376953
274.5162048339844,211.66644287109375,191.1417694091797
274.4456787109375,211.66612243652344,191.1414031982422
274.3755187988281,211.66580200195312,191.14100646972656
274.3056640625,211.6654815673828,191.14060974121094
274.2337646484375,211.66513061523438,191.1401824951172
274.16461181640625,211.66477966308594,191.13978576660156
274.0958251953125,211.6644287109375,191.13937377929688
274.0273742675781,211.6640625,191.13897705078125
273.959228515625,211.66368103027344,191.13856506347656
273.89141845703125,211.66329956054688,191.13816833496094
273.8240051269531,211.6629180908203,191.13775634765625
273.7568664550781,211.66250610351562,191.13735961914062
273.6900939941406,211.662109375,191.136962890625
273.6236572265625,211.66168212890625,191.13656616210938
273.55755615234375,211.66127014160156,191.13616943359375
273.4917907714844,211.6608428955078,191.13577270507812
273.4263916015625,211.66038513183594,191.1353759765625
273.3612976074219,211.65994262695312,191.13499450683594
273.2965087890625,211.6594696044922,191.13462829589844
273.2320861816406,211.6590118408203,191.1342315673828
273.16796875,211.6585235595703,191.13388061523438
273.1042175292969,211.6580352783203,191.13352966308594
273.0408020019531,211.6575469970703,191.1331787109375
272.9682922363281,211.65696716308594,191.13278198242188
272.90557861328125,211.65646362304688,191.1324462890625
272.84320068359375,211.65594482421875,191.1321258544922
272.7811584472656,211.65541076660156,191.13180541992188
272.71942138671875,211.65489196777344,191.13150024414062
272.65802001953125,211.65435791015625,191.13119506835938
272.59344482421875,211.65377807617188,191.13088989257812
272.53271484375,211.6532440185547,191.13059997558594
272.4723205566406,211.65269470214844,191.13031005859375
272.4122619628906,211.6521453857422,191.13002014160156
272.3525085449219,211.65158081054688,191.12973022460938
272.2931213378906,211.65101623535156,191.12945556640625
272.2339782714844,211.6504669189453,191.12916564941406
272.1686706542969,211.64984130859375,191.12884521484375
272.1102600097656,211.64927673339844,191.12855529785156
272.05218505859375,211.64871215820312,191.12823486328125
271.994384765625,211.6481475830078,191.1279296875
271.9369201660156,211.64756774902344,191.12762451171875
271.8762512207031,211.64697265625,191.1272735595703
271.8194580078125,211.64639282226562,191.126953125
271.76300048828125,211.6458282470703,191.12661743164062
271.70684814453125,211.64524841308594,191.12628173828125
271.6502380371094,211.64466857910156,191.12591552734375
271.5947570800781,211.6441192626953,191.1255645751953
271.5395812988281,211.6435546875,191.12521362304688
271.4847412109375,211.6430206298828,191.12486267089844
271.43023681640625,211.64247131347656,191.12449645996094
271.3760070800781,211.6419219970703,191.12413024902344
271.3221130371094,211.6414031982422,191.123779296875
271.2685546875,211.640869140625,191.1234130859375
271.2153015136719,211.6403350830078,191.12306213378906
271.162353515625,211.6398162841797,191.12269592285156
271.1097717285156,211.6392822265625,191.12234497070312
271.0574951171875,211.63877868652344,191.12200927734375
271.00543212890625,211.6382598876953,191.1216583251953
270.95379638671875,211.6377410888672,191.12132263183594
270.9024658203125,211.63723754882812,191.12098693847656
270.8514404296875,211.63671875,191.1206512451172
270.80072021484375,211.63621520996094,191.12033081054688
270.7503356933594,211.63572692871094,191.12002563476562
270.7002868652344,211.63522338867188,191.11973571777344
270.6427001953125,211.63465881347656,191.119384765625
270.5932922363281,211.63417053222656,191.11907958984375
270.54425048828125,211.63369750976562,191.11880493164062
270.4954528808594,211.6332244873047,191.1185302734375
270.447021484375,211.63275146484375,191.11825561523438
270.3988952636719,211.63229370117188,191.11798095703125
270.3489990234375,211.63182067871094,191.11770629882812
270.30157470703125,211.63137817382812,191.117431640625
270.2544250488281,211.6309356689453,191.1171875
270.2076416015625,211.6304931640625,191.11691284179688
270.16119384765625,211.63006591796875,191.11663818359375
270.1150207519531,211.62965393066406,191.1163787841797
270.0692138671875,211.62924194335938,191.11611938476562
270.0237121582031,211.6288299560547,191.1158447265625
269.9785461425781,211.62843322753906,191.11558532714844
269.9336853027344,211.6280517578125,191.11532592773438
269.8887023925781,211.62765502929688,191.1150665283203
269.8297119140625,211.6271514892578,191.11473083496094
269.7859191894531,211.6267852783203,191.1144561767578
269.74237060546875,211.62643432617188,191.11419677734375
269.6991882324219,211.62606811523438,191.1139373779297
269.6564025878906,211.62571716308594,191.11367797851562
269.6138610839844,211.62538146972656,191.11341857910156
269.5716552734375,211.62503051757812,191.11317443847656
269.5298156738281,211.62469482421875,191.11293029785156
269.48828125,211.62437438964844,191.1126708984375
269.4470520019531,211.62405395507812,191.1124267578125
269.4061279296875,211.6237335205078,191.1121826171875
269.3655700683594,211.6234130859375,191.1119384765625
269.3250427246094,211.6230926513672,191.1116943359375
269.28509521484375,211.622802734375,191.1114501953125
269.2454528808594,211.6224822998047,191.11122131347656
269.2061462402344,211.6221923828125,191.11097717285156
269.16717529296875,211.62188720703125,191.11074829101562
269.12799072265625,211.62159729003906,191.11050415039062
269.0886535644531,211.62130737304688,191.1102752685547
269.0506286621094,211.6210174560547,191.11004638671875
269.012939453125,211.6207275390625,191.10983276367188
268.9755554199219,211.62045288085938,191.10960388183594
268.9385070800781,211.62017822265625,191.109375
268.9018249511719,211.6199188232422,191.10914611816406
268.86541748046875,211.61962890625,191.1089324951172
268.8293762207031,211.61936950683594,191.1087188720703
268.79364013671875,211.61911010742188,191.10850524902344
268.75823974609375,211.61883544921875,191.1082763671875
268.72314453125,211.6185760498047,191.1080780029297
268.6883850097656,211.6183319091797,191.1078643798828
268.6539611816406,211.61807250976562,191.10765075683594
268.6198425292969,211.61781311035156,191.10745239257812
268.58563232421875,211.61756896972656,191.1072540283203
268.5521545410156,211.6173095703125,191.10704040527344
268.51904296875,211.61708068847656,191.10684204101562
268.4862365722656,211.6168212890625,191.1066436767578
268.45379638671875,211.61659240722656,191.10646057128906
268.4216613769531,211.61636352539062,191.10626220703125
268.3898620605469,211.6161346435547,191.1060791015625
268.35833740234375,211.61590576171875,191.10589599609375
268.3223876953125,211.6156463623047,191.10568237304688
268.2915954589844,211.61541748046875,191.1055145263672
268.2611083984375,211.61520385742188,191.10533142089844
268.23095703125,211.61497497558594,191.1051483154297
268.20111083984375,211.61477661132812,191.10498046875
268.1665344238281,211.61453247070312,191.1047821044922
268.13739013671875,211.6143341064453,191.1046142578125
268.1085205078125,211.6141357421875,191.10446166992188
268.0799560546875,211.6139373779297,191.10430908203125
268.0516662597656,211.61373901367188,191.1041259765625
268.0236511230469,211.61355590820312,191.10398864746094
267.9959411621094,211.6133575439453,191.1038360595703
267.968505859375,211.61317443847656,191.1036834716797
267.9413757324219,211.6129913330078,191.10353088378906
267.91387939453125,211.61282348632812,191.1033935546875
267.8872375488281,211.61264038085938,191.10325622558594
267.86090087890625,211.6124725341797,191.10311889648438
267.8348083496094,211.61228942871094,191.1029815673828
267.8089904785156,211.61212158203125,191.10287475585938
267.78338623046875,211.61196899414062,191.1027374267578
267.758056640625,211.61180114746094,191.10263061523438
267.73291015625,211.6116485595703,191.10250854492188
267.7071533203125,211.61148071289062,191.10240173339844
267.6824645996094,211.611328125,191.10227966308594
267.65802001953125,211.61119079589844,191.10218811035156
267.6337890625,211.6110382080078,191.10206604003906
267.6097717285156,211.6108856201172,191.1019744873047
267.5859069824219,211.61074829101562,191.1018829345703
267.5612487792969,211.610595703125,191.10177612304688
267.5378112792969,211.61045837402344,191.10166931152344
267.51287841796875,211.6103057861328,191.1015625
267.4897766113281,211.61016845703125,191.10147094726562
267.4650573730469,211.6100311279297,191.1013641357422
267.44232177734375,211.60987854003906,191.10125732421875
267.41973876953125,211.60975646972656,191.10116577148438
267.39727783203125,211.60963439941406,191.10107421875
267.375,211.6094970703125,191.10096740722656
267.35284423828125,211.60935974121094,191.10086059570312
267.3302917480469,211.60923767089844,191.1007537841797
267.30841064453125,211.6090850830078,191.1006317138672
267.28668212890625,211.6089630126953,191.10052490234375
267.26513671875,211.6088409423828,191.10040283203125
267.24371337890625,211.60870361328125,191.10028076171875
267.2225341796875,211.6085968017578,191.1001434326172
267.20013427734375,211.60845947265625,191.0999755859375
267.179443359375,211.6083221435547,191.09982299804688
267.1589660644531,211.6082000732422,191.09963989257812
267.1387939453125,211.6080780029297,191.09945678710938
267.11767578125,211.6079559326172,191.0992431640625
267.0980529785156,211.60781860351562,191.09902954101562
267.073974609375,211.60768127441406,191.09873962402344
267.05499267578125,211.60755920410156,191.09849548339844
267.0354309082031,211.60743713378906,191.0982208251953
267.0148010253906,211.6072998046875,191.09793090820312
266.9967041015625,211.60719299316406,191.09765625
266.97882080078125,211.60708618164062,191.0973663330078
266.9612121582031,211.60696411132812,191.0970916748047
266.9438171386719,211.60687255859375,191.09678649902344
266.92669677734375,211.60675048828125,191.0965118408203
266.9098205566406,211.6066436767578,191.09622192382812
266.8931579589844,211.60653686523438,191.09593200683594
266.8763122558594,211.6064453125,191.09564208984375
266.8601989746094,211.6063232421875,191.0953826904297
266.8443298339844,211.60623168945312,191.0950927734375
266.8287658691406,211.60614013671875,191.09483337402344
266.8135070800781,211.6060333251953,191.09457397460938
266.7984619140625,211.60594177246094,191.0943145751953
266.7831726074219,211.6058349609375,191.0940704345703
266.7687683105469,211.60574340820312,191.0938262939453
266.754638671875,211.60565185546875,191.09359741210938
266.7408447265625,211.60556030273438,191.09336853027344
266.7273254394531,211.60546875,191.0931396484375
266.7140808105469,211.6053924560547,191.0929412841797
266.7010803222656,211.60528564453125,191.0927276611328
266.6884765625,211.605224609375,191.09254455566406
266.6761779785156,211.60513305664062,191.0923614501953
266.6641845703125,211.60504150390625,191.09217834472656
266.6524963378906,211.60498046875,191.09202575683594
266.64117431640625,211.60488891601562,191.0918731689453
266.6300964355469,211.60482788085938,191.09173583984375
266.619384765625,211.60475158691406,191.0915985107422
266.6089782714844,211.6046905517578,191.0914764404297
266.5989074707031,211.6046142578125,191.0913848876953
266.5891418457031,211.6045379638672,191.09127807617188
266.5796813964844,211.60447692871094,191.0911865234375
266.570556640625,211.6044158935547,191.09112548828125
266.5617370605469,211.6043701171875,191.09104919433594
266.5523986816406,211.60430908203125,191.09100341796875
266.5442810058594,211.604248046875,191.09095764160156
266.5364685058594,211.60418701171875,191.09092712402344
266.52899169921875,211.6041259765625,191.0908966064453
266.5218200683594,211.6040802001953,191.0908966064453
266.5150146484375,211.60403442382812,191.0908966064453
266.50830078125,211.60398864746094,191.0908966064453
266.5021667480469,211.60394287109375,191.09091186523438
266.4951477050781,211.60389709472656,191.0909423828125
266.4898376464844,211.60386657714844,191.09097290039062
266.48486328125,211.6038360595703,191.0910186767578
266.4802551269531,211.60379028320312,191.09104919433594
266.4759826660156,211.60377502441406,191.09109497070312
266.4720458984375,211.603759765625,191.09115600585938
266.4684753417969,211.60372924804688,191.0911865234375
266.4652404785156,211.60369873046875,191.09124755859375
266.4623718261719,211.6036834716797,191.09130859375
266.459716796875,211.60366821289062,191.0913543701172
266.45758056640625,211.60366821289062,191.09140014648438
266.4557800292969,211.60365295410156,191.09144592285156
266.454345703125,211.60365295410156,191.0915069580078
266.4532470703125,211.60365295410156,191.091552734375
266.4525146484375,211.60365295410156,191.0915985107422
266.4521179199219,211.60365295410156,191.09164428710938
266.4521484375,211.60365295410156,191.0916748046875
266.4525146484375,211.60365295410156,191.0917205810547
266.4532165527344,211.60365295410156,191.0917510986328
266.45428466796875,211.60366821289062,191.09178161621094
266.4556579589844,211.6036834716797,191.09181213378906
266.45733642578125,211.6036834716797,191.0918426513672
266.45941162109375,211.60369873046875,191.0918731689453
266.4617004394531,211.6037139892578,191.09190368652344
266.4642028808594,211.60372924804688,191.09194946289062
266.4668884277344,211.60374450683594,191.0919647216797
266.4698181152344,211.603759765625,191.09202575683594
266.472900390625,211.60377502441406,191.09207153320312
266.4761657714844,211.6038055419922,191.09213256835938
266.4794921875,211.60382080078125,191.09219360351562
266.4828796386719,211.60385131835938,191.09228515625
266.48614501953125,211.60386657714844,191.09237670898438
266.48919677734375,211.6038818359375,191.09249877929688
266.4920349121094,211.60389709472656,191.09263610839844
266.49456787109375,211.60391235351562,191.09278869628906
266.4967346191406,211.6039276123047,191.09295654296875
266.4985656738281,211.60394287109375,191.09315490722656
266.500244140625,211.6039581298828,191.09341430664062
266.50140380859375,211.6039581298828,191.09365844726562
266.50225830078125,211.6039581298828,191.09393310546875
266.50286865234375,211.6039581298828,191.09420776367188
266.5032958984375,211.60397338867188,191.09451293945312
266.5035705566406,211.60397338867188,191.09483337402344
266.50372314453125,211.60397338867188,191.09515380859375
266.50384521484375,211.60397338867188,191.0955047607422
266.50390625,211.60397338867188,191.0958709716797
266.50396728515625,211.60397338867188,191.09619140625
266.5040283203125,211.60398864746094,191.0964813232422
266.50408935546875,211.60398864746094,191.0967559814453
266.5041809082031,211.60398864746094,191.09701538085938
266.50433349609375,211.60398864746094,191.09722900390625
266.5044860839844,211.60398864746094,191.09742736816406
266.50469970703125,211.60400390625,191.0975799560547
266.50494384765625,211.60400390625,191.09771728515625
266.5052490234375,211.60400390625,191.0978240966797
266.50555419921875,211.60401916503906,191.097900390625
266.50592041015625,211.60401916503906,191.09796142578125
266.5063171386719,211.60403442382812,191.09800720214844
266.5067138671875,211.60403442382812,191.09803771972656
266.50714111328125,211.6040496826172,191.09805297851562
266.5075378417969,211.6040496826172,191.09803771972656
266.5075378417969,211.6040496826172,191.09803771972656
266.5075378417969,211.6040496826172,191.09803771972656
266.5075378417969,211.6040496826172,191.09803771972656
266.50750732421875,211.6040496826172,191.09803771972656
266.50750732421875,211.6040496826172,191.09803771972656
266.50750732421875,211.6040496826172,191.09803771972656
266.50750732421875,211.6040496826172,191.09803771972656
266.5074768066406,211.6040496826172,191.09803771972656
266.5074768066406,211.6040496826172,191.09803771972656
266.5074768066406,211.60403442382812,191.09803771972656
266.5074768066406,211.60403442382812,191.09803771972656
266.5074768066406,211.60403442382812,191.09803771972656
266.5074462890625,211.60403442382812,191.09803771972656
266.5074462890625,211.60403442382812,191.0980224609375
266.5074462890625,211.60403442382812,191.0980224609375
266.5074462890625,211.60403442382812,191.0980224609375
266.5074462890625,211.60403442382812,191.0980224609375
266.5074462890625,211.60403442382812,191.0980224609375
266.5074462890625,211.60403442382812,191.09800720214844
266.5074462890625,211.60403442382812,191.09800720214844
266.5074462890625,211.60403442382812,191.09799194335938
266.5074462890625,211.60403442382812,191.09799194335938
266.5074462890625,211.60403442382812,191.09799194335938
266.5074462890625,211.60403442382812,191.0979766845703
266.5074462890625,211.60403442382812,191.0979766845703
266.5074462890625,211.60403442382812,191.09796142578125
266.5074462890625,211.60403442382812,191.09796142578125
266.5074462890625,211.60403442382812,191.0979461669922
266.5074462890625,211.60403442382812,191.0979461669922
266.5074462890625,211.60403442382812,191.09793090820312
266.5074462890625,211.60403442382812,191.09791564941406
266.5074462890625,211.60403442382812,191.09791564941406
266.5074462890625,211.60403442382812,191.097900390625
266.5074462890625,211.60403442382812,191.097900390625
266.5074462890625,211.60403442382812,191.09788513183594
266.5074462890625,211.60403442382812,191.09786987304688
266.5074157714844,211.60403442382812,191.0978546142578
266.5074157714844,211.60403442382812,191.0978546142578
266.5074157714844,211.60403442382812,191.09783935546875
266.5074157714844,211.60403442382812,191.0978240966797
266.5074157714844,211.60403442382812,191.09780883789062
266.5074157714844,211.60403442382812,191.09779357910156
266.5074157714844,211.60403442382812,191.09779357910156
266.5074157714844,211.60403442382812,191.0977783203125
266.5074157714844,211.60403442382812,191.09776306152344
266.5074157714844,211.60403442382812,191.09774780273438
266.5074157714844,211.60403442382812,191.0977325439453
266.5074157714844,211.60403442382812,191.0977325439453
266.5074157714844,211.60403442382812,191.09771728515625
266.5074157714844,211.60403442382812,191.0977020263672
266.5074157714844,211.60403442382812,191.09768676757812
266.5074157714844,211.60403442382812,191.09767150878906
266.5074157714844,211.60403442382812,191.09765625
266.5074157714844,211.60403442382812,191.09764099121094
266.5074157714844,211.60403442382812,191.09764099121094
266.5074157714844,211.60403442382812,191.09762573242188
266.5074157714844,211.60403442382812,191.0976104736328
266.5074157714844,211.60403442382812,191.09759521484375
266.5074157714844,211.60403442382812,191.0975799560547
266.5074157714844,211.60403442382812,191.09756469726562
266.5074157714844,211.60403442382812,191.09754943847656
266.5074157714844,211.60403442382812,191.0975341796875
266.5074157714844,211.60403442382812,191.0975341796875
266.5074157714844,211.60403442382812,191.09751892089844
266.5074157714844,211.60403442382812,191.09750366210938
266.5074157714844,211.60403442382812,191.0974884033203
266.5074157714844,211.60403442382812,191.09747314453125
266.5074157714844,211.6040496826172,191.0974578857422
266.5074157714844,211.6040496826172,191.09744262695312
266.5074157714844,211.6040496826172,191.09742736816406
266.50738525390625,211.6040496826172,191.097412109375
266.50738525390625,211.6040496826172,191.09739685058594
266.50738525390625,211.6040496826172,191.09738159179688
266.50738525390625,211.6040496826172,191.0973663330078
266.50738525390625,211.6040496826172,191.09735107421875
266.50738525390625,211.6040496826172,191.0973358154297
266.50738525390625,211.6040496826172,191.09732055664062
266.50738525390625,211.6040496826172,191.09730529785156
266.50738525390625,211.6040496826172,191.0972900390625
266.50738525390625,211.6040496826172,191.09727478027344
266.50738525390625,211.6040496826172,191.09725952148438
266.50738525390625,211.6040496826172,191.0972442626953
266.50738525390625,211.6040496826172,191.09722900390625
266.50738525390625,211.6040496826172,191.0972137451172
266.50738525390625,211.6040496826172,191.09719848632812
266.50738525390625,211.6040496826172,191.09718322753906
266.50738525390625,211.6040496826172,191.09716796875
266.50738525390625,211.6040496826172,191.09715270996094
266.50738525390625,211.6040496826172,191.09713745117188
266.50738525390625,211.6040496826172,191.0971221923828
266.50738525390625,211.6040496826172,191.09710693359375
266.50738525390625,211.6040496826172,191.0970916748047
266.50738525390625,211.6040496826172,191.09707641601562
266.50738525390625,211.6040496826172,191.09706115722656
266.50738525390625,211.6040496826172,191.0970458984375
266.50738525390625,211.6040496826172,191.09703063964844
266.50738525390625,211.6040496826172,191.09701538085938
266.50738525390625,211.6040496826172,191.0970001220703
266.50738525390625,211.6040496826172,191.09698486328125
266.50738525390625,211.6040496826172,191.0969696044922
266.50738525390625,211.6040496826172,191.09695434570312
266.50738525390625,211.6040496826172,191.09693908691406
266.50738525390625,211.6040496826172,191.096923828125
266.50738525390625,211.6040496826172,191.09690856933594
266.50738525390625,211.6040496826172,191.09689331054688
266.5073547363281,211.6040496826172,191.0968780517578
266.5073547363281,211.6040496826172,191.09686279296875
266.5073547363281,211.6040496826172,191.0968475341797
266.5073547363281,211.6040496826172,191.09683227539062
266.5073547363281,211.6040496826172,191.09681701660156
266.5073547363281,211.6040496826172,191.0968017578125
266.5073547363281,211.6040496826172,191.09678649902344
266.5073547363281,211.6040496826172,191.09677124023438
266.5073547363281,211.6040496826172,191.0967559814453
266.5073547363281,211.6040496826172,191.09674072265625
266.5073547363281,211.6040496826172,191.0967254638672
266.5073547363281,211.6040496826172,191.09671020507812
266.5073547363281,211.6040496826172,191.09669494628906
266.5073547363281,211.6040496826172,191.0966796875
266.5073547363281,211.6040496826172,191.09666442871094
266.5073547363281,211.6040496826172,191.09664916992188
266.5073547363281,211.6040496826172,191.0966339111328
266.5073547363281,211.6040496826172,191.09661865234375
266.5073547363281,211.6040496826172,191.0966033935547
266.5073547363281,211.6040496826172,191.09658813476562
266.5073547363281,211.6040496826172,191.09657287597656
266.5073547363281,211.6040496826172,191.0965576171875
266.5073547363281,211.6040496826172,191.09654235839844
266.5073547363281,211.6040496826172,191.09652709960938
266.5073547363281,211.6040496826172,191.0965118408203
266.5073547363281,211.6040496826172,191.09649658203125
266.5073547363281,211.6040496826172,191.0964813232422
266.5073547363281,211.6040496826172,191.09646606445312
266.5073547363281,211.6040496826172,191.09645080566406
266.5073547363281,211.6040496826172,191.096435546875
266.5073547363281,211.6040496826172,191.09642028808594
266.5073547363281,211.6040496826172,191.09640502929688
266.5073547363281,211.6040496826172,191.0963897705078
266.5073547363281,211.6040496826172,191.09637451171875
266.50732421875,211.6040496826172,191.0963592529297
266.50732421875,211.6040496826172,191.09634399414062
266.50732421875,211.6040496826172,191.09632873535156
266.50732421875,211.6040496826172,191.0963134765625
266.50732421875,211.6040496826172,191.09629821777344
266.50732421875,211.6040496826172,191.09628295898438
266.50732421875,211.6040496826172,191.0962677001953
266.50732421875,211.6040496826172,191.09625244140625
266.50732421875,211.6040496826172,191.0962371826172
266.50732421875,211.6040496826172,191.09622192382812
266.50732421875,211.6040496826172,191.09620666503906
266.50732421875,211.6040496826172,191.09619140625
266.50732421875,211.6040496826172,191.09617614746094
266.50732421875,211.6040496826172,191.09616088867188
266.50732421875,211.6040496826172,191.0961456298828
266.50732421875,211.6040496826172,191.09613037109375
266.50732421875,211.6040496826172,191.0961151123047
266.50732421875,211.6040496826172,191.09609985351562
266.50732421875,211.6040496826172,191.09608459472656
266.50732421875,211.6040496826172,191.09608459472656
266.50732421875,211.6040496826172,191.0960693359375
266.50732421875,211.6040496826172,191.09605407714844
266.50732421875,211.6040496826172,191.09603881835938
266.50732421875,211.6040496826172,191.0960235595703
266.50732421875,211.6040496826172,191.0959930419922
266.50732421875,211.6040496826172,191.09597778320312
266.50732421875,211.6040496826172,191.09596252441406
266.50732421875,211.6040496826172,191.095947265625
266.50732421875,211.6040496826172,191.09593200683594
266.50732421875,211.6040496826172,191.09593200683594
266.50732421875,211.6040496826172,191.09591674804688
266.50732421875,211.6040496826172,191.0959014892578
266.50732421875,211.6040496826172,191.09588623046875
266.50732421875,211.6040496826172,191.0958709716797
266.5072937011719,211.6040496826172,191.09585571289062
266.5072937011719,211.6040496826172,191.09584045410156
266.5072937011719,211.6040496826172,191.0958251953125
266.5072937011719,211.6040496826172,191.09580993652344
266.5072937011719,211.6040496826172,191.09579467773438
266.5072937011719,211.6040496826172,191.0957794189453
266.5072937011719,211.6040496826172,191.09576416015625
266.5072937011719,211.6040496826172,191.0957489013672
266.5072937011719,211.6040496826172,191.09573364257812
266.5072937011719,211.6040496826172,191.09571838378906
266.5072937011719,211.6040496826172,191.095703125
266.5072937011719,211.6040496826172,191.09568786621094
266.5072937011719,211.6040496826172,191.09567260742188
266.5072937011719,211.6040496826172,191.0956573486328
266.5072937011719,211.6040496826172,191.09564208984375
266.5072937011719,211.6040496826172,191.0956268310547
266.5072937011719,211.6040496826172,191.09561157226562
266.5072937011719,211.6040496826172,191.09561157226562
266.5072937011719,211.6040496826172,191.09559631347656
266.5072937011719,211.6040496826172,191.0955810546875
266.5072937011719,211.6040496826172,191.09556579589844
266.5072937011719,211.6040496826172,191.09555053710938
266.5072937011719,211.6040496826172,191.0955352783203
266.5072937011719,211.6040496826172,191.09552001953125
266.5072937011719,211.6040496826172,191.0955047607422
266.5072937011719,211.6040496826172,191.09548950195312
266.5072937011719,211.6040496826172,191.09547424316406
266.5072937011719,211.6040496826172,191.095458984375
266.5072937011719,211.6040496826172,191.09544372558594
266.5072937011719,211.6040496826172,191.09542846679688
266.5072937011719,211.6040496826172,191.0954132080078
266.5072937011719,211.6040496826172,191.09539794921875
266.5072937011719,211.6040496826172,191.0953826904297
266.5072937011719,211.6040496826172,191.0953826904297
266.5072937011719,211.6040496826172,191.09536743164062
266.50726318359375,211.6040496826172,191.09535217285156
266.50726318359375,211.6040496826172,191.0953369140625
266.50726318359375,211.6040496826172,191.09532165527344
266.50726318359375,211.6040496826172,191.09530639648438
266.50726318359375,211.6040496826172,191.0952911376953
266.50726318359375,211.6040496826172,191.09527587890625
266.50726318359375,211.6040496826172,191.0952606201172
266.50726318359375,211.6040496826172,191.09524536132812
266.50726318359375,211.6040496826172,191.09523010253906
266.50726318359375,211.6040496826172,191.09521484375
266.50726318359375,211.6040496826172,191.09519958496094
266.50726318359375,211.6040496826172,191.09518432617188
266.50726318359375,211.6040496826172,191.0951690673828
266.50726318359375,211.6040496826172,191.09515380859375
266.50726318359375,211.6040496826172,191.0951385498047
266.50726318359375,211.6040496826172,191.09512329101562
266.50726318359375,211.6040496826172,191.09510803222656
266.50726318359375,211.6040496826172,191.09510803222656
266.50726318359375,211.6040496826172,191.0950927734375
266.50726318359375,211.6040496826172,191.09507751464844
266.50726318359375,211.6040496826172,191.09506225585938
266.50726318359375,211.6040496826172,191.0950469970703
266.50726318359375,211.6040496826172,191.09503173828125
266.50726318359375,211.6040496826172,191.0950164794922
266.50726318359375,211.6040496826172,191.09500122070312
266.50726318359375,211.6040496826172,191.09498596191406
266.50726318359375,211.6040496826172,191.094970703125
266.50726318359375,211.6040496826172,191.09495544433594
266.50726318359375,211.6040496826172,191.09494018554688
266.50726318359375,211.6040496826172,191.0949249267578
266.50726318359375,211.6040496826172,191.0949249267578
266.50726318359375,211.6040496826172,191.09490966796875
266.50726318359375,211.6040496826172,191.0948944091797
266.5072326660156,211.6040496826172,191.09487915039062
266.5072326660156,211.6040496826172,191.09486389160156
266.5072326660156,211.6040496826172,191.0948486328125
266.5072326660156,211.6040496826172,191.09483337402344
266.5072326660156,211.6040496826172,191.09483337402344
266.5072326660156,211.6040496826172,191.09481811523438
266.5072326660156,211.6040496826172,191.0948028564453
266.5072326660156,211.6040496826172,191.09478759765625
266.5072326660156,211.6040496826172,191.0947723388672
266.5072326660156,211.6040496826172,191.09475708007812
266.5072326660156,211.6040496826172,191.09474182128906
266.5072326660156,211.6040496826172,191.0947265625
266.5072326660156,211.6040496826172,191.09471130371094
266.5072326660156,211.6040496826172,191.09469604492188
266.5072326660156,211.6040496826172,191.0946807861328
266.5072326660156,211.6040496826172,191.09466552734375
266.5072326660156,211.6040496826172,191.0946502685547
266.5072326660156,211.6040496826172,191.0946502685547
266.5072326660156,211.6040496826172,191.09463500976562
266.5072326660156,211.6040496826172,191.09461975097656
266.5072326660156,211.6040496826172,191.0946044921875
266.5072326660156,211.6040496826172,191.09458923339844
266.5072326660156,211.6040496826172,191.09457397460938
266.5072326660156,211.6040496826172,191.0945587158203
266.5072326660156,211.6040496826172,191.09454345703125
266.5072326660156,211.6040496826172,191.0945281982422
266.5072326660156,211.6040496826172,191.09451293945312
266.5072326660156,211.6040496826172,191.09449768066406
266.5072326660156,211.6040496826172,191.094482421875
266.5072326660156,211.6040496826172,191.094482421875
266.5072326660156,211.6040496826172,191.09446716308594
266.5072326660156,211.6040496826172,191.09445190429688
266.5072326660156,211.6040496826172,191.0944366455078
266.5072326660156,211.6040496826172,191.09442138671875
266.5072021484375,211.6040496826172,191.0944061279297
266.5072021484375,211.6040496826172,191.09439086914062
266.5072021484375,211.6040496826172,191.09437561035156
266.5072021484375,211.6040496826172,191.0943603515625
266.5072021484375,211.6040496826172,191.0943603515625
266.5072021484375,211.6040496826172,191.09434509277344
266.5072021484375,211.6040496826172,191.09432983398438
266.5072021484375,211.6040496826172,191.0943145751953
266.5072021484375,211.6040496826172,191.09429931640625
266.5072021484375,211.6040496826172,191.0942840576172
266.5072021484375,211.6040496826172,191.09426879882812
266.5072021484375,211.6040496826172,191.09426879882812
266.5072021484375,211.6040496826172,191.09425354003906
266.5072021484375,211.6040496826172,191.09423828125
266.5072021484375,211.6040496826172,191.09422302246094
266.5072021484375,211.6040496826172,191.09420776367188
266.5072021484375,211.6040496826172,191.0941925048828
266.5072021484375,211.6040496826172,191.09417724609375
266.5072021484375,211.6040496826172,191.09417724609375
266.5072021484375,211.6040496826172,191.0941619873047
266.5072021484375,211.6040496826172,191.09414672851562
266.5072021484375,211.6040496826172,191.09413146972656
266.5072021484375,211.6040496826172,191.0941162109375
266.5072021484375,211.6040496826172,191.09410095214844
266.5072021484375,211.6040496826172,191.09408569335938
266.5072021484375,211.6040496826172,191.0940704345703
266.5072021484375,211.6040496826172,191.0940704345703
266.5072021484375,211.6040496826172,191.09405517578125
266.5072021484375,211.6040496826172,191.0940399169922
266.5072021484375,211.6040496826172,191.09402465820312
266.5072021484375,211.6040496826172,191.09400939941406
266.5072021484375,211.6040496826172,191.093994140625
266.5072021484375,211.6040496826172,191.09397888183594
266.5072021484375,211.6040496826172,191.09397888183594
266.5071716308594,211.6040496826172,191.09396362304688
266.5071716308594,211.6040496826172,191.0939483642578
266.5071716308594,211.6040496826172,191.09393310546875
266.5071716308594,211.6040496826172,191.0939178466797
266.5071716308594,211.6040496826172,191.09390258789062
266.5071716308594,211.6040496826172,191.09388732910156
266.5071716308594,211.6040496826172,191.09388732910156
266.5071716308594,211.6040496826172,191.0938720703125
266.5071716308594,211.6040496826172,191.09385681152344
266.5071716308594,211.6040496826172,191.09384155273438
266.5071716308594,211.6040496826172,191.0938262939453
266.5071716308594,211.6040496826172,191.09381103515625
266.5071716308594,211.6040496826172,191.0937957763672
266.5071716308594,211.6040496826172,191.09378051757812
266.5071716308594,211.6040496826172,191.09378051757812
266.5071716308594,211.6040496826172,191.09376525878906
266.5071716308594,211.6040496826172,191.09375
266.5071716308594,211.6040496826172,191.09373474121094
266.5071716308594,211.6040496826172,191.09371948242188
266.5071716308594,211.6040496826172,191.0937042236328
266.5071716308594,211.6040496826172,191.09368896484375
266.5071716308594,211.6040496826172,191.09368896484375
266.5071716308594,211.6040496826172,191.0936737060547
266.5071716308594,211.6040496826172,191.09365844726562
266.5071716308594,211.6040496826172,191.09364318847656
266.5071716308594,211.6040496826172,191.0936279296875
266.5071716308594,211.6040496826172,191.0936279296875
266.5071716308594,211.6040496826172,191.09361267089844
266.5071716308594,211.6040496826172,191.09359741210938
266.5071716308594,211.6040496826172,191.0935821533203
266.5071716308594,211.6040496826172,191.09356689453125
266.5071716308594,211.6040496826172,191.0935516357422
266.5071716308594,211.6040496826172,191.0935516357422
266.5071716308594,211.6040496826172,191.09353637695312
266.50714111328125,211.6040496826172,191.09352111816406
266.50714111328125,211.6040496826172,191.093505859375
266.50714111328125,211.6040496826172,191.09349060058594
266.50714111328125,211.6040496826172,191.09347534179688
266.50714111328125,211.6040496826172,191.0934600830078
266.50714111328125,211.6040496826172,191.09344482421875
266.50714111328125,211.6040496826172,191.09344482421875
266.50714111328125,211.6040496826172,191.0934295654297
266.50714111328125,211.6040496826172,191.09341430664062
266.50714111328125,211.6040496826172,191.09339904785156
266.50714111328125,211.6040496826172,191.0933837890625
266.50714111328125,211.6040496826172,191.09336853027344
266.50714111328125,211.6040496826172,191.09336853027344
266.50714111328125,211.6040496826172,191.09335327148438
266.50714111328125,211.6040496826172,191.0933380126953
266.50714111328125,211.6040496826172,191.09332275390625
266.50714111328125,211.6040496826172,191.0933074951172
266.50714111328125,211.6040496826172,191.0933074951172
266.50714111328125,211.6040496826172,191.09329223632812
266.50714111328125,211.6040496826172,191.09327697753906
266.50714111328125,211.6040496826172,191.09326171875
266.50714111328125,211.6040496826172,191.09324645996094
266.50714111328125,211.6040496826172,191.09324645996094
266.50714111328125,211.6040496826172,191.09323120117188
266.50714111328125,211.6040496826172,191.0932159423828
266.50714111328125,211.6040496826172,191.09320068359375
266.50714111328125,211.6040496826172,191.0931854248047
266.50714111328125,211.6040496826172,191.0931854248047
266.50714111328125,211.6040496826172,191.09317016601562
266.50714111328125,211.6040496826172,191.09315490722656
266.50714111328125,211.6040496826172,191.0931396484375
266.50714111328125,211.6040496826172,191.09312438964844
266.50714111328125,211.6040496826172,191.09310913085938
266.5071105957031,211.6040496826172,191.0930938720703
266.5071105957031,211.6040496826172,191.0930938720703
266.5071105957031,211.6040496826172,191.09307861328125
266.5071105957031,211.6040496826172,191.0930633544922
266.5071105957031,211.6040496826172,191.09304809570312
266.5071105957031,211.6040496826172,191.09303283691406
266.5071105957031,211.6040496826172,191.09303283691406
266.5071105957031,211.6040496826172,191.093017578125
266.5071105957031,211.6040496826172,191.09300231933594
266.5071105957031,211.6040496826172,191.09298706054688
266.5071105957031,211.6040496826172,191.09298706054688
266.5071105957031,211.6040496826172,191.0929718017578
266.5071105957031,211.6040496826172,191.09295654296875
266.5071105957031,211.6040496826172,191.0929412841797
266.5071105957031,211.6040496826172,191.09292602539062
266.5071105957031,211.6040496826172,191.09291076660156
266.5071105957031,211.6040496826172,191.0928955078125
266.5071105957031,211.6040496826172,191.0928955078125
266.5071105957031,211.6040496826172,191.09288024902344
266.5071105957031,211.6040496826172,191.09286499023438
266.5071105957031,211.6040496826172,191.0928497314453
266.5071105957031,211.6040496826172,191.0928497314453
266.5071105957031,211.6040496826172,191.09283447265625
266.5071105957031,211.6040496826172,191.0928192138672
266.5071105957031,211.6040496826172,191.09280395507812
266.5071105957031,211.6040496826172,191.09278869628906
266.5071105957031,211.6040496826172,191.09278869628906
266.5071105957031,211.6040496826172,191.0927734375
266.5071105957031,211.6040496826172,191.09275817871094
266.5071105957031,211.6040496826172,191.09274291992188
266.5071105957031,211.6040496826172,191.0927276611328
266.5071105957031,211.6040496826172,191.09271240234375
266.5071105957031,211.6040496826172,191.09271240234375
266.5071105957031,211.6040496826172,191.0926971435547
266.507080078125,211.6040496826172,191.09268188476562
266.507080078125,211.6040496826172,191.09266662597656
266.507080078125,211.6040496826172,191.09266662597656
266.507080078125,211.6040496826172,191.0926513671875
266.507080078125,211.6040496826172,191.09263610839844
266.507080078125,211.6040496826172,191.09262084960938
266.507080078125,211.6040496826172,191.09262084960938
266.507080078125,211.6040496826172,191.0926055908203
266.507080078125,211.6040496826172,191.09259033203125
266.507080078125,211.6040496826172,191.0925750732422
266.507080078125,211.6040496826172,191.09255981445312
266.507080078125,211.6040496826172,191.09254455566406
266.507080078125,211.6040496826172,191.09254455566406
266.507080078125,211.6040496826172,191.092529296875
266.507080078125,211.6040496826172,191.09251403808594
266.507080078125,211.6040496826172,191.09251403808594
266.507080078125,211.6040496826172,191.09249877929688
266.507080078125,211.6040496826172,191.0924835205078
266.507080078125,211.6040496826172,191.09246826171875
266.507080078125,211.6040496826172,191.0924530029297
266.507080078125,211.6040496826172,191.0924530029297
266.507080078125,211.6040496826172,191.09243774414062
266.507080078125,211.6040496826172,191.09242248535156
266.507080078125,211.6040496826172,191.0924072265625
266.507080078125,211.6040496826172,191.09239196777344
266.507080078125,211.6040496826172,191.09239196777344
266.507080078125,211.6040496826172,191.09237670898438
266.507080078125,211.6040496826172,191.0923614501953
266.507080078125,211.6040496826172,191.09234619140625
266.507080078125,211.6040496826172,191.0923309326172
266.507080078125,211.6040496826172,191.0923309326172
266.507080078125,211.6040496826172,191.09231567382812
266.507080078125,211.6040496826172,191.09230041503906
266.5070495605469,211.6040496826172,191.09228515625
266.5070495605469,211.6040496826172,191.09228515625
266.5070495605469,211.6040496826172,191.09226989746094
266.5070495605469,211.6040496826172,191.09225463867188
266.5070495605469,211.6040496826172,191.09225463867188
266.5070495605469,211.6040496826172,191.0922393798828
266.5070495605469,211.6040496826172,191.09222412109375
266.5070495605469,211.6040496826172,191.0922088623047
266.5070495605469,211.6040496826172,191.09219360351562
266.5070495605469,211.6040496826172,191.09217834472656
266.5070495605469,211.6040496826172,191.09217834472656
266.5070495605469,211.6040496826172,191.0921630859375
266.5070495605469,211.6040496826172,191.09214782714844
266.5070495605469,211.6040496826172,191.09214782714844
266.5070495605469,211.6040496826172,191.09213256835938
266.5070495605469,211.6040496826172,191.0921173095703
266.5070495605469,211.6040496826172,191.09210205078125
266.5070495605469,211.6040496826172,191.0920867919922
266.5070495605469,211.6040496826172,191.0920867919922
266.5070495605469,211.6040496826172,191.09207153320312
266.5070495605469,211.6040496826172,191.09205627441406
266.5070495605469,211.6040496826172,191.09205627441406
266.5070495605469,211.6040496826172,191.092041015625
266.5070495605469,211.6040496826172,191.09202575683594
266.5070495605469,211.6040496826172,191.09201049804688
266.5070495605469,211.6040496826172,191.0919952392578
266.5070495605469,211.6040496826172,191.09197998046875
266.5070495605469,211.6040496826172,191.09197998046875
266.5070495605469,211.6040496826172,191.0919647216797
266.5070495605469,211.6040496826172,191.09194946289062
266.5070495605469,211.6040496826172,191.09194946289062
266.5070495605469,211.6040496826172,191.09193420410156
266.5070495605469,211.6040496826172,191.0919189453125
266.50701904296875,211.6040496826172,191.09190368652344
266.50701904296875,211.6040496826172,191.09190368652344
266.50701904296875,211.6040496826172,191.09188842773438
266.50701904296875,211.6040496826172,191.0918731689453
266.50701904296875,211.6040496826172,191.09185791015625
266.50701904296875,211.6040496826172,191.09185791015625
266.50701904296875,211.6040496826172,191.0918426513672
266.50701904296875,211.6040496826172,191.09182739257812
266.50701904296875,211.6040496826172,191.09181213378906
266.50701904296875,211.6040496826172,191.091796875
266.50701904296875,211.6040496826172,191.091796875
266.50701904296875,211.6040496826172,191.09178161621094
266.50701904296875,211.6040496826172,191.09176635742188
266.50701904296875,211.6040496826172,191.09176635742188
266.50701904296875,211.6040496826172,191.0917510986328
266.50701904296875,211.6040496826172,191.09173583984375
266.50701904296875,211.6040496826172,191.0917205810547
266.50701904296875,211.6040496826172,191.0917205810547
266.50701904296875,211.6040496826172,191.09170532226562
266.50701904296875,211.6040496826172,191.09169006347656
266.50701904296875,211.6040496826172,191.09169006347656
266.50701904296875,211.6040496826172,191.0916748046875
266.50701904296875,211.6040496826172,191.09165954589844
266.50701904296875,211.6040496826172,191.09164428710938
266.50701904296875,211.6040496826172,191.0916290283203
266.50701904296875,211.6040496826172,191.0916290283203
266.50701904296875,211.6040496826172,191.09161376953125
266.50701904296875,211.6040496826172,191.0915985107422
266.50701904296875,211.6040496826172,191.0915985107422
266.50701904296875,211.6040496826172,191.09158325195312
266.50701904296875,211.6040496826172,191.09156799316406
266.50701904296875,211.6040496826172,191.091552734375
266.50701904296875,211.6040496826172,191.091552734375
266.5069885253906,211.6040496826172,191.09153747558594
266.5069885253906,211.6040496826172,191.09152221679688
266.5069885253906,211.6040496826172,191.09152221679688
266.5069885253906,211.6040496826172,191.0915069580078
266.5069885253906,211.6040496826172,191.09149169921875
266.5069885253906,211.6040496826172,191.0914764404297
266.5069885253906,211.6040496826172,191.09146118164062
266.5069885253906,211.6040496826172,191.09146118164062
266.5069885253906,211.6040496826172,191.09144592285156
266.5069885253906,211.6040496826172,191.09144592285156
266.5069885253906,211.6040496826172,191.0914306640625
266.5069885253906,211.6040496826172,191.09141540527344
266.5069885253906,211.6040496826172,191.09140014648438
266.5069885253906,211.6040496826172,191.0913848876953
266.5069885253906,211.6040496826172,191.0913848876953
266.5069885253906,211.6040496826172,191.09136962890625
266.5069885253906,211.6040496826172,191.0913543701172
266.5069885253906,211.6040496826172,191.09133911132812
266.5069885253906,211.6040496826172,191.09133911132812
266.5069885253906,211.6040496826172,191.09132385253906
266.5069885253906,211.6040496826172,191.09130859375
266.5069885253906,211.6040496826172,191.09130859375
266.5069885253906,211.6040496826172,191.09129333496094
266.5069885253906,211.6040496826172,191.09127807617188
266.5069885253906,211.6040496826172,191.0912628173828
266.5069885253906,211.6040496826172,191.0912628173828
266.5069885253906,211.6040496826172,191.09124755859375
266.5069885253906,211.6040496826172,191.0912322998047
266.5069885253906,211.6040496826172,191.0912322998047
266.5069885253906,211.6040496826172,191.09121704101562
266.5069885253906,211.6040496826172,191.09120178222656
266.5069885253906,211.6040496826172,191.0911865234375
266.5069885253906,211.6040496826172,191.0911865234375
266.5069580078125,211.6040496826172,191.09117126464844
266.5069580078125,211.6040496826172,191.09115600585938
266.5069580078125,211.6040496826172,191.09115600585938
266.5069580078125,211.6040496826172,191.0911407470703
266.5069580078125,211.6040496826172,191.09112548828125
266.5069580078125,211.6040496826172,191.09112548828125
266.5069580078125,211.6040496826172,191.0911102294922
266.5069580078125,211.6040496826172,191.09109497070312
266.5069580078125,211.6040496826172,191.09107971191406
266.5069580078125,211.6040496826172,191.09107971191406
266.5069580078125,211.6040496826172,191.091064453125
266.5069580078125,211.6040496826172,191.09104919433594
266.5069580078125,211.6040496826172,191.09104919433594
266.5069580078125,211.6040496826172,191.09103393554688
266.5069580078125,211.6040496826172,191.0910186767578
266.5069580078125,211.6040496826172,191.0910186767578
266.5069580078125,211.6040496826172,191.09100341796875
266.5069580078125,211.6040496826172,191.0909881591797
266.5069580078125,211.6040496826172,191.0909881591797
266.5069580078125,211.6040496826172,191.09097290039062
266.5069580078125,211.6040496826172,191.09095764160156
266.5069580078125,211.6040496826172,191.0909423828125
266.5069580078125,211.6040496826172,191.0909423828125
266.5069580078125,211.6040496826172,191.09092712402344
266.5069580078125,211.6040496826172,191.09091186523438
266.5069580078125,211.6040496826172,191.09091186523438
266.5069580078125,211.6040496826172,191.0908966064453
266.5069580078125,211.6040496826172,191.09088134765625
266.5069580078125,211.6040496826172,191.09088134765625
266.5069580078125,211.6040496826172,191.0908660888672
266.5069580078125,211.6040496826172,191.09085083007812
266.5069580078125,211.6040496826172,191.09083557128906
266.5069580078125,211.6040496826172,191.09083557128906
266.5069580078125,211.6040496826172,191.0908203125
266.5069274902344,211.6040496826172,191.09080505371094
266.5069274902344,211.6040496826172,191.09080505371094
266.5069274902344,211.6040496826172,191.09078979492188
266.5069274902344,211.6040496826172,191.0907745361328
266.5069274902344,211.6040496826172,191.0907745361328
266.5069274902344,211.6040496826172,191.09075927734375
266.5069274902344,211.6040496826172,191.0907440185547
266.5069274902344,211.6040496826172,191.0907440185547
266.5069274902344,211.6040496826172,191.09072875976562
266.5069274902344,211.6040496826172,191.09071350097656
266.5069274902344,211.6040496826172,191.0906982421875
266.5069274902344,211.6040496826172,191.0906982421875
266.5069274902344,211.6040496826172,191.09068298339844
